country,label,group,rank,term,z,count,posts
مقاومت عراق / حشد شعبی,Iraqi militias,state,1,الشعبی,3.2,75,260
مقاومت عراق / حشد شعبی,Iraqi militias,state,2,حشد,3.0,76,260
مقاومت عراق / حشد شعبی,Iraqi militias,state,3,جهان,2.7,39,260
مقاومت عراق / حشد شعبی,Iraqi militias,state,4,شهر,2.2,25,260
مقاومت عراق / حشد شعبی,Iraqi militias,state,5,تجمع,2.2,30,260
مقاومت عراق / حشد شعبی,Iraqi militias,irgc_affiliated,1,حشد شعبی,3.0,104,247
مقاومت عراق / حشد شعبی,Iraqi militias,irgc_affiliated,2,ساعت,2.1,38,247
امارات,UAE,state,1,تومان,9.6,139,1200
امارات,UAE,state,2,هزار,6.9,202,1200
امارات,UAE,state,3,سکه,5.8,50,1200
امارات,UAE,state,4,متن,5.0,47,1200
امارات,UAE,state,5,جمهوری اسلامی ایران,5.0,159,1200
امارات,UAE,state,6,وزیر,4.9,108,1200
امارات,UAE,state,7,نرخ,4.6,49,1200
امارات,UAE,state,8,طلا,4.5,35,1200
امارات,UAE,state,9,تجاوز,4.2,130,1200
امارات,UAE,state,10,خانه,4.2,38,1200
امارات,UAE,state,11,حواله,4.2,39,1200
امارات,UAE,state,12,مشترک,4.2,70,1200
امارات,UAE,state,13,عراقچی,4.2,71,1200
امارات,UAE,state,14,قیمت,4.1,92,1200
امارات,UAE,state,15,رایزنی,4.1,33,1200
امارات,UAE,irgc_affiliated,1,امارات,7.9,1842,1081
امارات,UAE,irgc_affiliated,2,تفسیر جنگ,6.2,49,1081
امارات,UAE,irgc_affiliated,3,درصد,5.7,118,1081
امارات,UAE,irgc_affiliated,4,گروه,5.7,71,1081
امارات,UAE,irgc_affiliated,5,بندر فجیره,5.1,64,1081
امارات,UAE,irgc_affiliated,6,ورزشگاه,4.9,33,1081
امارات,UAE,irgc_affiliated,7,زیرساخت‌های,4.5,101,1081
امارات,UAE,irgc_affiliated,8,فجیره,4.2,77,1081
امارات,UAE,irgc_affiliated,9,تصاویر,3.9,38,1081
امارات,UAE,irgc_affiliated,10,پدافندی,3.8,36,1081
امارات,UAE,irgc_affiliated,11,عناصر,3.8,34,1081
امارات,UAE,irgc_affiliated,12,تولید,3.8,112,1081
امارات,UAE,irgc_affiliated,13,برق,3.7,45,1081
امارات,UAE,irgc_affiliated,14,ساعت,3.6,55,1081
امارات,UAE,irgc_affiliated,15,انفجارهای,3.5,23,1081
امارات,UAE,reformist,1,جنگ,7.1,371,615
امارات,UAE,reformist,2,ایران,6.5,1031,615
امارات,UAE,reformist,3,ایالات متحده,5.2,86,615
امارات,UAE,reformist,4,ترامپ,5.2,178,615
امارات,UAE,reformist,5,دسترسی,4.8,25,615
امارات,UAE,reformist,6,توافق,4.7,83,615
امارات,UAE,reformist,7,دلار,4.6,87,615
امارات,UAE,reformist,8,صرفا,4.2,29,615
امارات,UAE,reformist,9,خاورمیانه,4.1,70,615
امارات,UAE,reformist,10,فشار,4.0,47,615
امارات,UAE,reformist,11,اندیشکده,4.0,17,615
امارات,UAE,reformist,12,عربستان سعودی,3.9,116,615
امارات,UAE,reformist,13,تهران,3.9,94,615
امارات,UAE,reformist,14,کار,3.9,50,615
امارات,UAE,reformist,15,مقام‌های,3.9,21,615
جمهوری آذربایجان,Rep. of Azerbaijan,state,1,سازمان هواشناسی,4.4,149,578
جمهوری آذربایجان,Rep. of Azerbaijan,state,2,شمال,3.1,351,578
جمهوری آذربایجان,Rep. of Azerbaijan,state,3,هشدار نارنجی,3.1,70,578
جمهوری آذربایجان,Rep. of Azerbaijan,state,4,شمالی,2.8,134,578
جمهوری آذربایجان,Rep. of Azerbaijan,state,5,رودخانه‌ها,2.7,41,578
جمهوری آذربایجان,Rep. of Azerbaijan,state,6,بارش برف,2.7,62,578
جمهوری آذربایجان,Rep. of Azerbaijan,state,7,هشدار,2.6,72,578
جمهوری آذربایجان,Rep. of Azerbaijan,state,8,تشدید,2.5,40,578
جمهوری آذربایجان,Rep. of Azerbaijan,state,9,آذربایجان غربی,2.5,247,578
جمهوری آذربایجان,Rep. of Azerbaijan,state,10,رئیس مجلس شورای اسلامی,2.4,26,578
جمهوری آذربایجان,Rep. of Azerbaijan,state,11,سامانه,2.3,36,578
جمهوری آذربایجان,Rep. of Azerbaijan,state,12,دانشگاه,2.3,30,578
جمهوری آذربایجان,Rep. of Azerbaijan,state,13,رعد,2.3,137,578
جمهوری آذربایجان,Rep. of Azerbaijan,state,14,کشور,2.2,507,578
جمهوری آذربایجان,Rep. of Azerbaijan,state,15,جوی,2.2,40,578
جمهوری آذربایجان,Rep. of Azerbaijan,irgc_affiliated,1,پهلوی,3.4,15,254
جمهوری آذربایجان,Rep. of Azerbaijan,irgc_affiliated,2,اسرائیل,3.4,46,254
جمهوری آذربایجان,Rep. of Azerbaijan,irgc_affiliated,3,زائران,3.2,15,254
جمهوری آذربایجان,Rep. of Azerbaijan,irgc_affiliated,4,کنوانسیون,3.0,27,254
جمهوری آذربایجان,Rep. of Azerbaijan,irgc_affiliated,5,خامنه‌ای,2.8,15,254
جمهوری آذربایجان,Rep. of Azerbaijan,irgc_affiliated,6,دستگیر,2.6,25,254
جمهوری آذربایجان,Rep. of Azerbaijan,irgc_affiliated,7,اطلاعاتی,2.5,24,254
جمهوری آذربایجان,Rep. of Azerbaijan,irgc_affiliated,8,دیدار,2.5,50,254
جمهوری آذربایجان,Rep. of Azerbaijan,irgc_affiliated,9,آمریکایی,2.4,29,254
جمهوری آذربایجان,Rep. of Azerbaijan,irgc_affiliated,10,شناسایی,2.4,36,254
جمهوری آذربایجان,Rep. of Azerbaijan,irgc_affiliated,11,تجهیزات,2.4,20,254
جمهوری آذربایجان,Rep. of Azerbaijan,irgc_affiliated,12,انقلاب,2.3,12,254
جمهوری آذربایجان,Rep. of Azerbaijan,irgc_affiliated,13,نفت,2.3,11,254
جمهوری آذربایجان,Rep. of Azerbaijan,irgc_affiliated,14,مزدوران,2.2,20,254
جمهوری آذربایجان,Rep. of Azerbaijan,irgc_affiliated,15,اصلی,2.2,19,254
جمهوری آذربایجان,Rep. of Azerbaijan,reformist,1,درصد,6.7,44,134
جمهوری آذربایجان,Rep. of Azerbaijan,reformist,2,نقطه,4.6,19,134
جمهوری آذربایجان,Rep. of Azerbaijan,reformist,3,سیاسی,3.8,21,134
جمهوری آذربایجان,Rep. of Azerbaijan,reformist,4,لاریجانی,3.2,13,134
جمهوری آذربایجان,Rep. of Azerbaijan,reformist,5,حمله,2.8,33,134
جمهوری آذربایجان,Rep. of Azerbaijan,reformist,6,کار,2.6,15,134
جمهوری آذربایجان,Rep. of Azerbaijan,reformist,7,اسرائیل,2.6,31,134
جمهوری آذربایجان,Rep. of Azerbaijan,reformist,8,نخجوان,2.5,18,134
جمهوری آذربایجان,Rep. of Azerbaijan,reformist,9,مسکونی,2.5,10,134
جمهوری آذربایجان,Rep. of Azerbaijan,reformist,10,سی‌ان‌ان,2.5,10,134
جمهوری آذربایجان,Rep. of Azerbaijan,reformist,11,سفارت,2.4,17,134
جمهوری آذربایجان,Rep. of Azerbaijan,reformist,12,ارمنستان,2.3,25,134
جمهوری آذربایجان,Rep. of Azerbaijan,reformist,13,ترافیک,2.3,17,134
جمهوری آذربایجان,Rep. of Azerbaijan,reformist,14,دریای خزر,2.3,34,134
جمهوری آذربایجان,Rep. of Azerbaijan,reformist,15,حملات,2.3,19,134
آذربایجان شرقی/غربی (Iranian provinces),,state,1,سازمان هواشناسی,3.8,94,495
آذربایجان شرقی/غربی (Iranian provinces),,state,2,مناطق,2.9,149,495
آذربایجان شرقی/غربی (Iranian provinces),,state,3,هشدار نارنجی,2.9,44,495
آذربایجان شرقی/غربی (Iranian provinces),,state,4,سامانه بارشی,2.7,29,495
آذربایجان شرقی/غربی (Iranian provinces),,state,5,رودخانه‌ها,2.6,33,495
آذربایجان شرقی/غربی (Iranian provinces),,state,6,دریاچه ارومیه,2.6,32,495
آذربایجان شرقی/غربی (Iranian provinces),,state,7,باران,2.4,52,495
آذربایجان شرقی/غربی (Iranian provinces),,state,8,احتمال,2.2,61,495
آذربایجان شرقی/غربی (Iranian provinces),,state,9,جاده,2.1,22,495
آذربایجان شرقی/غربی (Iranian provinces),,state,10,آبی,2.1,27,495
آذربایجان شرقی/غربی (Iranian provinces),,state,11,سیلاب,2.1,27,495
آذربایجان شرقی/غربی (Iranian provinces),,state,12,غربی,2.1,62,495
آذربایجان شرقی/غربی (Iranian provinces),,state,13,آب,2.0,45,495
آذربایجان شرقی/غربی (Iranian provinces),,state,14,تگرگ,2.0,38,495
آذربایجان شرقی/غربی (Iranian provinces),,irgc_affiliated,1,ایران,3.9,74,209
آذربایجان شرقی/غربی (Iranian provinces),,irgc_affiliated,2,میلیارد ریال,3.3,23,209
آذربایجان شرقی/غربی (Iranian provinces),,irgc_affiliated,3,دستگیر,3.0,46,209
آذربایجان شرقی/غربی (Iranian provinces),,irgc_affiliated,4,ارسال,2.8,32,209
آذربایجان شرقی/غربی (Iranian provinces),,irgc_affiliated,5,مرزهای,2.5,28,209
آذربایجان شرقی/غربی (Iranian provinces),,irgc_affiliated,6,آمریکایی,2.5,47,209
آذربایجان شرقی/غربی (Iranian provinces),,irgc_affiliated,7,اطلاعات,2.4,47,209
آذربایجان شرقی/غربی (Iranian provinces),,irgc_affiliated,8,صهیونی,2.3,41,209
آذربایجان شرقی/غربی (Iranian provinces),,irgc_affiliated,9,درصدی,2.3,17,209
آذربایجان شرقی/غربی (Iranian provinces),,irgc_affiliated,10,ورود,2.1,22,209
آذربایجان شرقی/غربی (Iranian provinces),,irgc_affiliated,11,خیابان,2.1,16,209
آذربایجان شرقی/غربی (Iranian provinces),,irgc_affiliated,12,کشف,2.1,41,209
آذربایجان شرقی/غربی (Iranian provinces),,irgc_affiliated,13,مزدوران,2.1,28,209
آذربایجان شرقی/غربی (Iranian provinces),,irgc_affiliated,14,تنگه هرمز,2.1,13,209
آذربایجان شرقی/غربی (Iranian provinces),,irgc_affiliated,15,بازداشت,2.0,30,209
اتحادیه اروپا,EU / Europe,state,1,اتحادیه اروپا,6.3,1208,1905
اتحادیه اروپا,EU / Europe,state,2,رژیم صهیونیستی,5.4,324,1905
اتحادیه اروپا,EU / Europe,state,3,بقائی,5.2,116,1905
اتحادیه اروپا,EU / Europe,state,4,ارمنستان,4.3,56,1905
اتحادیه اروپا,EU / Europe,state,5,بروکسل,4.2,83,1905
اتحادیه اروپا,EU / Europe,state,6,دیپلماسی,4.0,153,1905
اتحادیه اروپا,EU / Europe,state,7,جمهوری اسلامی ایران,3.9,194,1905
اتحادیه اروپا,EU / Europe,state,8,حقوق بین‌الملل,3.9,136,1905
اتحادیه اروپا,EU / Europe,state,9,گفت‌وگو,3.8,197,1905
اتحادیه اروپا,EU / Europe,state,10,انگلیس,3.6,139,1905
اتحادیه اروپا,EU / Europe,state,11,شبکه ایکس,3.6,36,1905
اتحادیه اروپا,EU / Europe,state,12,رئیس جمهوری آمریکا,3.5,37,1905
اتحادیه اروپا,EU / Europe,state,13,صلح,3.5,142,1905
اتحادیه اروپا,EU / Europe,state,14,خبری,3.5,79,1905
اتحادیه اروپا,EU / Europe,state,15,پیامی,3.5,49,1905
اتحادیه اروپا,EU / Europe,irgc_affiliated,1,پهلوی,7.7,47,727
اتحادیه اروپا,EU / Europe,irgc_affiliated,2,مؤسسه,6.6,35,727
اتحادیه اروپا,EU / Europe,irgc_affiliated,3,تجمع,5.9,30,727
اتحادیه اروپا,EU / Europe,irgc_affiliated,4,درصد,5.5,149,727
اتحادیه اروپا,EU / Europe,irgc_affiliated,5,رضا پهلوی,5.4,25,727
اتحادیه اروپا,EU / Europe,irgc_affiliated,6,صهیونی,4.8,22,727
اتحادیه اروپا,EU / Europe,irgc_affiliated,7,اینترنت,4.7,18,727
اتحادیه اروپا,EU / Europe,irgc_affiliated,8,باشگاه,4.4,21,727
اتحادیه اروپا,EU / Europe,irgc_affiliated,9,کیلومتر,4.4,20,727
اتحادیه اروپا,EU / Europe,irgc_affiliated,10,درصدی,4.3,38,727
اتحادیه اروپا,EU / Europe,irgc_affiliated,11,پاری‌سن‌ژرمن,4.1,24,727
اتحادیه اروپا,EU / Europe,irgc_affiliated,12,فوتبال,4.1,47,727
اتحادیه اروپا,EU / Europe,irgc_affiliated,13,سوئد,4.1,20,727
اتحادیه اروپا,EU / Europe,irgc_affiliated,14,لیگ قهرمانان,4.0,33,727
اتحادیه اروپا,EU / Europe,irgc_affiliated,15,زنجیره تامین,4.0,16,727
اتحادیه اروپا,EU / Europe,reformist,1,ایران,4.9,883,594
اتحادیه اروپا,EU / Europe,reformist,2,ایالات متحده,4.5,124,594
اتحادیه اروپا,EU / Europe,reformist,3,درگیری,3.6,52,594
اتحادیه اروپا,EU / Europe,reformist,4,سوریه,3.6,29,594
اتحادیه اروپا,EU / Europe,reformist,5,اصلی,3.5,66,594
اتحادیه اروپا,EU / Europe,reformist,6,گذاشت,3.5,16,594
اتحادیه اروپا,EU / Europe,reformist,7,منابع,3.4,41,594
اتحادیه اروپا,EU / Europe,reformist,8,نتیجه,3.4,46,594
اتحادیه اروپا,EU / Europe,reformist,9,تضمین,3.3,25,594
اتحادیه اروپا,EU / Europe,reformist,10,دوره,3.3,28,594
اتحادیه اروپا,EU / Europe,reformist,11,آینده,3.2,67,594
اتحادیه اروپا,EU / Europe,reformist,12,خلیج فارس,3.2,69,594
اتحادیه اروپا,EU / Europe,reformist,13,پوتین,3.2,25,594
اتحادیه اروپا,EU / Europe,reformist,14,گاز طبیعی مایع,3.1,18,594
اتحادیه اروپا,EU / Europe,reformist,15,دریای سرخ,3.1,17,594
فلسطین اشغالی (Israel),,state,1,رژیم صهیونیستی,4.4,363,676
فلسطین اشغالی (Israel),,state,2,سخنگوی وزارت امور خارجه,4.2,35,676
فلسطین اشغالی (Israel),,state,3,بقائی,3.9,28,676
فلسطین اشغالی (Israel),,state,4,نسل‌کشی,3.8,32,676
فلسطین اشغالی (Israel),,state,5,جنایات,3.5,43,676
فلسطین اشغالی (Israel),,state,6,محکوم,3.4,30,676
فلسطین اشغالی (Israel),,state,7,جهان,3.1,26,676
فلسطین اشغالی (Israel),,state,8,مصر,3.1,18,676
فلسطین اشغالی (Israel),,state,9,فلسطین,3.0,54,676
فلسطین اشغالی (Israel),,state,10,نیروهای,3.0,61,676
فلسطین اشغالی (Israel),,state,11,جامعه,2.9,18,676
فلسطین اشغالی (Israel),,state,12,مشترک,2.9,33,676
فلسطین اشغالی (Israel),,state,13,تجاوز,2.9,39,676
فلسطین اشغالی (Israel),,state,14,بین‌المللی,2.8,27,676
فلسطین اشغالی (Israel),,state,15,کشورهای,2.7,30,676
فلسطین اشغالی (Israel),,irgc_affiliated,1,شمال فلسطین اشغالی,6.1,573,946
فلسطین اشغالی (Israel),,irgc_affiliated,2,حزب‌الله,5.5,449,946
فلسطین اشغالی (Israel),,irgc_affiliated,3,برق,4.8,65,946
فلسطین اشغالی (Israel),,irgc_affiliated,4,فعال,4.2,277,946
فلسطین اشغالی (Israel),,irgc_affiliated,5,هشدارهای,4.0,59,946
فلسطین اشغالی (Israel),,irgc_affiliated,6,آژیر,3.9,210,946
فلسطین اشغالی (Israel),,irgc_affiliated,7,حمله پهپادی,3.7,75,946
فلسطین اشغالی (Israel),,irgc_affiliated,8,موشکباران,2.9,30,946
فلسطین اشغالی (Israel),,irgc_affiliated,9,ساکنین,2.9,19,946
فلسطین اشغالی (Israel),,irgc_affiliated,10,صدای,2.9,100,946
فلسطین اشغالی (Israel),,irgc_affiliated,11,شهرک,2.9,154,946
فلسطین اشغالی (Israel),,irgc_affiliated,12,الجلیل,2.8,114,946
فلسطین اشغالی (Israel),,irgc_affiliated,13,مرکز,2.8,151,946
فلسطین اشغالی (Israel),,irgc_affiliated,14,جبهه داخلی اسرائیل,2.7,32,946
فلسطین اشغالی (Israel),,irgc_affiliated,15,کریات شمونه,2.7,61,946
فلسطین اشغالی (Israel),,reformist,1,ایران,3.8,153,178
فلسطین اشغالی (Israel),,reformist,2,نقطه,3.1,18,178
فلسطین اشغالی (Israel),,reformist,3,جدیدی,2.9,13,178
فلسطین اشغالی (Israel),,reformist,4,سفر,2.7,20,178
فلسطین اشغالی (Israel),,reformist,5,اراضی اشغالی,2.7,29,178
فلسطین اشغالی (Israel),,reformist,6,آتش‌بس,2.6,17,178
فلسطین اشغالی (Israel),,reformist,7,سقوط,2.5,14,178
فلسطین اشغالی (Israel),,reformist,8,تاریخ,2.3,11,178
فلسطین اشغالی (Israel),,reformist,9,رهگیری,2.3,12,178
عربستان,Saudi Arabia,state,1,جهان,8.3,372,2019
عربستان,Saudi Arabia,state,2,وزیر,7.2,304,2019
عربستان,Saudi Arabia,state,3,تحولات,6.9,272,2019
عربستان,Saudi Arabia,state,4,رایزنی,6.8,120,2019
عربستان,Saudi Arabia,state,5,رژیم صهیونیستی,6.1,241,2019
عربستان,Saudi Arabia,state,6,منطقه,6.0,971,2019
عربستان,Saudi Arabia,state,7,مشترک,5.7,218,2019
عربستان,Saudi Arabia,state,8,عراق,5.5,479,2019
عربستان,Saudi Arabia,state,9,امور خارجه,5.3,87,2019
عربستان,Saudi Arabia,state,10,محکوم,5.1,94,2019
عربستان,Saudi Arabia,state,11,بررسی,4.8,164,2019
عربستان,Saudi Arabia,state,12,گفت‌وگو,4.8,265,2019
عربستان,Saudi Arabia,state,13,وزیران,4.7,56,2019
عربستان,Saudi Arabia,state,14,بقائی,4.5,54,2019
عربستان,Saudi Arabia,state,15,جمهوری اسلامی ایران,4.4,170,2019
عربستان,Saudi Arabia,irgc_affiliated,1,یمن,10.7,907,1443
عربستان,Saudi Arabia,irgc_affiliated,2,سعودی,10.4,622,1443
عربستان,Saudi Arabia,irgc_affiliated,3,مزدوران,8.3,126,1443
عربستان,Saudi Arabia,irgc_affiliated,4,صنعا,7.6,167,1443
عربستان,Saudi Arabia,irgc_affiliated,5,بندر,7.0,115,1443
عربستان,Saudi Arabia,irgc_affiliated,6,ینبع,6.4,85,1443
عربستان,Saudi Arabia,irgc_affiliated,7,یمنی,6.3,119,1443
عربستان,Saudi Arabia,irgc_affiliated,8,محاصره,6.2,219,1443
عربستان,Saudi Arabia,irgc_affiliated,9,دشمن,6.0,155,1443
عربستان,Saudi Arabia,irgc_affiliated,10,نیروهای مسلح,6.0,199,1443
عربستان,Saudi Arabia,irgc_affiliated,11,عربستان,6.0,1579,1443
عربستان,Saudi Arabia,irgc_affiliated,12,منابع,5.8,172,1443
عربستان,Saudi Arabia,irgc_affiliated,13,تاسیسات,5.4,192,1443
عربستان,Saudi Arabia,irgc_affiliated,14,میلیون بشکه,5.4,52,1443
عربستان,Saudi Arabia,irgc_affiliated,15,هدف قرار,5.3,237,1443
عربستان,Saudi Arabia,reformist,1,اسرائیل,8.6,305,811
عربستان,Saudi Arabia,reformist,2,ایران,7.7,956,811
عربستان,Saudi Arabia,reformist,3,ایالات متحده,7.3,110,811
عربستان,Saudi Arabia,reformist,4,خلیج فارس,6.4,149,811
عربستان,Saudi Arabia,reformist,5,حوثی‌ها,6.2,37,811
عربستان,Saudi Arabia,reformist,6,ابوظبی,6.1,55,811
عربستان,Saudi Arabia,reformist,7,جنگ,5.8,354,811
عربستان,Saudi Arabia,reformist,8,خاورمیانه,5.6,93,811
عربستان,Saudi Arabia,reformist,9,امارات,5.2,252,811
عربستان,Saudi Arabia,reformist,10,وابستگی,5.2,31,811
عربستان,Saudi Arabia,reformist,11,هسته‌ای,5.0,98,811
عربستان,Saudi Arabia,reformist,12,امارات متحده عربی,4.7,75,811
عربستان,Saudi Arabia,reformist,13,تهران,4.6,92,811
عربستان,Saudi Arabia,reformist,14,مدعی,4.6,79,811
عربستان,Saudi Arabia,reformist,15,علمی,4.6,21,811
"دریای عمان (sea, not the country)",,state,1,گفت‌وگو,2.6,25,248
"دریای عمان (sea, not the country)",,state,2,روشن,2.5,19,248
"دریای عمان (sea, not the country)",,state,3,محیط زیست,2.4,18,248
"دریای عمان (sea, not the country)",,state,4,بقائی,2.2,25,248
"دریای عمان (sea, not the country)",,state,5,موضوع,2.1,22,248
"دریای عمان (sea, not the country)",,irgc_affiliated,1,عبور,2.8,79,170
"دریای عمان (sea, not the country)",,irgc_affiliated,2,متعلق,2.0,14,170
انصارالله / حوثی‌ها,Houthis,state,1,انصارالله یمن,3.5,330,417
انصارالله / حوثی‌ها,Houthis,state,2,جنبش,3.0,93,417
انصارالله / حوثی‌ها,Houthis,state,3,دفتر سیاسی جنبش,2.9,73,417
انصارالله / حوثی‌ها,Houthis,state,4,روسیه,2.7,20,417
انصارالله / حوثی‌ها,Houthis,state,5,جهان,2.5,69,417
انصارالله / حوثی‌ها,Houthis,state,6,رژیم صهیونیستی,2.2,71,417
انصارالله / حوثی‌ها,Houthis,state,7,دولت,2.0,44,417
انصارالله / حوثی‌ها,Houthis,state,8,چین,2.0,20,417
انصارالله / حوثی‌ها,Houthis,state,9,نیروهای,2.0,82,417
انصارالله / حوثی‌ها,Houthis,irgc_affiliated,1,سعودی,2.9,71,303
انصارالله / حوثی‌ها,Houthis,irgc_affiliated,2,مزدوران,2.7,29,303
انصارالله / حوثی‌ها,Houthis,irgc_affiliated,3,باب‌المندب,2.6,36,303
انصارالله / حوثی‌ها,Houthis,irgc_affiliated,4,شکستن محاصره,2.5,15,303
انصارالله / حوثی‌ها,Houthis,irgc_affiliated,5,آمریکایی‌ها,2.5,17,303
انصارالله / حوثی‌ها,Houthis,irgc_affiliated,6,مقاومت,2.4,102,303
انصارالله / حوثی‌ها,Houthis,irgc_affiliated,7,انصارالله,2.3,217,303
انصارالله / حوثی‌ها,Houthis,irgc_affiliated,8,رهبر,2.1,135,303
انصارالله / حوثی‌ها,Houthis,irgc_affiliated,9,مردم,2.0,72,303
انصارالله / حوثی‌ها,Houthis,reformist,1,حوثی‌ها,5.5,61,131
انصارالله / حوثی‌ها,Houthis,reformist,2,ایران,4.6,253,131
انصارالله / حوثی‌ها,Houthis,reformist,3,دریایی,3.8,36,131
انصارالله / حوثی‌ها,Houthis,reformist,4,عبور,3.8,28,131
انصارالله / حوثی‌ها,Houthis,reformist,5,دریای سرخ,3.6,52,131
انصارالله / حوثی‌ها,Houthis,reformist,6,سال,3.5,22,131
انصارالله / حوثی‌ها,Houthis,reformist,7,کشتی‌ها,3.4,20,131
انصارالله / حوثی‌ها,Houthis,reformist,8,توافق,3.4,29,131
انصارالله / حوثی‌ها,Houthis,reformist,9,توافقی,3.3,15,131
انصارالله / حوثی‌ها,Houthis,reformist,10,کشتی‌های,3.1,14,131
انصارالله / حوثی‌ها,Houthis,reformist,11,تنگه هرمز,3.0,42,131
انصارالله / حوثی‌ها,Houthis,reformist,12,ائتلاف,2.9,23,131
انصارالله / حوثی‌ها,Houthis,reformist,13,خلیج فارس,2.7,15,131
انصارالله / حوثی‌ها,Houthis,reformist,14,تنگه باب‌المندب,2.7,21,131
انصارالله / حوثی‌ها,Houthis,reformist,15,گروه,2.5,12,131
افغانستان,Afghanistan,state,1,کابل,3.0,80,342
افغانستان,Afghanistan,state,2,مشترک,2.9,34,342
افغانستان,Afghanistan,state,3,توسعه,2.3,36,342
افغانستان,Afghanistan,state,4,دیدار,2.3,29,342
افغانستان,Afghanistan,state,5,رسانه‌های,2.3,20,342
افغانستان,Afghanistan,state,6,دوغارون,2.1,20,342
افغانستان,Afghanistan,state,7,مرزهای,2.1,24,342
افغانستان,Afghanistan,irgc_affiliated,1,بدرقه,2.8,15,153
افغانستان,Afghanistan,irgc_affiliated,2,شهید,2.1,22,153
افغانستان,Afghanistan,reformist,1,جنگ,3.9,145,141
افغانستان,Afghanistan,reformist,2,مردم,2.8,74,141
افغانستان,Afghanistan,reformist,3,ملی,2.2,24,141
افغانستان,Afghanistan,reformist,4,میلیون,2.2,25,141
انگلیس,United Kingdom,state,1,انگلیس,9.5,2327,1567
انگلیس,United Kingdom,state,2,لندن,5.8,415,1567
انگلیس,United Kingdom,state,3,رئیس جمهوری آمریکا,4.0,37,1567
انگلیس,United Kingdom,state,4,تجاوزکارانه,3.7,52,1567
انگلیس,United Kingdom,state,5,اسلامی,3.7,60,1567
انگلیس,United Kingdom,state,6,داونینگ‌استریت,3.7,29,1567
انگلیس,United Kingdom,state,7,جام جهانی,3.6,182,1567
انگلیس,United Kingdom,state,8,رژیم صهیونیستی,3.6,222,1567
انگلیس,United Kingdom,state,9,پیامدهای,3.6,86,1567
انگلیس,United Kingdom,state,10,جهان,3.5,206,1567
انگلیس,United Kingdom,state,11,اقتصادی,3.4,149,1567
انگلیس,United Kingdom,state,12,عوام,3.4,30,1567
انگلیس,United Kingdom,state,13,تازه,3.3,63,1567
انگلیس,United Kingdom,state,14,تل‌آویو,3.2,30,1567
انگلیس,United Kingdom,state,15,تبعات,3.2,32,1567
انگلیس,United Kingdom,irgc_affiliated,1,کشتی,9.8,224,793
انگلیس,United Kingdom,irgc_affiliated,2,حادثه,7.1,219,793
انگلیس,United Kingdom,irgc_affiliated,3,نفتکش,5.3,137,793
انگلیس,United Kingdom,irgc_affiliated,4,مایلی,5.2,64,793
انگلیس,United Kingdom,irgc_affiliated,5,دریایی,5.2,192,793
انگلیس,United Kingdom,irgc_affiliated,6,آب‌های,4.9,48,793
انگلیس,United Kingdom,irgc_affiliated,7,نزدیکی,4.8,101,793
انگلیس,United Kingdom,irgc_affiliated,8,یمن,4.6,80,793
انگلیس,United Kingdom,irgc_affiliated,9,استان,4.5,33,793
انگلیس,United Kingdom,irgc_affiliated,10,سوخت,4.4,43,793
انگلیس,United Kingdom,irgc_affiliated,11,ورزشگاه,4.3,20,793
انگلیس,United Kingdom,irgc_affiliated,12,نیروی دریایی,4.2,28,793
انگلیس,United Kingdom,irgc_affiliated,13,دقیقه,4.2,40,793
انگلیس,United Kingdom,irgc_affiliated,14,پرتابه,4.1,61,793
انگلیس,United Kingdom,irgc_affiliated,15,عمان,4.0,120,793
انگلیس,United Kingdom,reformist,1,بریتانیا,9.4,337,483
انگلیس,United Kingdom,reformist,2,مصدق,5.7,31,483
انگلیس,United Kingdom,reformist,3,ایران,5.5,687,483
انگلیس,United Kingdom,reformist,4,ترامپ,5.1,217,483
انگلیس,United Kingdom,reformist,5,افغانستان,4.9,24,483
انگلیس,United Kingdom,reformist,6,نفت,4.9,66,483
انگلیس,United Kingdom,reformist,7,پاکستان,4.9,43,483
انگلیس,United Kingdom,reformist,8,جمهوری اسلامی,4.6,21,483
انگلیس,United Kingdom,reformist,9,ایالات متحده,4.5,87,483
انگلیس,United Kingdom,reformist,10,جنگ,4.1,308,483
انگلیس,United Kingdom,reformist,11,آمریکا,3.6,399,483
انگلیس,United Kingdom,reformist,12,درگیری,3.6,43,483
انگلیس,United Kingdom,reformist,13,کمک,3.6,44,483
انگلیس,United Kingdom,reformist,14,گرینلند,3.2,15,483
انگلیس,United Kingdom,reformist,15,اسرائیل,3.0,136,483
حزب‌الله,Hezbollah,state,1,جهان,6.1,181,2517
حزب‌الله,Hezbollah,state,2,رسانه,5.7,94,2517
حزب‌الله,Hezbollah,state,3,حزب الله لبنان,4.9,459,2517
حزب‌الله,Hezbollah,state,4,دبیر,4.4,53,2517
حزب‌الله,Hezbollah,state,5,مقابله,4.3,178,2517
حزب‌الله,Hezbollah,state,6,رژیم صهیونیستی,4.0,1129,2517
حزب‌الله,Hezbollah,state,7,افزایش,4.0,120,2517
حزب‌الله,Hezbollah,state,8,نقض,3.9,182,2517
حزب‌الله,Hezbollah,state,9,بازتاب روزانه جنگ,3.9,27,2517
حزب‌الله,Hezbollah,state,10,متن,3.8,55,2517
حزب‌الله,Hezbollah,state,11,آمریکا,3.8,622,2517
حزب‌الله,Hezbollah,state,12,چین,3.7,25,2517
حزب‌الله,Hezbollah,state,13,تل‌آویو,3.6,164,2517
حزب‌الله,Hezbollah,state,14,نتانیاهو,3.6,236,2517
حزب‌الله,Hezbollah,state,15,عراقچی,3.5,47,2517
حزب‌الله,Hezbollah,irgc_affiliated,1,شهرک,11.0,557,2557
حزب‌الله,Hezbollah,irgc_affiliated,2,نظامیان,10.7,551,2557
حزب‌الله,Hezbollah,irgc_affiliated,3,حزب‌الله,8.3,3800,2557
حزب‌الله,Hezbollah,irgc_affiliated,4,شمال فلسطین اشغالی,7.9,294,2557
حزب‌الله,Hezbollah,irgc_affiliated,5,تجمع,7.9,331,2557
حزب‌الله,Hezbollah,irgc_affiliated,6,حمله موشکی,7.4,259,2557
حزب‌الله,Hezbollah,irgc_affiliated,7,ارتش,7.1,1061,2557
حزب‌الله,Hezbollah,irgc_affiliated,8,هدف قرار,6.9,729,2557
حزب‌الله,Hezbollah,irgc_affiliated,9,هدف,6.9,386,2557
حزب‌الله,Hezbollah,irgc_affiliated,10,صهیونیست,6.5,352,2557
حزب‌الله,Hezbollah,irgc_affiliated,11,حمله پهپادی,6.1,200,2557
حزب‌الله,Hezbollah,irgc_affiliated,12,پایگاه,6.0,257,2557
حزب‌الله,Hezbollah,irgc_affiliated,13,تفسیر جنگ,5.8,54,2557
حزب‌الله,Hezbollah,irgc_affiliated,14,موشکباران,5.4,77,2557
حزب‌الله,Hezbollah,irgc_affiliated,15,رزمندگان,5.4,369,2557
حزب‌الله,Hezbollah,reformist,1,ایران,11.8,707,848
حزب‌الله,Hezbollah,reformist,2,ترامپ,7.4,162,848
حزب‌الله,Hezbollah,reformist,3,جنگ,6.7,295,848
حزب‌الله,Hezbollah,reformist,4,ایالات متحده,6.5,48,848
حزب‌الله,Hezbollah,reformist,5,سوریه,5.8,75,848
حزب‌الله,Hezbollah,reformist,6,اسرائیل,5.3,662,848
حزب‌الله,Hezbollah,reformist,7,تحلیلگر,5.2,29,848
حزب‌الله,Hezbollah,reformist,8,هسته‌ای,5.1,37,848
حزب‌الله,Hezbollah,reformist,9,کشورهای,4.8,40,848
حزب‌الله,Hezbollah,reformist,10,آمریکا,4.7,273,848
حزب‌الله,Hezbollah,reformist,11,خواهیم,4.7,68,848
حزب‌الله,Hezbollah,reformist,12,مدعی,4.7,76,848
حزب‌الله,Hezbollah,reformist,13,امنیتی,4.6,91,848
حزب‌الله,Hezbollah,reformist,14,کشورها,4.4,22,848
حزب‌الله,Hezbollah,reformist,15,درصد,4.3,25,848
هند,India,state,1,بریکس,5.3,230,816
هند,India,state,2,دهلی‌نو,4.4,104,816
هند,India,state,3,وزیر,4.1,198,816
هند,India,state,4,وزیران,3.9,44,816
هند,India,state,5,پیام,3.5,50,816
هند,India,state,6,بهداشت,3.2,26,816
هند,India,state,7,روابط,3.2,98,816
هند,India,state,8,گفت‌وگو,3.2,132,816
هند,India,state,9,سرویس,3.1,20,816
هند,India,state,10,وزرای,3.1,59,816
هند,India,state,11,آزاد,3.1,48,816
هند,India,state,12,دیپلماسی,3.0,54,816
هند,India,state,13,مذاکرات,3.0,54,816
هند,India,state,14,دارو,2.9,26,816
هند,India,state,15,مشکلات,2.8,23,816
هند,India,irgc_affiliated,1,مؤسسه,4.9,29,428
هند,India,irgc_affiliated,2,عبور,3.6,74,428
هند,India,irgc_affiliated,3,کشتی,3.1,80,428
هند,India,irgc_affiliated,4,سقوط,3.0,43,428
هند,India,irgc_affiliated,5,تنگه,2.9,28,428
هند,India,irgc_affiliated,6,شمال,2.8,44,428
هند,India,irgc_affiliated,7,پرچم,2.7,20,428
هند,India,irgc_affiliated,8,درصد,2.5,52,428
هند,India,irgc_affiliated,9,نفتکش,2.5,58,428
هند,India,irgc_affiliated,10,آمریکایی,2.5,113,428
هند,India,irgc_affiliated,11,محموله,2.4,14,428
هند,India,irgc_affiliated,12,ارتش,2.4,81,428
هند,India,irgc_affiliated,13,قرقیزستان,2.4,17,428
هند,India,irgc_affiliated,14,شناور,2.4,15,428
هند,India,irgc_affiliated,15,نبرد,2.4,16,428
هند,India,reformist,1,میلیون,5.5,41,310
هند,India,reformist,2,میلیارد دلار,5.0,34,310
هند,India,reformist,3,تایوان,4.7,20,310
هند,India,reformist,4,ایالات متحده,4.1,46,310
هند,India,reformist,5,ابوظبی,3.8,14,310
هند,India,reformist,6,نفت,3.7,124,310
هند,India,reformist,7,چین,3.6,90,310
هند,India,reformist,8,نفتی,3.3,35,310
هند,India,reformist,9,مالی,3.2,23,310
هند,India,reformist,10,جمعیت,3.2,19,310
هند,India,reformist,11,بلومبرگ,3.2,17,310
هند,India,reformist,12,منابع,3.1,29,310
هند,India,reformist,13,کشمیر,3.1,32,310
هند,India,reformist,14,سال,3.1,70,310
هند,India,reformist,15,بزرگ‌ترین,2.9,26,310
اسپانیا,Spain,state,1,گزارش‌ها,3.0,39,710
اسپانیا,Spain,state,2,صفحات تهران تایمز,2.9,33,710
اسپانیا,Spain,state,3,یادداشت‌های تهران تایمز,2.9,32,710
اسپانیا,Spain,state,4,جام جهانی,2.7,326,710
اسپانیا,Spain,state,5,تحلیلی,2.6,33,710
اسپانیا,Spain,state,6,گزارش‌های,2.4,27,710
اسپانیا,Spain,state,7,ایران,2.4,498,710
اسپانیا,Spain,state,8,جهان,2.1,115,710
اسپانیا,Spain,state,9,لبنان,2.1,73,710
اسپانیا,Spain,state,10,تشدید,2.1,31,710
اسپانیا,Spain,state,11,ونزوئلا,2.1,27,710
اسپانیا,Spain,state,12,توافق,2.0,29,710
اسپانیا,Spain,irgc_affiliated,1,ناوگان,2.7,24,275
اسپانیا,Spain,irgc_affiliated,2,اتریش,2.6,19,275
اسپانیا,Spain,irgc_affiliated,3,فلسطین,2.6,32,275
اسپانیا,Spain,irgc_affiliated,4,غزه,2.5,39,275
اسپانیا,Spain,irgc_affiliated,5,فدراسیون,2.5,15,275
اسپانیا,Spain,irgc_affiliated,6,ورزشگاه,2.5,24,275
اسپانیا,Spain,irgc_affiliated,7,شبکه‌های اجتماعی,2.4,18,275
اسپانیا,Spain,irgc_affiliated,8,دقیقه,2.3,28,275
اسپانیا,Spain,irgc_affiliated,9,اسپانیا,2.2,522,275
اسپانیا,Spain,reformist,1,هزار,3.1,31,148
اسپانیا,Spain,reformist,2,سبته,2.6,12,148
اسپانیا,Spain,reformist,3,مهاجر,2.5,17,148
اسپانیا,Spain,reformist,4,مراکش,2.4,24,148
اسپانیا,Spain,reformist,5,زمان,2.1,13,148
اسپانیا,Spain,reformist,6,هجوم,2.0,11,148
ونزوئلا,Venezuela,state,1,رئیس جمهوری آمریکا,5.0,61,807
ونزوئلا,Venezuela,state,2,تحولات,3.9,76,807
ونزوئلا,Venezuela,state,3,جمهوری,3.8,74,807
ونزوئلا,Venezuela,state,4,منشور,3.8,46,807
ونزوئلا,Venezuela,state,5,انگلیس,3.4,32,807
ونزوئلا,Venezuela,state,6,حقوق بین‌الملل,3.4,78,807
ونزوئلا,Venezuela,state,7,حمله,3.1,304,807
ونزوئلا,Venezuela,state,8,اصول,3.1,42,807
ونزوئلا,Venezuela,state,9,سازمان ملل,3.1,63,807
ونزوئلا,Venezuela,state,10,نقض,3.0,73,807
ونزوئلا,Venezuela,state,11,بقائی,2.9,45,807
ونزوئلا,Venezuela,state,12,تجاوز,2.9,100,807
ونزوئلا,Venezuela,state,13,سازمان ملل متحد,2.8,44,807
ونزوئلا,Venezuela,state,14,برزیل,2.8,29,807
ونزوئلا,Venezuela,state,15,رژیم صهیونیستی,2.8,43,807
ونزوئلا,Venezuela,irgc_affiliated,1,ونزوئلا,3.2,751,370
ونزوئلا,Venezuela,irgc_affiliated,2,میلیون بشکه,3.0,16,370
ونزوئلا,Venezuela,irgc_affiliated,3,ذخایر,3.0,35,370
ونزوئلا,Venezuela,irgc_affiliated,4,کوبا,2.9,60,370
ونزوئلا,Venezuela,irgc_affiliated,5,ماچادو,2.7,28,370
ونزوئلا,Venezuela,irgc_affiliated,6,نفت,2.6,158,370
ونزوئلا,Venezuela,irgc_affiliated,7,تولید,2.4,26,370
ونزوئلا,Venezuela,irgc_affiliated,8,آمریکایی‌ها,2.4,27,370
ونزوئلا,Venezuela,irgc_affiliated,9,نفتی,2.3,51,370
ونزوئلا,Venezuela,irgc_affiliated,10,مقام‌های,2.3,15,370
ونزوئلا,Venezuela,irgc_affiliated,11,داخل,2.1,16,370
ونزوئلا,Venezuela,irgc_affiliated,12,هند,2.1,16,370
ونزوئلا,Venezuela,irgc_affiliated,13,زمان,2.0,28,370
ونزوئلا,Venezuela,irgc_affiliated,14,یمن,2.0,11,370
ونزوئلا,Venezuela,reformist,1,سیاست,3.7,22,346
ونزوئلا,Venezuela,reformist,2,ایران,3.7,431,346
ونزوئلا,Venezuela,reformist,3,کار,3.6,53,346
ونزوئلا,Venezuela,reformist,4,پوتین,3.5,15,346
ونزوئلا,Venezuela,reformist,5,ایالات متحده,3.4,123,346
ونزوئلا,Venezuela,reformist,6,رهبری,3.3,25,346
ونزوئلا,Venezuela,reformist,7,رژیم,3.0,29,346
ونزوئلا,Venezuela,reformist,8,اقتصادی,3.0,47,346
ونزوئلا,Venezuela,reformist,9,اطلاعاتی,2.7,14,346
ونزوئلا,Venezuela,reformist,10,چین,2.7,59,346
ونزوئلا,Venezuela,reformist,11,زندگی,2.7,13,346
ونزوئلا,Venezuela,reformist,12,دخالت,2.7,15,346
ونزوئلا,Venezuela,reformist,13,استراتژی,2.6,14,346
ونزوئلا,Venezuela,reformist,14,این‌ها,2.6,16,346
ونزوئلا,Venezuela,reformist,15,شکل,2.5,12,346
پاکستان,Pakistan,state,1,جهان,7.6,310,2456
پاکستان,Pakistan,state,2,جمهوری اسلامی ایران,6.1,669,2456
پاکستان,Pakistan,state,3,وزیر,5.6,833,2456
پاکستان,Pakistan,state,4,تجارت,5.2,115,2456
پاکستان,Pakistan,state,5,سازمان ملل,4.9,90,2456
پاکستان,Pakistan,state,6,رژیم صهیونیستی,4.9,295,2456
پاکستان,Pakistan,state,7,تجاوزگری,4.8,63,2456
پاکستان,Pakistan,state,8,بقائی,4.4,182,2456
پاکستان,Pakistan,state,9,تحلیلی,4.2,49,2456
پاکستان,Pakistan,state,10,تحولات,4.1,354,2456
پاکستان,Pakistan,state,11,بسته خبری ایرنا,4.0,37,2456
پاکستان,Pakistan,state,12,مهم‌ترین خبرهای,4.0,35,2456
پاکستان,Pakistan,state,13,تروریستی,3.9,120,2456
پاکستان,Pakistan,state,14,امروز,3.9,360,2456
پاکستان,Pakistan,state,15,بازدید,3.7,42,2456
پاکستان,Pakistan,irgc_affiliated,1,ایرانی,8.6,298,1131
پاکستان,Pakistan,irgc_affiliated,2,تیم,8.1,89,1131
پاکستان,Pakistan,irgc_affiliated,3,خبرنگار اعزامی,7.5,46,1131
پاکستان,Pakistan,irgc_affiliated,4,آمریکایی,6.5,181,1131
پاکستان,Pakistan,irgc_affiliated,5,آمریکایی‌ها,6.1,84,1131
پاکستان,Pakistan,irgc_affiliated,6,قالیباف,5.4,116,1131
پاکستان,Pakistan,irgc_affiliated,7,تیم مذاکره‌کننده,5.4,34,1131
پاکستان,Pakistan,irgc_affiliated,8,ساعت,5.3,85,1131
پاکستان,Pakistan,irgc_affiliated,9,ونس,5.0,81,1131
پاکستان,Pakistan,irgc_affiliated,10,کارشناسی,4.8,28,1131
پاکستان,Pakistan,irgc_affiliated,11,مذاکره,4.3,177,1131
پاکستان,Pakistan,irgc_affiliated,12,هیئت,4.3,111,1131
پاکستان,Pakistan,irgc_affiliated,13,هوایی,4.3,74,1131
پاکستان,Pakistan,irgc_affiliated,14,هیات,4.2,125,1131
پاکستان,Pakistan,irgc_affiliated,15,مسلح,4.2,22,1131
پاکستان,Pakistan,reformist,1,ابوظبی,5.4,24,955
پاکستان,Pakistan,reformist,2,پیشنهاد,5.0,61,955
پاکستان,Pakistan,reformist,3,جنگ,4.8,364,955
پاکستان,Pakistan,reformist,4,ایالات متحده,4.8,112,955
پاکستان,Pakistan,reformist,5,ادعای,4.8,60,955
پاکستان,Pakistan,reformist,6,دلار,4.6,29,955
پاکستان,Pakistan,reformist,7,واشنگتن,4.4,139,955
پاکستان,Pakistan,reformist,8,مذاکرات,4.3,539,955
پاکستان,Pakistan,reformist,9,انتخاب,4.3,31,955
پاکستان,Pakistan,reformist,10,امارات,4.2,59,955
پاکستان,Pakistan,reformist,11,انتظار,4.2,40,955
پاکستان,Pakistan,reformist,12,منبع,4.2,52,955
پاکستان,Pakistan,reformist,13,میلیون,4.1,31,955
پاکستان,Pakistan,reformist,14,تلاش,4.1,113,955
پاکستان,Pakistan,reformist,15,ترامپ,4.0,229,955
ایتالیا,Italy,state,1,جمهوری اسلامی ایران,2.1,48,382
ایتالیا,Italy,irgc_affiliated,1,امتیاز,4.0,22,164
ایتالیا,Italy,irgc_affiliated,2,پهلوی,3.9,20,164
ایتالیا,Italy,irgc_affiliated,3,برد,3.4,19,164
ایتالیا,Italy,irgc_affiliated,4,درصد,3.0,37,164
ایتالیا,Italy,irgc_affiliated,5,شدید,2.2,13,164
ایتالیا,Italy,irgc_affiliated,6,گاز,2.0,14,164
ایتالیا,Italy,reformist,1,سفارت,2.8,19,106
ایتالیا,Italy,reformist,2,قهرمانی,2.5,17,106
اوکراین,Ukraine,state,1,جهان,6.8,273,1172
اوکراین,Ukraine,state,2,انگلیس,4.9,126,1172
اوکراین,Ukraine,state,3,وزیر,4.5,180,1172
اوکراین,Ukraine,state,4,گفت‌وگو,3.9,141,1172
اوکراین,Ukraine,state,5,تاس,3.9,43,1172
اوکراین,Ukraine,state,6,جمهوری,3.8,73,1172
اوکراین,Ukraine,state,7,کشور,3.8,343,1172
اوکراین,Ukraine,state,8,سخنگوی کرملین,3.6,37,1172
اوکراین,Ukraine,state,9,زاخارووا,3.4,40,1172
اوکراین,Ukraine,state,10,لندن,3.3,41,1172
اوکراین,Ukraine,state,11,حمایت,3.3,154,1172
اوکراین,Ukraine,state,12,بیانیه‌ای اعلام,3.2,29,1172
اوکراین,Ukraine,state,13,هلند,3.2,24,1172
اوکراین,Ukraine,state,14,رئیس جمهوری آمریکا,3.2,26,1172
اوکراین,Ukraine,state,15,خبرگزاری,3.1,59,1172
اوکراین,Ukraine,irgc_affiliated,1,پالایشگاه,6.5,63,610
اوکراین,Ukraine,irgc_affiliated,2,حمله,6.1,273,610
اوکراین,Ukraine,irgc_affiliated,3,حمله پهپادی,5.4,78,610
اوکراین,Ukraine,irgc_affiliated,4,شهر,5.1,62,610
اوکراین,Ukraine,irgc_affiliated,5,نیروهای مسلح,5.0,76,610
اوکراین,Ukraine,irgc_affiliated,6,پهپاد,5.0,77,610
اوکراین,Ukraine,irgc_affiliated,7,پایتخت,4.8,64,610
اوکراین,Ukraine,irgc_affiliated,8,نفت,4.8,104,610
اوکراین,Ukraine,irgc_affiliated,9,امتیاز,4.7,20,610
اوکراین,Ukraine,irgc_affiliated,10,تاسیسات,4.5,72,610
اوکراین,Ukraine,irgc_affiliated,11,اوکراینی,4.4,104,610
اوکراین,Ukraine,irgc_affiliated,12,موشک,4.4,49,610
اوکراین,Ukraine,irgc_affiliated,13,هوایی,4.2,60,610
اوکراین,Ukraine,irgc_affiliated,14,برد,4.1,27,610
اوکراین,Ukraine,irgc_affiliated,15,هدف قرار,4.0,87,610
اوکراین,Ukraine,reformist,1,ونزوئلا,5.3,37,365
اوکراین,Ukraine,reformist,2,مادورو,5.0,20,365
اوکراین,Ukraine,reformist,3,ترامپ,4.7,177,365
اوکراین,Ukraine,reformist,4,ایالات متحده,4.0,57,365
اوکراین,Ukraine,reformist,5,بازارهای,3.9,14,365
اوکراین,Ukraine,reformist,6,کره شمالی,3.7,22,365
اوکراین,Ukraine,reformist,7,ایران,3.5,317,365
اوکراین,Ukraine,reformist,8,خاورمیانه,3.5,49,365
اوکراین,Ukraine,reformist,9,آژانس بین‌المللی انرژی اتمی,3.4,18,365
اوکراین,Ukraine,reformist,10,نفت,3.3,79,365
اوکراین,Ukraine,reformist,11,بازار,3.2,30,365
اوکراین,Ukraine,reformist,12,توصیف,3.1,17,365
اوکراین,Ukraine,reformist,13,صادرات,3.1,23,365
اوکراین,Ukraine,reformist,14,مسئله,2.9,17,365
اوکراین,Ukraine,reformist,15,هسته‌ای,2.9,53,365
فرانسه,France,state,1,جام جهانی,4.7,176,1178
فرانسه,France,state,2,امضا,3.6,37,1178
فرانسه,France,state,3,دشان,3.4,32,1178
فرانسه,France,state,4,سیاسی,3.3,104,1178
فرانسه,France,state,5,تجاوز,3.2,62,1178
فرانسه,France,state,6,روابط,3.1,68,1178
فرانسه,France,state,7,بقائی,3.1,54,1178
فرانسه,France,state,8,رژیم صهیونیستی,3.1,215,1178
فرانسه,France,state,9,فرهنگی,2.9,36,1178
فرانسه,France,state,10,غرب,2.9,40,1178
فرانسه,France,state,11,کیلیان,2.9,20,1178
فرانسه,France,state,12,رئیس جمهوری آمریکا,2.9,22,1178
فرانسه,France,state,13,شورای حکام,2.9,22,1178
فرانسه,France,state,14,امانوئل مکرون,2.8,98,1178
فرانسه,France,state,15,دیدار,2.7,124,1178
فرانسه,France,irgc_affiliated,1,مؤسسه,5.9,30,552
فرانسه,France,irgc_affiliated,2,ماکرون,4.9,83,552
فرانسه,France,irgc_affiliated,3,ورزشگاه,4.6,22,552
فرانسه,France,irgc_affiliated,4,امتیاز,4.1,23,552
فرانسه,France,irgc_affiliated,5,تبلیغاتی,3.7,15,552
فرانسه,France,irgc_affiliated,6,رضا پهلوی,3.6,14,552
فرانسه,France,irgc_affiliated,7,برد,3.5,20,552
فرانسه,France,irgc_affiliated,8,ناوگان,3.2,18,552
فرانسه,France,irgc_affiliated,9,موساد,3.1,16,552
فرانسه,France,irgc_affiliated,10,سوئد,3.0,22,552
فرانسه,France,irgc_affiliated,11,فوتبال,3.0,43,552
فرانسه,France,irgc_affiliated,12,دقیقه,2.9,35,552
فرانسه,France,irgc_affiliated,13,پلیس,2.9,33,552
فرانسه,France,irgc_affiliated,14,میلیارد دلار,2.9,19,552
فرانسه,France,irgc_affiliated,15,ترکیه,2.8,27,552
فرانسه,France,reformist,1,تنگه هرمز,4.3,160,387
فرانسه,France,reformist,2,ایران,4.1,515,387
فرانسه,France,reformist,3,بریتانیا,3.8,34,387
فرانسه,France,reformist,4,مذاکرات,3.3,76,387
فرانسه,France,reformist,5,بازگشایی,3.3,37,387
فرانسه,France,reformist,6,رئیس‌جمهور,3.2,170,387
فرانسه,France,reformist,7,دفاع,3.0,48,387
فرانسه,France,reformist,8,آتش‌بس,2.8,59,387
فرانسه,France,reformist,9,کشتی,2.8,20,387
فرانسه,France,reformist,10,ایالات متحده,2.7,52,387
فرانسه,France,reformist,11,معرفی,2.7,12,387
فرانسه,France,reformist,12,حفاظت,2.7,15,387
فرانسه,France,reformist,13,جنگ,2.7,152,387
فرانسه,France,reformist,14,مقامات,2.7,41,387
فرانسه,France,reformist,15,درصد,2.6,29,387
فلسطین,Palestine,state,1,حماس,7.9,439,1511
فلسطین,Palestine,state,2,رژیم صهیونیستی,7.1,868,1511
فلسطین,Palestine,state,3,جنبش مقاومت اسلامی فلسطین,5.4,105,1511
فلسطین,Palestine,state,4,مجروحان,5.3,74,1511
فلسطین,Palestine,state,5,نوار غزه,5.2,264,1511
فلسطین,Palestine,state,6,خبرگزاری,4.2,64,1511
فلسطین,Palestine,state,7,کمیته‌های,4.0,41,1511
فلسطین,Palestine,state,8,اقدامات,3.9,121,1511
فلسطین,Palestine,state,9,جنبش,3.8,206,1511
فلسطین,Palestine,state,10,نقض,3.7,110,1511
فلسطین,Palestine,state,11,تحولات,3.6,75,1511
فلسطین,Palestine,state,12,تداوم,3.6,120,1511
فلسطین,Palestine,state,13,توافق,3.6,141,1511
فلسطین,Palestine,state,14,شهدا,3.5,64,1511
فلسطین,Palestine,state,15,الیوم,3.5,32,1511
فلسطین,Palestine,irgc_affiliated,1,فلسطینی,3.8,148,638
فلسطین,Palestine,irgc_affiliated,2,خان‌یونس,3.8,16,638
فلسطین,Palestine,irgc_affiliated,3,پرچم,3.7,75,638
فلسطین,Palestine,irgc_affiliated,4,اسپانیا,3.7,47,638
فلسطین,Palestine,irgc_affiliated,5,انصارالله,3.5,22,638
فلسطین,Palestine,irgc_affiliated,6,سنگین,3.5,54,638
فلسطین,Palestine,irgc_affiliated,7,سپاه پاسداران,3.4,50,638
فلسطین,Palestine,irgc_affiliated,8,عراق,3.4,61,638
فلسطین,Palestine,irgc_affiliated,9,سرزمین,3.3,55,638
فلسطین,Palestine,irgc_affiliated,10,برافراشتن,3.2,16,638
فلسطین,Palestine,irgc_affiliated,11,نبرد,3.2,45,638
فلسطین,Palestine,irgc_affiliated,12,مسجد,3.2,28,638
فلسطین,Palestine,irgc_affiliated,13,نکبت,3.1,21,638
فلسطین,Palestine,irgc_affiliated,14,موشک‌های,3.1,79,638
فلسطین,Palestine,irgc_affiliated,15,مردم,3.0,288,638
فلسطین,Palestine,reformist,1,اسرائیل,7.0,241,276
فلسطین,Palestine,reformist,2,خاورمیانه,5.2,30,276
فلسطین,Palestine,reformist,3,عربستان سعودی,4.3,15,276
فلسطین,Palestine,reformist,4,آمریکا,4.2,182,276
فلسطین,Palestine,reformist,5,ایران,4.0,264,276
فلسطین,Palestine,reformist,6,حکومت,3.9,12,276
فلسطین,Palestine,reformist,7,اسرائیلی,3.7,49,276
فلسطین,Palestine,reformist,8,مشکلات,3.4,12,276
فلسطین,Palestine,reformist,9,عادی‌سازی,3.3,12,276
فلسطین,Palestine,reformist,10,الحوثی,3.3,13,276
فلسطین,Palestine,reformist,11,درگیری,3.3,16,276
فلسطین,Palestine,reformist,12,دوره,3.2,11,276
فلسطین,Palestine,reformist,13,سابق,3.1,14,276
فلسطین,Palestine,reformist,14,پیشین,3.0,15,276
فلسطین,Palestine,reformist,15,فراموش,3.0,10,276
بحرین,Bahrain,state,1,امنیت,3.8,142,1063
بحرین,Bahrain,state,2,وزیر امور خارجه,3.2,52,1063
بحرین,Bahrain,state,3,سخنگوی وزارت امور خارجه,3.2,30,1063
بحرین,Bahrain,state,4,بقائی,3.0,20,1063
بحرین,Bahrain,state,5,تحولات,2.9,28,1063
بحرین,Bahrain,state,6,بسم الله قاصم الجبارین,2.9,25,1063
بحرین,Bahrain,state,7,واشنگتن,2.8,52,1063
بحرین,Bahrain,state,8,جمهوری اسلامی ایران,2.6,112,1063
بحرین,Bahrain,state,9,ملت ایران,2.6,38,1063
بحرین,Bahrain,state,10,روابط عمومی سپاه پاسداران انقلاب اسلامی,2.5,42,1063
بحرین,Bahrain,state,11,رژیم صهیونیستی,2.5,78,1063
بحرین,Bahrain,state,12,اصول,2.4,17,1063
بحرین,Bahrain,state,13,صلح,2.4,26,1063
بحرین,Bahrain,state,14,خارجه,2.3,44,1063
بحرین,Bahrain,state,15,تجاوز,2.3,116,1063
بحرین,Bahrain,irgc_affiliated,1,منابع خبری,3.5,78,879
بحرین,Bahrain,irgc_affiliated,2,مذاکره,3.4,23,879
بحرین,Bahrain,irgc_affiliated,3,شنیده‌شدن,3.3,29,879
بحرین,Bahrain,irgc_affiliated,4,گروه,3.2,38,879
بحرین,Bahrain,irgc_affiliated,5,آمازون,3.0,54,879
بحرین,Bahrain,irgc_affiliated,6,بحرین,3.0,1359,879
بحرین,Bahrain,irgc_affiliated,7,فرمول,2.9,15,879
بحرین,Bahrain,irgc_affiliated,8,منابع,2.9,91,879
بحرین,Bahrain,irgc_affiliated,9,ابری,2.9,18,879
بحرین,Bahrain,irgc_affiliated,10,بزرگ‌ترین,2.9,36,879
بحرین,Bahrain,irgc_affiliated,11,عربی,2.7,77,879
بحرین,Bahrain,irgc_affiliated,12,درصد,2.5,41,879
بحرین,Bahrain,irgc_affiliated,13,می‌خواهیم,2.5,21,879
بحرین,Bahrain,irgc_affiliated,14,فعال‌شدن,2.5,20,879
بحرین,Bahrain,irgc_affiliated,15,امارات,2.4,156,879
بحرین,Bahrain,reformist,1,امارات متحده عربی,4.7,28,362
بحرین,Bahrain,reformist,2,جنگ,4.4,121,362
بحرین,Bahrain,reformist,3,خلیج فارس,4.2,81,362
بحرین,Bahrain,reformist,4,کار,4.2,29,362
بحرین,Bahrain,reformist,5,ایران,4.1,404,362
بحرین,Bahrain,reformist,6,قطر,3.5,65,362
بحرین,Bahrain,reformist,7,ایالات متحده,3.4,39,362
بحرین,Bahrain,reformist,8,به‌طور,3.4,22,362
بحرین,Bahrain,reformist,9,روسیه,3.3,47,362
بحرین,Bahrain,reformist,10,انرژی,3.2,19,362
بحرین,Bahrain,reformist,11,نفت,3.1,41,362
بحرین,Bahrain,reformist,12,بازگشایی,3.1,12,362
بحرین,Bahrain,reformist,13,اسرائیل,3.1,53,362
بحرین,Bahrain,reformist,14,کشورها,3.0,31,362
بحرین,Bahrain,reformist,15,خاورمیانه,3.0,31,362
سوریه,Syria,state,1,جهان,5.1,142,811
سوریه,Syria,state,2,رژیم صهیونیستی,5.1,404,811
سوریه,Syria,state,3,موقت,4.9,132,811
سوریه,Syria,state,4,نظامیان,4.6,181,811
سوریه,Syria,state,5,سوریه,4.2,1642,811
سوریه,Syria,state,6,جنوب,4.1,197,811
سوریه,Syria,state,7,نقض,3.8,63,811
سوریه,Syria,state,8,تل‌آویو,3.7,51,811
سوریه,Syria,state,9,مناطقی,3.6,43,811
سوریه,Syria,state,10,محکوم,3.4,68,811
سوریه,Syria,state,11,حاکمیت,3.3,84,811
سوریه,Syria,state,12,سازمان ملل,2.9,39,811
سوریه,Syria,state,13,کشور,2.8,244,811
سوریه,Syria,state,14,آشکار,2.7,36,811
سوریه,Syria,state,15,غرب,2.6,58,811
سوریه,Syria,irgc_affiliated,1,جولانی,6.2,104,471
سوریه,Syria,irgc_affiliated,2,الجولانی,5.8,57,471
سوریه,Syria,irgc_affiliated,3,حومه,4.3,129,471
سوریه,Syria,irgc_affiliated,4,پایگاه,3.9,95,471
سوریه,Syria,irgc_affiliated,5,عناصر,3.8,33,471
سوریه,Syria,irgc_affiliated,6,شورشیان,3.7,20,471
سوریه,Syria,irgc_affiliated,7,موشک,3.3,20,471
سوریه,Syria,irgc_affiliated,8,خاک,3.3,109,471
سوریه,Syria,irgc_affiliated,9,شرق,3.2,42,471
سوریه,Syria,irgc_affiliated,10,اسلام,2.8,16,471
سوریه,Syria,irgc_affiliated,11,قسد,2.8,59,471
سوریه,Syria,irgc_affiliated,12,آسمان,2.8,15,471
سوریه,Syria,irgc_affiliated,13,منابع,2.7,63,471
سوریه,Syria,irgc_affiliated,14,گروه,2.7,51,471
سوریه,Syria,irgc_affiliated,15,مرزی,2.7,26,471
سوریه,Syria,reformist,1,ایران,9.3,356,260
سوریه,Syria,reformist,2,اسرائیل,6.3,259,260
سوریه,Syria,reformist,3,جنگ,5.7,131,260
سوریه,Syria,reformist,4,ترامپ,5.3,125,260
سوریه,Syria,reformist,5,جمهوری اسلامی,5.0,26,260
سوریه,Syria,reformist,6,میلیون,4.8,31,260
سوریه,Syria,reformist,7,اسد,4.3,38,260
سوریه,Syria,reformist,8,عربستان سعودی,4.3,24,260
سوریه,Syria,reformist,9,خاورمیانه,4.1,38,260
سوریه,Syria,reformist,10,آمریکا,4.1,221,260
سوریه,Syria,reformist,11,سیاسی,4.0,51,260
سوریه,Syria,reformist,12,موشکی,3.9,23,260
سوریه,Syria,reformist,13,ایالات متحده,3.6,25,260
سوریه,Syria,reformist,14,امارات,3.6,29,260
سوریه,Syria,reformist,15,آینده,3.4,29,260
لبنان,Lebanon,state,1,جهان,10.9,541,5642
لبنان,Lebanon,state,2,رژیم صهیونیستی,9.0,3668,5642
لبنان,Lebanon,state,3,تداوم نقض آتش بس,8.3,166,5642
لبنان,Lebanon,state,4,کشور,7.0,999,5642
لبنان,Lebanon,state,5,تحلیلی,7.0,103,5642
لبنان,Lebanon,state,6,افزایش,6.4,281,5642
لبنان,Lebanon,state,7,سازمان ملل,6.2,187,5642
لبنان,Lebanon,state,8,بقائی,6.1,196,5642
لبنان,Lebanon,state,9,وزارت بهداشت,6.1,221,5642
لبنان,Lebanon,state,10,هزار,5.9,218,5642
لبنان,Lebanon,state,11,نقض,5.9,828,5642
لبنان,Lebanon,state,12,جهانی,5.8,181,5642
لبنان,Lebanon,state,13,تل‌آویو,5.8,330,5642
لبنان,Lebanon,state,14,محکوم,5.6,248,5642
لبنان,Lebanon,state,15,تداوم,5.4,494,5642
لبنان,Lebanon,irgc_affiliated,1,شهرک,18.1,968,3875
لبنان,Lebanon,irgc_affiliated,2,حزب‌الله,16.4,2368,3875
لبنان,Lebanon,irgc_affiliated,3,نظامیان,13.9,570,3875
لبنان,Lebanon,irgc_affiliated,4,جنوب لبنان,12.6,2231,3875
لبنان,Lebanon,irgc_affiliated,5,ارتش,9.9,1328,3875
لبنان,Lebanon,irgc_affiliated,6,تجمع,9.5,261,3875
لبنان,Lebanon,irgc_affiliated,7,صهیونیست,9.3,368,3875
لبنان,Lebanon,irgc_affiliated,8,حمله موشکی,9.2,199,3875
لبنان,Lebanon,irgc_affiliated,9,رزمندگان,9.2,359,3875
لبنان,Lebanon,irgc_affiliated,10,هدف,8.4,509,3875
لبنان,Lebanon,irgc_affiliated,11,صهیونیست‌ها,8.2,332,3875
لبنان,Lebanon,irgc_affiliated,12,پهپاد,7.6,239,3875
لبنان,Lebanon,irgc_affiliated,13,مقاومت,7.6,1177,3875
لبنان,Lebanon,irgc_affiliated,14,موشک,7.4,349,3875
لبنان,Lebanon,irgc_affiliated,15,شمال فلسطین اشغالی,7.3,180,3875
لبنان,Lebanon,reformist,1,ایران,11.2,1672,1707
لبنان,Lebanon,reformist,2,اسرائیل,8.6,1359,1707
لبنان,Lebanon,reformist,3,مذاکرات,8.4,465,1707
لبنان,Lebanon,reformist,4,مدعی,7.0,138,1707
لبنان,Lebanon,reformist,5,ترامپ,6.7,335,1707
لبنان,Lebanon,reformist,6,مسائل,6.6,59,1707
لبنان,Lebanon,reformist,7,جنگ,6.4,624,1707
لبنان,Lebanon,reformist,8,خواهیم,6.3,112,1707
لبنان,Lebanon,reformist,9,ایالات متحده,6.3,120,1707
لبنان,Lebanon,reformist,10,نتانیاهو,6.3,242,1707
لبنان,Lebanon,reformist,11,توافق,6.3,458,1707
لبنان,Lebanon,reformist,12,ایرانی‌ها,6.1,33,1707
لبنان,Lebanon,reformist,13,توافقی,5.5,69,1707
لبنان,Lebanon,reformist,14,اورانیوم,5.5,23,1707
لبنان,Lebanon,reformist,15,سوریه,5.4,119,1707
ترکیه,Turkey,state,1,جهان,4.0,231,1379
ترکیه,Turkey,state,2,اقتصادی,3.7,117,1379
ترکیه,Turkey,state,3,دیدار,3.7,239,1379
ترکیه,Turkey,state,4,رژیم صهیونیستی,3.5,315,1379
ترکیه,Turkey,state,5,بازتاب,3.5,28,1379
ترکیه,Turkey,state,6,جنگ رمضان,3.4,27,1379
ترکیه,Turkey,state,7,حاشیه,3.3,30,1379
ترکیه,Turkey,state,8,هیات,3.2,27,1379
ترکیه,Turkey,state,9,مجالس,3.1,20,1379
ترکیه,Turkey,state,10,نیوز,2.9,23,1379
ترکیه,Turkey,state,11,بقائی,2.9,33,1379
ترکیه,Turkey,state,12,استرالیا,2.8,36,1379
ترکیه,Turkey,state,13,مسابقات,2.8,32,1379
ترکیه,Turkey,state,14,همسایگان,2.8,30,1379
ترکیه,Turkey,state,15,انقلاب,2.8,28,1379
ترکیه,Turkey,irgc_affiliated,1,هتل,5.6,26,674
ترکیه,Turkey,irgc_affiliated,2,هزار,5.1,57,674
ترکیه,Turkey,irgc_affiliated,3,فوتبال,5.1,58,674
ترکیه,Turkey,irgc_affiliated,4,یورو,5.0,23,674
ترکیه,Turkey,irgc_affiliated,5,پرسپولیس,4.8,31,674
ترکیه,Turkey,irgc_affiliated,6,فدراسیون,4.7,28,674
ترکیه,Turkey,irgc_affiliated,7,اتاق,4.7,21,674
ترکیه,Turkey,irgc_affiliated,8,ممبینی,4.7,18,674
ترکیه,Turkey,irgc_affiliated,9,فدراسیون فوتبال,4.6,33,674
ترکیه,Turkey,irgc_affiliated,10,رتبه,4.6,20,674
ترکیه,Turkey,irgc_affiliated,11,نفره,4.3,18,674
ترکیه,Turkey,irgc_affiliated,12,برد,4.3,28,674
ترکیه,Turkey,irgc_affiliated,13,خط,4.1,16,674
ترکیه,Turkey,irgc_affiliated,14,امتیاز,4.1,20,674
ترکیه,Turkey,irgc_affiliated,15,تن,3.8,24,674
ترکیه,Turkey,reformist,1,ترامپ,6.4,196,505
ترکیه,Turkey,reformist,2,مذاکرات,6.1,145,505
ترکیه,Turkey,reformist,3,ائتلاف,5.4,43,505
ترکیه,Turkey,reformist,4,ایالات متحده,5.2,56,505
ترکیه,Turkey,reformist,5,هسته‌ای,5.1,66,505
ترکیه,Turkey,reformist,6,غنی‌سازی,4.8,22,505
ترکیه,Turkey,reformist,7,ترور,4.7,19,505
ترکیه,Turkey,reformist,8,اسرائیل,4.3,293,505
ترکیه,Turkey,reformist,9,ایران,4.2,807,505
ترکیه,Turkey,reformist,10,تجزیه,3.8,16,505
ترکیه,Turkey,reformist,11,پیشین,3.6,27,505
ترکیه,Turkey,reformist,12,آکسیوس,3.6,14,505
ترکیه,Turkey,reformist,13,گزینه,3.1,13,505
ترکیه,Turkey,reformist,14,توافق,3.1,138,505
ترکیه,Turkey,reformist,15,اختلاف,3.0,16,505
روسیه,Russia,state,1,جهان,9.0,597,2966
روسیه,Russia,state,2,تاس,6.1,116,2966
روسیه,Russia,state,3,سفیر,5.8,264,2966
روسیه,Russia,state,4,روس,5.6,255,2966
روسیه,Russia,state,5,مسکو,5.6,843,2966
روسیه,Russia,state,6,جمهوری,5.4,160,2966
روسیه,Russia,state,7,جمهوری اسلامی ایران,5.4,276,2966
روسیه,Russia,state,8,انگلیس,5.3,163,2966
روسیه,Russia,state,9,بریکس,5.3,96,2966
روسیه,Russia,state,10,وزیران,4.8,71,2966
روسیه,Russia,state,11,انتخابات,4.8,66,2966
روسیه,Russia,state,12,تومان,4.7,65,2966
روسیه,Russia,state,13,خبرگزاری,4.6,158,2966
روسیه,Russia,state,14,تجاوز,4.5,279,2966
روسیه,Russia,state,15,سخنگوی کرملین,4.5,79,2966
روسیه,Russia,irgc_affiliated,1,روسیه,8.5,2660,1354
روسیه,Russia,irgc_affiliated,2,اوکراینی,8.3,138,1354
روسیه,Russia,irgc_affiliated,3,پالایشگاه,8.0,73,1354
روسیه,Russia,irgc_affiliated,4,نیروهای مسلح,6.3,91,1354
روسیه,Russia,irgc_affiliated,5,شهرک,6.3,47,1354
روسیه,Russia,irgc_affiliated,6,پهپاد,6.3,108,1354
روسیه,Russia,irgc_affiliated,7,گرینلند,6.1,42,1354
روسیه,Russia,irgc_affiliated,8,منهدم,6.1,35,1354
روسیه,Russia,irgc_affiliated,9,اوکراین,6.1,662,1354
روسیه,Russia,irgc_affiliated,10,وزارت,5.9,196,1354
روسیه,Russia,irgc_affiliated,11,حمله پهپادی,5.7,75,1354
روسیه,Russia,irgc_affiliated,12,شهر,5.5,79,1354
روسیه,Russia,irgc_affiliated,13,دفاع,5.4,202,1354
روسیه,Russia,irgc_affiliated,14,رهگیری,5.3,39,1354
روسیه,Russia,irgc_affiliated,15,دریای,5.1,76,1354
روسیه,Russia,reformist,1,ایران,7.6,1671,1073
روسیه,Russia,reformist,2,درصد,6.4,78,1073
روسیه,Russia,reformist,3,پیرامون,5.4,55,1073
روسیه,Russia,reformist,4,ریاست جمهوری,5.3,50,1073
روسیه,Russia,reformist,5,ایالات متحده,5.1,158,1073
روسیه,Russia,reformist,6,ترامپ,5.0,316,1073
روسیه,Russia,reformist,7,بازارهای,5.0,35,1073
روسیه,Russia,reformist,8,ریانووستی,4.9,51,1073
روسیه,Russia,reformist,9,مادورو,4.7,30,1073
روسیه,Russia,reformist,10,نفت,4.7,241,1073
روسیه,Russia,reformist,11,آمریکا,4.6,907,1073
روسیه,Russia,reformist,12,صادرات,4.5,56,1073
روسیه,Russia,reformist,13,احتمالا,4.4,43,1073
روسیه,Russia,reformist,14,خاورمیانه,4.3,148,1073
روسیه,Russia,reformist,15,هسته‌ای,4.1,198,1073
آلمان,Germany,state,1,پیامی,3.4,46,738
آلمان,Germany,state,2,قطعنامه,3.2,29,738
آلمان,Germany,state,3,رژیم صهیونیستی,3.0,132,738
آلمان,Germany,state,4,جام جهانی,3.0,96,738
آلمان,Germany,state,5,مجید,3.0,25,738
آلمان,Germany,state,6,نیلی,2.9,30,738
آلمان,Germany,state,7,تجاوز,2.9,89,738
آلمان,Germany,state,8,هشدار,2.9,67,738
آلمان,Germany,state,9,سفیر ایران,2.8,36,738
آلمان,Germany,state,10,گل,2.8,31,738
آلمان,Germany,state,11,جهان,2.7,106,738
آلمان,Germany,state,12,زور,2.6,23,738
آلمان,Germany,state,13,رئیس جمهوری آمریکا,2.5,19,738
آلمان,Germany,state,14,تحریم,2.4,28,738
آلمان,Germany,state,15,شبکه اجتماعی ایکس,2.4,20,738
آلمان,Germany,irgc_affiliated,1,مؤسسه,5.5,29,335
آلمان,Germany,irgc_affiliated,2,رضا پهلوی,4.7,24,335
آلمان,Germany,irgc_affiliated,3,امتیاز,3.9,21,335
آلمان,Germany,irgc_affiliated,4,پهلوی,3.7,18,335
آلمان,Germany,irgc_affiliated,5,تجمع,3.7,27,335
آلمان,Germany,irgc_affiliated,6,میلیارد دلار,3.6,25,335
آلمان,Germany,irgc_affiliated,7,لهستان,3.5,27,335
آلمان,Germany,irgc_affiliated,8,دستگیر,3.5,22,335
آلمان,Germany,irgc_affiliated,9,ساعت,3.4,37,335
آلمان,Germany,irgc_affiliated,10,برد,3.3,21,335
آلمان,Germany,irgc_affiliated,11,نفت,3.1,36,335
آلمان,Germany,irgc_affiliated,12,ورزشگاه,3.1,16,335
آلمان,Germany,irgc_affiliated,13,عملیاتی,2.9,18,335
آلمان,Germany,irgc_affiliated,14,قیمت,2.8,42,335
آلمان,Germany,irgc_affiliated,15,موشک‌های,2.7,24,335
آلمان,Germany,reformist,1,قهرمانی,3.3,19,225
آلمان,Germany,reformist,2,سال,2.7,51,225
آلمان,Germany,reformist,3,مدعی,2.5,23,225
آلمان,Germany,reformist,4,درگیری,2.4,16,225
آلمان,Germany,reformist,5,ایالات متحده,2.2,43,225
آلمان,Germany,reformist,6,هدف,2.2,21,225
آلمان,Germany,reformist,7,سلاح هسته‌ای,2.1,12,225
آلمان,Germany,reformist,8,هوایی,2.1,12,225
آلمان,Germany,reformist,9,میلیون,2.0,17,225
آلمان,Germany,reformist,10,دستگاه,2.0,9,225
آلمان,Germany,reformist,11,صدراعظم آلمان,2.0,71,225
آلمان,Germany,reformist,12,خاورمیانه,2.0,24,225
عمان,Oman,state,1,جمهوری اسلامی ایران,4.5,346,1226
عمان,Oman,state,2,تحولات,4.5,209,1226
عمان,Oman,state,3,رایزنی,4.1,121,1226
عمان,Oman,state,4,وزارت امور خارجه,4.0,96,1226
عمان,Oman,state,5,اخبار,3.9,43,1226
عمان,Oman,state,6,وزیر امور خارجه,3.8,491,1226
عمان,Oman,state,7,امور خارجه,3.7,57,1226
عمان,Oman,state,8,بقائی,3.4,131,1226
عمان,Oman,state,9,خبرنگار اعزامی,3.4,27,1226
عمان,Oman,state,10,طلا,3.4,22,1226
عمان,Oman,state,11,دفاع,3.3,58,1226
عمان,Oman,state,12,همتای,3.3,65,1226
عمان,Oman,state,13,تنش,3.1,72,1226
عمان,Oman,state,14,وزرای,3.1,45,1226
عمان,Oman,state,15,حقوق بین‌الملل,3.1,81,1226
عمان,Oman,irgc_affiliated,1,تنگه هرمز,5.4,668,682
عمان,Oman,irgc_affiliated,2,گروه,4.6,30,682
عمان,Oman,irgc_affiliated,3,مایلی,4.1,34,682
عمان,Oman,irgc_affiliated,4,عراق,4.1,52,682
عمان,Oman,irgc_affiliated,5,کشتی,4.0,126,682
عمان,Oman,irgc_affiliated,6,سواحل,4.0,92,682
عمان,Oman,irgc_affiliated,7,ورزشگاه,4.0,15,682
عمان,Oman,irgc_affiliated,8,مسیر,4.0,197,682
عمان,Oman,irgc_affiliated,9,جنوبی,3.8,49,682
عمان,Oman,irgc_affiliated,10,دریایی,3.6,152,682
عمان,Oman,irgc_affiliated,11,آب‌های,3.6,84,682
عمان,Oman,irgc_affiliated,12,مسندم,3.6,17,682
عمان,Oman,irgc_affiliated,13,عمان,3.6,1137,682
عمان,Oman,irgc_affiliated,14,شمال,3.5,30,682
عمان,Oman,irgc_affiliated,15,نزدیکی,3.3,69,682
عمان,Oman,reformist,1,ترامپ,5.7,180,593
عمان,Oman,reformist,2,پیشنهاد,5.3,48,593
عمان,Oman,reformist,3,مدعی,5.2,63,593
عمان,Oman,reformist,4,جنگ,4.8,266,593
عمان,Oman,reformist,5,فشار,4.6,48,593
عمان,Oman,reformist,6,ایالات متحده,4.4,114,593
عمان,Oman,reformist,7,احتمالا,4.3,19,593
عمان,Oman,reformist,8,انتخاب,3.9,29,593
عمان,Oman,reformist,9,لاریجانی,3.8,75,593
عمان,Oman,reformist,10,آمریکایی,3.8,160,593
عمان,Oman,reformist,11,اسرائیل,3.6,85,593
عمان,Oman,reformist,12,روزنامه,3.6,34,593
عمان,Oman,reformist,13,جمهوری اسلامی,3.5,23,593
عمان,Oman,reformist,14,آکسیوس,3.4,28,593
عمان,Oman,reformist,15,نفت,3.4,68,593
اردن,Jordan,state,1,جهان,4.8,83,727
اردن,Jordan,state,2,رژیم صهیونیستی,4.0,102,727
اردن,Jordan,state,3,تهران,3.7,45,727
اردن,Jordan,state,4,کرانه باختری,3.5,49,727
اردن,Jordan,state,5,ساپینتو,3.2,26,727
اردن,Jordan,state,6,بین‌المللی,3.1,49,727
اردن,Jordan,state,7,بسم الله قاصم الجبارین,3.1,31,727
اردن,Jordan,state,8,حمایت,3.1,42,727
اردن,Jordan,state,9,ثبات,3.0,33,727
اردن,Jordan,state,10,دیپلماسی,2.8,27,727
اردن,Jordan,state,11,استقلال,2.6,103,727
اردن,Jordan,state,12,آینده,2.6,20,727
اردن,Jordan,state,13,آتش‌بس,2.6,28,727
اردن,Jordan,state,14,دقیقه,2.5,21,727
اردن,Jordan,state,15,الجزایر,2.4,20,727
اردن,Jordan,irgc_affiliated,1,مصرف,4.3,21,525
اردن,Jordan,irgc_affiliated,2,پایگاه,4.0,332,525
اردن,Jordan,irgc_affiliated,3,تولید,3.6,36,525
اردن,Jordan,irgc_affiliated,4,موشک‌های,3.2,69,525
اردن,Jordan,irgc_affiliated,5,درصد,3.1,22,525
اردن,Jordan,irgc_affiliated,6,وابسته,3.0,16,525
اردن,Jordan,irgc_affiliated,7,منابع,2.8,55,525
اردن,Jordan,irgc_affiliated,8,هوایی,2.8,147,525
اردن,Jordan,irgc_affiliated,9,گاز,2.4,28,525
اردن,Jordan,irgc_affiliated,10,امارات,2.4,52,525
اردن,Jordan,irgc_affiliated,11,برق,2.4,18,525
اردن,Jordan,irgc_affiliated,12,اردن,2.4,803,525
اردن,Jordan,irgc_affiliated,13,نیروهای مسلح,2.4,33,525
اردن,Jordan,irgc_affiliated,14,گروه,2.4,35,525
اردن,Jordan,irgc_affiliated,15,تصویر,2.3,16,525
اردن,Jordan,reformist,1,خاورمیانه,3.9,34,233
اردن,Jordan,reformist,2,ایالات متحده,3.9,29,233
اردن,Jordan,reformist,3,اطلاعاتی,3.4,17,233
اردن,Jordan,reformist,4,حمله,3.1,119,233
اردن,Jordan,reformist,5,کشته,2.8,33,233
اردن,Jordan,reformist,6,به‌طور,2.7,14,233
اردن,Jordan,reformist,7,ادعا,2.5,14,233
اردن,Jordan,reformist,8,سرباز,2.5,19,233
اردن,Jordan,reformist,9,سال,2.4,18,233
اردن,Jordan,reformist,10,سوریه,2.4,40,233
اردن,Jordan,reformist,11,مقام‌های,2.4,13,233
اردن,Jordan,reformist,12,پایگاه‌ها,2.3,14,233
اردن,Jordan,reformist,13,آمریکایی,2.3,206,233
اردن,Jordan,reformist,14,اظهارات,2.2,10,233
اردن,Jordan,reformist,15,مطرح,2.2,10,233
عراق,Iraq,state,1,جهان,8.4,495,3597
عراق,Iraq,state,2,کشور,5.1,1256,3597
عراق,Iraq,state,3,کرمانشاه,5.0,75,3597
عراق,Iraq,state,4,وزیر,5.0,464,3597
عراق,Iraq,state,5,آیین,4.9,111,3597
عراق,Iraq,state,6,ثبات,4.9,230,3597
عراق,Iraq,state,7,هماهنگی,4.9,202,3597
عراق,Iraq,state,8,اربعین,4.9,505,3597
عراق,Iraq,state,9,المعلومه,4.9,56,3597
عراق,Iraq,state,10,مشترک,4.7,286,3597
عراق,Iraq,state,11,تهران,4.7,405,3597
عراق,Iraq,state,12,مرداد,4.5,62,3597
عراق,Iraq,state,13,روابط,4.4,237,3597
عراق,Iraq,state,14,جمهوری اسلامی ایران,4.3,401,3597
عراق,Iraq,state,15,استاندار,4.3,66,3597
عراق,Iraq,irgc_affiliated,1,بدرقه,8.7,225,2120
عراق,Iraq,irgc_affiliated,2,برخاست,7.8,161,2120
عراق,Iraq,irgc_affiliated,3,حشد شعبی,7.6,87,2120
عراق,Iraq,irgc_affiliated,4,شهید,7.3,428,2120
عراق,Iraq,irgc_affiliated,5,مقاومت,6.8,399,2120
عراق,Iraq,irgc_affiliated,6,زائران,6.3,278,2120
عراق,Iraq,irgc_affiliated,7,تروریست‌های,6.2,66,2120
عراق,Iraq,irgc_affiliated,8,منابع,6.2,180,2120
عراق,Iraq,irgc_affiliated,9,اربیل,5.9,335,2120
عراق,Iraq,irgc_affiliated,10,تجزیه‌طلب,5.7,90,2120
عراق,Iraq,irgc_affiliated,11,سلیمانیه عراق,5.6,94,2120
عراق,Iraq,irgc_affiliated,12,هزار,5.5,164,2120
عراق,Iraq,irgc_affiliated,13,کردستان عراق,5.2,108,2120
عراق,Iraq,irgc_affiliated,14,صدای انفجار,5.2,91,2120
عراق,Iraq,irgc_affiliated,15,دینار,5.2,44,2120
عراق,Iraq,reformist,1,جنگ,12.7,567,1001
عراق,Iraq,reformist,2,ترامپ,10.5,257,1001
عراق,Iraq,reformist,3,ایالات متحده,7.9,91,1001
عراق,Iraq,reformist,4,میلیارد دلار,7.7,55,1001
عراق,Iraq,reformist,5,ایران,7.2,1265,1001
عراق,Iraq,reformist,6,نظامی,7.2,291,1001
عراق,Iraq,reformist,7,لاریجانی,6.7,38,1001
عراق,Iraq,reformist,8,زنان,6.5,31,1001
عراق,Iraq,reformist,9,خلیج فارس,6.2,81,1001
عراق,Iraq,reformist,10,اسرائیل,5.9,172,1001
عراق,Iraq,reformist,11,حمله,5.8,279,1001
عراق,Iraq,reformist,12,خاورمیانه,5.7,52,1001
عراق,Iraq,reformist,13,امام خمینی,5.7,30,1001
عراق,Iraq,reformist,14,آمریکا,5.6,705,1001
عراق,Iraq,reformist,15,قدرت,5.6,89,1001
حماس,Hamas,state,1,جنبش مقاومت اسلامی فلسطین,3.8,105,600
حماس,Hamas,state,2,جهان,3.7,111,600
حماس,Hamas,state,3,کرانه باختری,3.2,81,600
حماس,Hamas,state,4,رژیم صهیونیستی,2.8,353,600
حماس,Hamas,state,5,استقبال,2.7,36,600
حماس,Hamas,state,6,جنبش,2.3,328,600
حماس,Hamas,state,7,بیانیه‌ای,2.3,77,600
حماس,Hamas,state,8,آتش‌بس,2.2,155,600
حماس,Hamas,state,9,قاسم,2.2,65,600
حماس,Hamas,state,10,جنایتکار,2.2,22,600
حماس,Hamas,state,11,خبرگزاری,2.2,29,600
حماس,Hamas,state,12,الحیه,2.1,38,600
حماس,Hamas,state,13,حازم,2.1,60,600
حماس,Hamas,state,14,سکوت,2.1,24,600
حماس,Hamas,state,15,سخنگوی,2.0,108,600
حماس,Hamas,irgc_affiliated,1,عزالدین,2.7,31,194
حماس,Hamas,irgc_affiliated,2,حزب‌الله,2.3,39,194
حماس,Hamas,irgc_affiliated,3,پیش‌نویس,2.2,11,194
حماس,Hamas,irgc_affiliated,4,صهیونیست‌ها,2.0,21,194
حماس,Hamas,reformist,1,اسرائیل,4.9,127,112
حماس,Hamas,reformist,2,جنگ,4.8,78,112
حماس,Hamas,reformist,3,ایران,4.7,114,112
حماس,Hamas,reformist,4,واشنگتن,3.9,18,112
حماس,Hamas,reformist,5,منطقه,3.3,48,112
حماس,Hamas,reformist,6,نتانیاهو,3.3,52,112
حماس,Hamas,reformist,7,منبع,3.0,14,112
حماس,Hamas,reformist,8,سوریه,2.9,16,112
حماس,Hamas,reformist,9,اسرائیلی,2.8,25,112
حماس,Hamas,reformist,10,تهدید,2.8,19,112
حماس,Hamas,reformist,11,مدعی,2.5,30,112
حماس,Hamas,reformist,12,ترامپ,2.5,44,112
حماس,Hamas,reformist,13,ترکیه,2.2,24,112
حماس,Hamas,reformist,14,خلع سلاح,2.2,38,112
حماس,Hamas,reformist,15,سلاح‌های,2.2,9,112
کویت,Kuwait,state,1,جمهوری اسلامی ایران,4.6,217,1030
کویت,Kuwait,state,2,بسم الله قاصم الجبارین,4.3,35,1030
کویت,Kuwait,state,3,روابط عمومی سپاه پاسداران انقلاب اسلامی,4.0,50,1030
کویت,Kuwait,state,4,ارتش,3.8,576,1030
کویت,Kuwait,state,5,رئیس‌جمهور,3.6,45,1030
کویت,Kuwait,state,6,متن,3.2,18,1030
کویت,Kuwait,state,7,پهپادی,3.1,284,1030
کویت,Kuwait,state,8,اطلاعیه,3.0,40,1030
کویت,Kuwait,state,9,واشنگتن,3.0,48,1030
کویت,Kuwait,state,10,الله,2.9,26,1030
کویت,Kuwait,state,11,بقائی,2.8,31,1030
کویت,Kuwait,state,12,بیانیه‌ای,2.8,23,1030
کویت,Kuwait,state,13,حملات,2.8,462,1030
کویت,Kuwait,state,14,پنجشنبه,2.8,20,1030
کویت,Kuwait,state,15,حقوق بین‌الملل,2.8,17,1030
کویت,Kuwait,irgc_affiliated,1,درصد,4.7,62,960
کویت,Kuwait,irgc_affiliated,2,منابع,4.7,131,960
کویت,Kuwait,irgc_affiliated,3,گروه,4.6,50,960
کویت,Kuwait,irgc_affiliated,4,تصاویر,4.1,62,960
کویت,Kuwait,irgc_affiliated,5,تفسیر جنگ,4.1,21,960
کویت,Kuwait,irgc_affiliated,6,شنیده‌شدن,3.8,28,960
کویت,Kuwait,irgc_affiliated,7,تولید,3.6,106,960
کویت,Kuwait,irgc_affiliated,8,انفجارها,3.2,34,960
کویت,Kuwait,irgc_affiliated,9,نیروگاه,2.7,41,960
کویت,Kuwait,irgc_affiliated,10,مسئول,2.7,17,960
کویت,Kuwait,irgc_affiliated,11,انفجارهایی,2.7,18,960
کویت,Kuwait,irgc_affiliated,12,شلیک,2.7,53,960
کویت,Kuwait,irgc_affiliated,13,کویت,2.6,1566,960
کویت,Kuwait,irgc_affiliated,14,پهپاد,2.6,95,960
کویت,Kuwait,irgc_affiliated,15,لرزاند,2.6,16,960
کویت,Kuwait,reformist,1,ایران,5.7,467,446
کویت,Kuwait,reformist,2,جنگ,5.4,151,446
کویت,Kuwait,reformist,3,تویی,5.1,21,446
کویت,Kuwait,reformist,4,خلیج فارس,4.3,76,446
کویت,Kuwait,reformist,5,خاورمیانه,4.0,29,446
کویت,Kuwait,reformist,6,اقتصادی,3.9,29,446
کویت,Kuwait,reformist,7,کشورهای عربی,3.7,22,446
کویت,Kuwait,reformist,8,کاهش,3.7,55,446
کویت,Kuwait,reformist,9,عربستان سعودی,3.6,43,446
کویت,Kuwait,reformist,10,کشورها,3.4,34,446
کویت,Kuwait,reformist,11,توافق,3.3,29,446
کویت,Kuwait,reformist,12,امنیت,3.2,39,446
کویت,Kuwait,reformist,13,اسرائیل,3.1,50,446
کویت,Kuwait,reformist,14,کردیم,3.0,15,446
کویت,Kuwait,reformist,15,کشورهای,3.0,80,446
داعش,ISIS,irgc_affiliated,1,قسد,2.1,20,142
ژاپن,Japan,state,1,تایمز,2.8,52,546
ژاپن,Japan,state,2,آسیا,2.7,152,546
ژاپن,Japan,state,3,توکیو,2.6,113,546
ژاپن,Japan,state,4,دیدار,2.6,48,546
ژاپن,Japan,state,5,والیبال,2.5,54,546
ژاپن,Japan,state,6,تجاوز,2.3,38,546
ژاپن,Japan,state,7,توافق,2.2,66,546
ژاپن,Japan,state,8,جهان,2.1,124,546
ژاپن,Japan,state,9,نیکی,2.0,19,546
ژاپن,Japan,state,10,کوریل,2.0,19,546
ژاپن,Japan,state,11,نظام,2.0,19,546
ژاپن,Japan,state,12,وزیر امور خارجه,2.0,60,546
ژاپن,Japan,irgc_affiliated,1,مؤسسه,5.0,30,240
ژاپن,Japan,irgc_affiliated,2,مرکز,3.3,17,240
ژاپن,Japan,irgc_affiliated,3,ساعت,2.8,25,240
ژاپن,Japan,irgc_affiliated,4,پرداخت,2.6,17,240
ژاپن,Japan,irgc_affiliated,5,شرکت,2.6,30,240
ژاپن,Japan,irgc_affiliated,6,رتبه,2.6,15,240
ژاپن,Japan,irgc_affiliated,7,تولید,2.6,37,240
ژاپن,Japan,irgc_affiliated,8,برد,2.4,22,240
ژاپن,Japan,irgc_affiliated,9,دنیا,2.4,14,240
ژاپن,Japan,irgc_affiliated,10,محاصره,2.4,16,240
ژاپن,Japan,irgc_affiliated,11,نفتکش,2.3,17,240
ژاپن,Japan,irgc_affiliated,12,مسئله,2.3,16,240
ژاپن,Japan,irgc_affiliated,13,گاز,2.2,23,240
ژاپن,Japan,irgc_affiliated,14,شبکه,2.2,22,240
ژاپن,Japan,irgc_affiliated,15,امارات,2.1,12,240
ژاپن,Japan,reformist,1,خروج,3.0,16,147
ژاپن,Japan,reformist,2,نیروهای,2.6,14,147
ژاپن,Japan,reformist,3,روسیه,2.2,39,147
ژاپن,Japan,reformist,4,جامعه,2.2,14,147
ژاپن,Japan,reformist,5,مذاکرات,2.1,21,147
ژاپن,Japan,reformist,6,ایالات متحده,2.0,33,147
ژاپن,Japan,reformist,7,اسرائیل,2.0,22,147
یمن,Yemen,state,1,جهان,6.3,244,1242
یمن,Yemen,state,2,جنبش,3.9,96,1242
یمن,Yemen,state,3,مهم‌ترین خبرهای,3.6,23,1242
یمن,Yemen,state,4,هیات,3.6,34,1242
یمن,Yemen,state,5,دفتر سیاسی جنبش,3.5,67,1242
یمن,Yemen,state,6,مرداد,3.5,23,1242
یمن,Yemen,state,7,انصارالله یمن,3.4,321,1242
یمن,Yemen,state,8,رژیم صهیونیستی,3.3,183,1242
یمن,Yemen,state,9,بحران,3.3,56,1242
یمن,Yemen,state,10,رسانه‌های,3.2,73,1242
یمن,Yemen,state,11,صهیونیستی,3.1,153,1242
یمن,Yemen,state,12,شبه,3.0,18,1242
یمن,Yemen,state,13,حمایت,2.8,212,1242
یمن,Yemen,state,14,عراقچی,2.8,24,1242
یمن,Yemen,state,15,مستعفی,2.7,17,1242
یمن,Yemen,irgc_affiliated,1,سعودی,8.6,413,955
یمن,Yemen,irgc_affiliated,2,مزدوران,5.3,113,955
یمن,Yemen,irgc_affiliated,3,خبرنگار,4.8,49,955
یمن,Yemen,irgc_affiliated,4,باب‌المندب,4.3,80,955
یمن,Yemen,irgc_affiliated,5,یمنی,4.1,148,955
یمن,Yemen,irgc_affiliated,6,صنعا,4.0,242,955
یمن,Yemen,irgc_affiliated,7,محاصره,3.7,252,955
یمن,Yemen,irgc_affiliated,8,ینبع,3.3,48,955
یمن,Yemen,irgc_affiliated,9,یمنی‌ها,3.3,57,955
یمن,Yemen,irgc_affiliated,10,یمن,3.2,1598,955
یمن,Yemen,irgc_affiliated,11,صادرات,3.2,35,955
یمن,Yemen,irgc_affiliated,12,نیروهای مسلح,2.8,255,955
یمن,Yemen,irgc_affiliated,13,جشن,2.7,15,955
یمن,Yemen,irgc_affiliated,14,صبر,2.7,20,955
یمن,Yemen,irgc_affiliated,15,آرامکو,2.6,48,955
یمن,Yemen,reformist,1,حوثی‌ها,7.0,37,323
یمن,Yemen,reformist,2,امارات,6.1,73,323
یمن,Yemen,reformist,3,ایران,5.9,401,323
یمن,Yemen,reformist,4,توافقی,4.9,16,323
یمن,Yemen,reformist,5,میلیون,4.8,26,323
یمن,Yemen,reformist,6,ابوظبی,4.4,21,323
یمن,Yemen,reformist,7,خلیج فارس,3.8,24,323
یمن,Yemen,reformist,8,عمان,3.7,21,323
یمن,Yemen,reformist,9,سطح,3.5,22,323
یمن,Yemen,reformist,10,منطقه‌ای,3.4,43,323
یمن,Yemen,reformist,11,عبور,3.4,44,323
یمن,Yemen,reformist,12,دریای سرخ,3.3,71,323
یمن,Yemen,reformist,13,سودان,3.2,13,323
یمن,Yemen,reformist,14,سوریه,3.2,25,323
یمن,Yemen,reformist,15,قطر,3.2,14,323
چین,China,state,1,اتحادیه اروپا,5.3,65,1726
چین,China,state,2,پکن,5.3,602,1726
چین,China,state,3,تایمز,5.2,54,1726
چین,China,state,4,آسیا,5.2,164,1726
چین,China,state,5,رسانه‌های,4.8,100,1726
چین,China,state,6,تومان,4.8,57,1726
چین,China,state,7,لبنان,4.8,88,1726
چین,China,state,8,قهرمانی,4.7,93,1726
چین,China,state,9,پرونده,4.6,89,1726
چین,China,state,10,تجاوز,4.5,116,1726
چین,China,state,11,بازتاب روزانه جنگ,4.3,39,1726
چین,China,state,12,جمهوری اسلامی ایران,4.3,140,1726
چین,China,state,13,گاردین,4.2,35,1726
چین,China,state,14,واشنگتن,4.1,316,1726
چین,China,state,15,صلح,4.0,224,1726
چین,China,irgc_affiliated,1,نفتکش,6.7,55,898
چین,China,irgc_affiliated,2,مؤسسه,6.0,33,898
چین,China,irgc_affiliated,3,چین,5.9,1865,898
چین,China,irgc_affiliated,4,گرینلند,5.8,41,898
چین,China,irgc_affiliated,5,عبور,5.4,109,898
چین,China,irgc_affiliated,6,موشک‌های,4.7,43,898
چین,China,irgc_affiliated,7,بالگرد,4.7,19,898
چین,China,irgc_affiliated,8,شرکت,4.6,81,898
چین,China,irgc_affiliated,9,نپال,4.6,36,898
چین,China,irgc_affiliated,10,تایوان,4.6,108,898
چین,China,irgc_affiliated,11,تفسیر جنگ,4.5,21,898
چین,China,irgc_affiliated,12,سیل,4.4,30,898
چین,China,irgc_affiliated,13,شهر,4.3,49,898
چین,China,irgc_affiliated,14,کشتی,4.3,63,898
چین,China,irgc_affiliated,15,مهمات,4.2,31,898
چین,China,reformist,1,ایالات متحده,7.5,166,751
چین,China,reformist,2,نفت,5.3,224,751
چین,China,reformist,3,کار,5.2,83,751
چین,China,reformist,4,احتمالا,5.0,45,751
چین,China,reformist,5,توافق,4.5,136,751
چین,China,reformist,6,میلیون,4.4,58,751
چین,China,reformist,7,حکومت,4.4,23,751
چین,China,reformist,8,تحلیل,4.2,35,751
چین,China,reformist,9,کمتر,4.1,32,751
چین,China,reformist,10,آزادسازی,4.1,17,751
چین,China,reformist,11,مادورو,4.1,21,751
چین,China,reformist,12,شویم,3.9,16,751
چین,China,reformist,13,انتظار,3.9,48,751
چین,China,reformist,14,نفتی,3.9,52,751
چین,China,reformist,15,اختیار,3.8,42,751
غزه,Gaza,state,1,جهان,6.7,373,1888
غزه,Gaza,state,2,هزار,6.6,397,1888
غزه,Gaza,state,3,رژیم صهیونیستی,6.1,1213,1888
غزه,Gaza,state,4,مجروحان,5.8,94,1888
غزه,Gaza,state,5,شهدای,5.6,183,1888
غزه,Gaza,state,6,صلح,5.5,354,1888
غزه,Gaza,state,7,خبرگزاری,5.1,89,1888
غزه,Gaza,state,8,وزارت بهداشت,5.1,124,1888
غزه,Gaza,state,9,فلسطین,4.7,672,1888
غزه,Gaza,state,10,شهدا,4.6,97,1888
غزه,Gaza,state,11,شهاب,4.5,51,1888
غزه,Gaza,state,12,هیات,4.4,74,1888
غزه,Gaza,state,13,تداوم,4.4,139,1888
غزه,Gaza,state,14,آتش‌بس,4.3,304,1888
غزه,Gaza,state,15,عرب,4.2,44,1888
غزه,Gaza,irgc_affiliated,1,شهر,7.2,207,972
غزه,Gaza,irgc_affiliated,2,خان‌یونس,7.1,78,972
غزه,Gaza,irgc_affiliated,3,منابع محلی,6.1,43,972
غزه,Gaza,irgc_affiliated,4,جنوب,5.8,114,972
غزه,Gaza,irgc_affiliated,5,سواحل,4.8,35,972
غزه,Gaza,irgc_affiliated,6,محله,4.6,44,972
غزه,Gaza,irgc_affiliated,7,عزالدین,4.6,38,972
غزه,Gaza,irgc_affiliated,8,حمله پهپادی رژیم صهیونیستی,4.4,36,972
غزه,Gaza,irgc_affiliated,9,شمال,4.4,84,972
غزه,Gaza,irgc_affiliated,10,مسکونی,4.3,49,972
غزه,Gaza,irgc_affiliated,11,گلوله,4.3,23,972
غزه,Gaza,irgc_affiliated,12,النصیرات,4.2,21,972
غزه,Gaza,irgc_affiliated,13,مرکز,4.2,125,972
غزه,Gaza,irgc_affiliated,14,الحداد,4.2,23,972
غزه,Gaza,irgc_affiliated,15,صهیونیست‌ها,4.1,90,972
غزه,Gaza,reformist,1,ایران,7.8,391,421
غزه,Gaza,reformist,2,اسرائیل,6.9,418,421
غزه,Gaza,reformist,3,نتانیاهو,5.6,140,421
غزه,Gaza,reformist,4,کار,5.3,51,421
غزه,Gaza,reformist,5,خاورمیانه,5.2,42,421
غزه,Gaza,reformist,6,ترامپ,5.1,151,421
غزه,Gaza,reformist,7,سوریه,5.0,42,421
غزه,Gaza,reformist,8,اقتصادی,4.8,37,421
غزه,Gaza,reformist,9,آمریکا,4.6,259,421
غزه,Gaza,reformist,10,ایالات متحده,4.4,42,421
غزه,Gaza,reformist,11,جنگ,4.2,238,421
غزه,Gaza,reformist,12,کردیم,4.2,24,421
غزه,Gaza,reformist,13,ایرانی‌ها,4.0,12,421
غزه,Gaza,reformist,14,پیمان,3.9,17,421
غزه,Gaza,reformist,15,عبری,3.8,17,421
قطر,Qatar,state,1,تحولات,6.5,229,1213
قطر,Qatar,state,2,منطقه,5.5,715,1213
قطر,Qatar,state,3,رایزنی,5.4,137,1213
قطر,Qatar,state,4,رژیم صهیونیستی,5.3,165,1213
قطر,Qatar,state,5,تلفنی,5.1,71,1213
قطر,Qatar,state,6,جمهوری اسلامی ایران,5.0,228,1213
قطر,Qatar,state,7,وزیر,4.8,372,1213
قطر,Qatar,state,8,وزیران,4.8,51,1213
قطر,Qatar,state,9,وزیر امور خارجه,4.7,298,1213
قطر,Qatar,state,10,آل ثانی,4.6,113,1213
قطر,Qatar,state,11,خانه,4.6,36,1213
قطر,Qatar,state,12,کاهش تنش‌ها,4.4,93,1213
قطر,Qatar,state,13,ضرورت,4.3,63,1213
قطر,Qatar,state,14,آتش‌بس,4.3,113,1213
قطر,Qatar,state,15,گفت‌وگوی تلفنی,4.1,73,1213
قطر,Qatar,irgc_affiliated,1,تولید,6.2,110,766
قطر,Qatar,irgc_affiliated,2,درصد,6.1,104,766
قطر,Qatar,irgc_affiliated,3,فوتبال,5.2,43,766
قطر,Qatar,irgc_affiliated,4,هلیوم,5.1,42,766
قطر,Qatar,irgc_affiliated,5,برق,5.0,33,766
قطر,Qatar,irgc_affiliated,6,نیروگاه,4.8,23,766
قطر,Qatar,irgc_affiliated,7,اسکوچیچ,4.7,24,766
قطر,Qatar,irgc_affiliated,8,تراکتور,4.7,50,766
قطر,Qatar,irgc_affiliated,9,صنایع,4.4,25,766
قطر,Qatar,irgc_affiliated,10,تامین,4.3,67,766
قطر,Qatar,irgc_affiliated,11,راس‌لفان,4.3,24,766
قطر,Qatar,irgc_affiliated,12,مواد,4.2,19,766
قطر,Qatar,irgc_affiliated,13,باشگاه,4.1,25,766
قطر,Qatar,irgc_affiliated,14,ورزشگاه,3.9,28,766
قطر,Qatar,irgc_affiliated,15,آمریکایی,3.8,182,766
قطر,Qatar,reformist,1,ترامپ,5.9,177,535
قطر,Qatar,reformist,2,افغانستان,4.8,22,535
قطر,Qatar,reformist,3,جنگ,4.6,252,535
قطر,Qatar,reformist,4,تویی,4.6,21,535
قطر,Qatar,reformist,5,نیویورک‌تایمز,4.5,19,535
قطر,Qatar,reformist,6,مذاکرات,4.4,251,535
قطر,Qatar,reformist,7,منابع,4.3,80,535
قطر,Qatar,reformist,8,ادعای,4.2,43,535
قطر,Qatar,reformist,9,هسته‌ای,4.0,56,535
قطر,Qatar,reformist,10,تهران,4.0,160,535
قطر,Qatar,reformist,11,ایران,3.7,884,535
قطر,Qatar,reformist,12,احتمالا,3.7,22,535
قطر,Qatar,reformist,13,هرمز,3.6,16,535
قطر,Qatar,reformist,14,اختیار,3.6,24,535
قطر,Qatar,reformist,15,مدعی,3.6,58,535
