country,label,peak,week_start,per_1000_words,rank,term,z,count
مقاومت عراق / حشد شعبی,Iraqi militias,1,2026-07-27,0.261,1,عربستان,7.2,74
مقاومت عراق / حشد شعبی,Iraqi militias,1,2026-07-27,0.261,2,سعودی,5.0,31
مقاومت عراق / حشد شعبی,Iraqi militias,1,2026-07-27,0.261,3,تجاوز,4.7,37
مقاومت عراق / حشد شعبی,Iraqi militias,1,2026-07-27,0.261,4,مقرهای,3.5,25
مقاومت عراق / حشد شعبی,Iraqi militias,1,2026-07-27,0.261,5,محکوم,3.3,18
مقاومت عراق / حشد شعبی,Iraqi militias,1,2026-07-27,0.261,6,شهدای,2.8,19
مقاومت عراق / حشد شعبی,Iraqi militias,1,2026-07-27,0.261,7,حشد شعبی,2.7,47
مقاومت عراق / حشد شعبی,Iraqi militias,1,2026-07-27,0.261,8,مشترک,2.4,18
مقاومت عراق / حشد شعبی,Iraqi militias,1,2026-07-27,0.261,9,حملات,2.3,40
مقاومت عراق / حشد شعبی,Iraqi militias,1,2026-07-27,0.261,10,زخمی,2.2,12
مقاومت عراق / حشد شعبی,Iraqi militias,2,2026-03-09,0.154,1,عزیز,4.5,26
مقاومت عراق / حشد شعبی,Iraqi militias,2,2026-03-09,0.154,2,جبهه مقاومت,2.8,21
مقاومت عراق / حشد شعبی,Iraqi militias,2,2026-03-09,0.154,3,دشمن,2.8,40
مقاومت عراق / حشد شعبی,Iraqi militias,2,2026-03-09,0.154,4,رزمندگان,2.5,18
مقاومت عراق / حشد شعبی,Iraqi militias,2,2026-03-09,0.154,5,فرودگاه,2.2,17
مقاومت عراق / حشد شعبی,Iraqi militias,2,2026-03-09,0.154,6,آمریکایی,2.1,62
امارات,UAE,1,2026-05-04,1.357,1,فجیره,8.2,57
امارات,UAE,1,2026-05-04,1.357,2,بندر فجیره,7.8,45
امارات,UAE,1,2026-05-04,1.357,3,تنگه هرمز,7.3,142
امارات,UAE,1,2026-05-04,1.357,4,پروژه,7.2,36
امارات,UAE,1,2026-05-04,1.357,5,اقدامی,7.1,32
امارات,UAE,1,2026-05-04,1.357,6,امارات,6.8,628
امارات,UAE,1,2026-05-04,1.357,7,بندر,6.3,59
امارات,UAE,1,2026-05-04,1.357,8,کشتی,6.1,68
امارات,UAE,1,2026-05-04,1.357,9,کوبنده,6.0,18
امارات,UAE,1,2026-05-04,1.357,10,نیروهای مسلح جمهوری اسلامی ایران,6.0,20
امارات,UAE,1,2026-05-04,1.357,11,حنظله,5.9,18
امارات,UAE,1,2026-05-04,1.357,12,آزادی,5.7,22
امارات,UAE,1,2026-05-04,1.357,13,پدافند هوایی,5.6,31
امارات,UAE,1,2026-05-04,1.357,14,اوپک,5.6,37
امارات,UAE,1,2026-05-04,1.357,15,منتسب,5.4,14
امارات,UAE,2,2026-05-11,0.99,1,نتانیاهو,14.3,99
امارات,UAE,2,2026-05-11,0.99,2,سفر,14.2,107
امارات,UAE,2,2026-05-11,0.99,3,بریکس,9.9,41
امارات,UAE,2,2026-05-11,0.99,4,تکذیب,7.9,31
امارات,UAE,2,2026-05-11,0.99,5,نخست‌وزیر,7.7,30
امارات,UAE,2,2026-05-11,0.99,6,نماینده,6.9,31
امارات,UAE,2,2026-05-11,0.99,7,مخفیانه,6.6,19
امارات,UAE,2,2026-05-11,0.99,8,دفتر,6.4,28
امارات,UAE,2,2026-05-11,0.99,9,عراقچی,6.0,34
امارات,UAE,2,2026-05-11,0.99,10,براکه,5.2,13
امارات,UAE,2,2026-05-11,0.99,11,موساد,5.0,15
امارات,UAE,2,2026-05-11,0.99,12,بازیگر,4.8,12
امارات,UAE,2,2026-05-11,0.99,13,محمد,4.7,32
امارات,UAE,2,2026-05-11,0.99,14,اسرائیل,4.7,109
امارات,UAE,2,2026-05-11,0.99,15,محافظت,4.6,12
جمهوری آذربایجان,Rep. of Azerbaijan,1,2026-02-09,0.203,1,سفر,4.2,24
جمهوری آذربایجان,Rep. of Azerbaijan,1,2026-02-09,0.203,2,تبریک,3.1,15
جمهوری آذربایجان,Rep. of Azerbaijan,1,2026-02-09,0.203,3,بارندگی,2.9,9
جمهوری آذربایجان,Rep. of Azerbaijan,1,2026-02-09,0.203,4,امنیتی,2.8,14
جمهوری آذربایجان,Rep. of Azerbaijan,1,2026-02-09,0.203,5,پیام,2.6,12
جمهوری آذربایجان,Rep. of Azerbaijan,1,2026-02-09,0.203,6,تقویت,2.5,13
جمهوری آذربایجان,Rep. of Azerbaijan,1,2026-02-09,0.203,7,مناسبت,2.4,8
جمهوری آذربایجان,Rep. of Azerbaijan,1,2026-02-09,0.203,8,دیپلماتیک,2.0,6
جمهوری آذربایجان,Rep. of Azerbaijan,1,2026-02-09,0.203,9,هزار,2.0,8
جمهوری آذربایجان,Rep. of Azerbaijan,2,2026-06-22,0.183,1,قالیباف,7.9,35
جمهوری آذربایجان,Rep. of Azerbaijan,2,2026-06-22,0.183,2,مجالس,7.7,33
جمهوری آذربایجان,Rep. of Azerbaijan,2,2026-06-22,0.183,3,رئیس مجلس شورای اسلامی,7.1,28
جمهوری آذربایجان,Rep. of Azerbaijan,2,2026-06-22,0.183,4,اتحادیه,6.8,26
جمهوری آذربایجان,Rep. of Azerbaijan,2,2026-06-22,0.183,5,اسلامی,6.6,34
جمهوری آذربایجان,Rep. of Azerbaijan,2,2026-06-22,0.183,6,اجلاس,6.6,30
جمهوری آذربایجان,Rep. of Azerbaijan,2,2026-06-22,0.183,7,عضو سازمان همکاری,6.5,24
جمهوری آذربایجان,Rep. of Azerbaijan,2,2026-06-22,0.183,8,کشورهای,4.3,36
جمهوری آذربایجان,Rep. of Azerbaijan,2,2026-06-22,0.183,9,نسبی دما,4.3,13
جمهوری آذربایجان,Rep. of Azerbaijan,2,2026-06-22,0.183,10,باکو,4.3,42
جمهوری آذربایجان,Rep. of Azerbaijan,2,2026-06-22,0.183,11,شرکت,3.5,15
جمهوری آذربایجان,Rep. of Azerbaijan,2,2026-06-22,0.183,12,وزش باد,3.1,21
جمهوری آذربایجان,Rep. of Azerbaijan,2,2026-06-22,0.183,13,دکتر,2.9,9
جمهوری آذربایجان,Rep. of Azerbaijan,2,2026-06-22,0.183,14,پایتخت,2.3,10
جمهوری آذربایجان,Rep. of Azerbaijan,2,2026-06-22,0.183,15,مجلس,2.3,11
آذربایجان شرقی/غربی (Iranian provinces),,1,2026-02-16,0.226,1,دیدار,9.3,60
آذربایجان شرقی/غربی (Iranian provinces),,1,2026-02-16,0.226,2,این‌ها,9.1,55
آذربایجان شرقی/غربی (Iranian provinces),,1,2026-02-16,0.226,3,جمهوری اسلامی,8.0,47
آذربایجان شرقی/غربی (Iranian provinces),,1,2026-02-16,0.226,4,رهبر,7.8,42
آذربایجان شرقی/غربی (Iranian provinces),,1,2026-02-16,0.226,5,مردم,7.5,89
آذربایجان شرقی/غربی (Iranian provinces),,1,2026-02-16,0.226,6,آمریکا,6.6,46
آذربایجان شرقی/غربی (Iranian provinces),,1,2026-02-16,0.226,7,انقلاب,6.5,37
آذربایجان شرقی/غربی (Iranian provinces),,1,2026-02-16,0.226,8,ملت,6.4,28
آذربایجان شرقی/غربی (Iranian provinces),,1,2026-02-16,0.226,9,فتنه,6.2,26
آذربایجان شرقی/غربی (Iranian provinces),,1,2026-02-16,0.226,10,ناو,6.2,26
آذربایجان شرقی/غربی (Iranian provinces),,1,2026-02-16,0.226,11,ارتش,6.1,28
آذربایجان شرقی/غربی (Iranian provinces),,1,2026-02-16,0.226,12,کار,5.9,33
آذربایجان شرقی/غربی (Iranian provinces),,1,2026-02-16,0.226,13,صبح امروز,5.3,26
آذربایجان شرقی/غربی (Iranian provinces),,1,2026-02-16,0.226,14,خامنه‌ای,5.3,20
آذربایجان شرقی/غربی (Iranian provinces),,1,2026-02-16,0.226,15,رئیس‌جمهور,5.2,24
آذربایجان شرقی/غربی (Iranian provinces),,2,2026-04-06,0.091,1,سردسیر,3.4,12
آذربایجان شرقی/غربی (Iranian provinces),,2,2026-04-06,0.091,2,آزادراه,3.4,12
آذربایجان شرقی/غربی (Iranian provinces),,2,2026-04-06,0.091,3,جاسوسی,2.9,15
آذربایجان شرقی/غربی (Iranian provinces),,2,2026-04-06,0.091,4,میانه,2.7,12
آذربایجان شرقی/غربی (Iranian provinces),,2,2026-04-06,0.091,5,نقاط,2.6,28
آذربایجان شرقی/غربی (Iranian provinces),,2,2026-04-06,0.091,6,بوشهر,2.5,10
آذربایجان شرقی/غربی (Iranian provinces),,2,2026-04-06,0.091,7,واقع,2.4,11
آذربایجان شرقی/غربی (Iranian provinces),,2,2026-04-06,0.091,8,صهیونی,2.2,20
آذربایجان شرقی/غربی (Iranian provinces),,2,2026-04-06,0.091,9,تشکیل,2.1,8
آذربایجان شرقی/غربی (Iranian provinces),,2,2026-04-06,0.091,10,اطراف,2.0,9
آذربایجان شرقی/غربی (Iranian provinces),,2,2026-04-06,0.091,11,بارش باران,2.0,12
اتحادیه اروپا,EU / Europe,1,2026-01-26,1.218,1,تروریستی,21.7,184
اتحادیه اروپا,EU / Europe,1,2026-01-26,1.218,2,سپاه,19.2,143
اتحادیه اروپا,EU / Europe,1,2026-01-26,1.218,3,سپاه پاسداران انقلاب اسلامی,15.5,93
اتحادیه اروپا,EU / Europe,1,2026-01-26,1.218,4,سپاه پاسداران,15.2,90
اتحادیه اروپا,EU / Europe,1,2026-01-26,1.218,5,تروریسم,12.0,57
اتحادیه اروپا,EU / Europe,1,2026-01-26,1.218,6,مبارزه,10.5,43
اتحادیه اروپا,EU / Europe,1,2026-01-26,1.218,7,داعش,10.5,43
اتحادیه اروپا,EU / Europe,1,2026-01-26,1.218,8,گروه‌های,9.3,38
اتحادیه اروپا,EU / Europe,1,2026-01-26,1.218,9,خصمانه,9.0,36
اتحادیه اروپا,EU / Europe,1,2026-01-26,1.218,10,غیرمسئولانه,7.7,24
اتحادیه اروپا,EU / Europe,1,2026-01-26,1.218,11,نهاد,7.7,33
اتحادیه اروپا,EU / Europe,1,2026-01-26,1.218,12,سازمان‌های,7.7,23
اتحادیه اروپا,EU / Europe,1,2026-01-26,1.218,13,خواندن,7.5,23
اتحادیه اروپا,EU / Europe,1,2026-01-26,1.218,14,نهادی,7.2,20
اتحادیه اروپا,EU / Europe,1,2026-01-26,1.218,15,نیروهای مسلح جمهوری اسلامی ایران,7.1,21
اتحادیه اروپا,EU / Europe,2,2026-04-20,0.69,1,دلار,6.2,38
اتحادیه اروپا,EU / Europe,2,2026-04-20,0.69,2,انرژی,5.9,85
اتحادیه اروپا,EU / Europe,2,2026-04-20,0.69,3,جبهه,5.5,16
اتحادیه اروپا,EU / Europe,2,2026-04-20,0.69,4,قیمت بنزین,5.3,17
اتحادیه اروپا,EU / Europe,2,2026-04-20,0.69,5,پهلوی,5.2,18
اتحادیه اروپا,EU / Europe,2,2026-04-20,0.69,6,وام,5.1,16
اتحادیه اروپا,EU / Europe,2,2026-04-20,0.69,7,قیمت‌های,5.1,14
اتحادیه اروپا,EU / Europe,2,2026-04-20,0.69,8,کمیسر,5.0,16
اتحادیه اروپا,EU / Europe,2,2026-04-20,0.69,9,مالیات,4.9,14
اتحادیه اروپا,EU / Europe,2,2026-04-20,0.69,10,تعلیق,4.8,20
اتحادیه اروپا,EU / Europe,2,2026-04-20,0.69,11,اسلوونی,4.5,10
اتحادیه اروپا,EU / Europe,2,2026-04-20,0.69,12,ایستاده,4.5,12
اتحادیه اروپا,EU / Europe,2,2026-04-20,0.69,13,تابستان,4.3,11
اتحادیه اروپا,EU / Europe,2,2026-04-20,0.69,14,ایرلند,4.3,11
اتحادیه اروپا,EU / Europe,2,2026-04-20,0.69,15,احتمالا,4.0,15
فلسطین اشغالی (Israel),,1,2026-03-16,0.418,1,عراد,5.6,20
فلسطین اشغالی (Israel),,1,2026-03-16,0.418,2,حمله موشکی,4.0,54
فلسطین اشغالی (Israel),,1,2026-03-16,0.418,3,دستور,3.1,10
فلسطین اشغالی (Israel),,1,2026-03-16,0.418,4,دیمونا,2.9,16
فلسطین اشغالی (Israel),,1,2026-03-16,0.418,5,رهگیری,2.8,12
فلسطین اشغالی (Israel),,1,2026-03-16,0.418,6,جنوب,2.4,42
فلسطین اشغالی (Israel),,1,2026-03-16,0.418,7,آژیرهای هشدار,2.3,41
فلسطین اشغالی (Israel),,1,2026-03-16,0.418,8,مرزی,2.3,17
فلسطین اشغالی (Israel),,1,2026-03-16,0.418,9,گسترده,2.2,20
فلسطین اشغالی (Israel),,1,2026-03-16,0.418,10,اداره,2.1,7
فلسطین اشغالی (Israel),,1,2026-03-16,0.418,11,پالایشگاه,2.1,10
فلسطین اشغالی (Israel),,1,2026-03-16,0.418,12,انتشار,2.0,10
فلسطین اشغالی (Israel),,2,2026-03-30,0.409,1,حزب‌الله,3.4,121
فلسطین اشغالی (Israel),,2,2026-03-30,0.409,2,موشک,3.1,71
فلسطین اشغالی (Israel),,2,2026-03-30,0.409,3,رسانه‌های عبری,2.8,24
فلسطین اشغالی (Israel),,2,2026-03-30,0.409,4,شلیک,2.6,52
فلسطین اشغالی (Israel),,2,2026-03-30,0.409,5,حیفا,2.5,26
فلسطین اشغالی (Israel),,2,2026-03-30,0.409,6,فلسطین اشغالی,2.4,151
فلسطین اشغالی (Israel),,2,2026-03-30,0.409,7,یمن,2.4,18
فلسطین اشغالی (Israel),,2,2026-03-30,0.409,8,نیروهای مسلح,2.1,11
فلسطین اشغالی (Israel),,2,2026-03-30,0.409,9,درصد,2.0,10
عربستان,Saudi Arabia,1,2026-07-27,2.105,1,عراق,27.9,436
عربستان,Saudi Arabia,1,2026-07-27,2.105,2,حملات,12.7,255
عربستان,Saudi Arabia,1,2026-07-27,2.105,3,مقاومت,11.1,84
عربستان,Saudi Arabia,1,2026-07-27,2.105,4,شهدای,10.7,52
عربستان,Saudi Arabia,1,2026-07-27,2.105,5,عراقی,10.4,51
عربستان,Saudi Arabia,1,2026-07-27,2.105,6,تجاوز,9.8,111
عربستان,Saudi Arabia,1,2026-07-27,2.105,7,الحشد الشعبی,8.7,35
عربستان,Saudi Arabia,1,2026-07-27,2.105,8,سعودی,8.3,260
عربستان,Saudi Arabia,1,2026-07-27,2.105,9,محکوم,8.3,53
عربستان,Saudi Arabia,1,2026-07-27,2.105,10,حشد شعبی,8.2,34
عربستان,Saudi Arabia,1,2026-07-27,2.105,11,اربعین,7.7,27
عربستان,Saudi Arabia,1,2026-07-27,2.105,12,مقرهای,7.6,28
عربستان,Saudi Arabia,1,2026-07-27,2.105,13,شهید,7.3,35
عربستان,Saudi Arabia,1,2026-07-27,2.105,14,شهادت,7.2,26
عربستان,Saudi Arabia,1,2026-07-27,2.105,15,کربلا,7.1,24
عربستان,Saudi Arabia,2,2026-08-03,1.714,1,مزدوران,12.4,87
عربستان,Saudi Arabia,2,2026-08-03,1.714,2,یمن,11.7,359
عربستان,Saudi Arabia,2,2026-08-03,1.714,3,توافقنامه,10.9,53
عربستان,Saudi Arabia,2,2026-08-03,1.714,4,دفاعی,10.4,80
عربستان,Saudi Arabia,2,2026-08-03,1.714,5,سعودی,10.2,244
عربستان,Saudi Arabia,2,2026-08-03,1.714,6,مکه,9.6,60
عربستان,Saudi Arabia,2,2026-08-03,1.714,7,مارب,9.5,45
عربستان,Saudi Arabia,2,2026-08-03,1.714,8,ترکیه,8.9,121
عربستان,Saudi Arabia,2,2026-08-03,1.714,9,انبارهای,8.5,31
عربستان,Saudi Arabia,2,2026-08-03,1.714,10,المخا,8.5,45
عربستان,Saudi Arabia,2,2026-08-03,1.714,11,تجمعات,8.1,29
عربستان,Saudi Arabia,2,2026-08-03,1.714,12,تسلیحاتی,7.6,26
عربستان,Saudi Arabia,2,2026-08-03,1.714,13,مواضع,7.6,57
عربستان,Saudi Arabia,2,2026-08-03,1.714,14,نیروهای,7.3,98
عربستان,Saudi Arabia,2,2026-08-03,1.714,15,ائتلاف,7.2,58
"دریای عمان (sea, not the country)",,1,2026-04-13,0.13,1,ارتش,4.9,78
"دریای عمان (sea, not the country)",,1,2026-04-13,0.13,2,بیانیه,4.5,21
"دریای عمان (sea, not the country)",,1,2026-04-13,0.13,3,بنادر,4.2,28
"دریای عمان (sea, not the country)",,1,2026-04-13,0.13,4,نیروهای مسلح جمهوری اسلامی ایران,4.1,17
"دریای عمان (sea, not the country)",,1,2026-04-13,0.13,5,تروریست,3.5,15
"دریای عمان (sea, not the country)",,1,2026-04-13,0.13,6,قانونی,3.3,13
"دریای عمان (sea, not the country)",,1,2026-04-13,0.13,7,دفاعی,3.2,13
"دریای عمان (sea, not the country)",,1,2026-04-13,0.13,8,شناورها,3.2,19
"دریای عمان (sea, not the country)",,1,2026-04-13,0.13,9,آب‌های,3.2,26
"دریای عمان (sea, not the country)",,1,2026-04-13,0.13,10,انقلاب,3.2,16
"دریای عمان (sea, not the country)",,1,2026-04-13,0.13,11,محاصره دریایی,3.1,29
"دریای عمان (sea, not the country)",,1,2026-04-13,0.13,12,اجازه,3.0,19
"دریای عمان (sea, not the country)",,1,2026-04-13,0.13,13,دشمنان,2.9,14
"دریای عمان (sea, not the country)",,1,2026-04-13,0.13,14,دشمن,2.8,40
"دریای عمان (sea, not the country)",,1,2026-04-13,0.13,15,فرمانده,2.6,20
"دریای عمان (sea, not the country)",,2,2026-08-10,0.089,1,چین,3.5,18
"دریای عمان (sea, not the country)",,2,2026-08-10,0.089,2,غیرقانونی,2.6,10
"دریای عمان (sea, not the country)",,2,2026-08-10,0.089,3,مسدود,2.0,10
انصارالله / حوثی‌ها,Houthis,1,2026-08-03,0.222,1,نیروهای,4.3,40
انصارالله / حوثی‌ها,Houthis,1,2026-08-03,0.222,2,المخا,4.0,22
انصارالله / حوثی‌ها,Houthis,1,2026-08-03,0.222,3,مناطق,3.6,15
انصارالله / حوثی‌ها,Houthis,1,2026-08-03,0.222,4,سعودی,2.9,30
انصارالله / حوثی‌ها,Houthis,1,2026-08-03,0.222,5,وابسته,2.9,20
انصارالله / حوثی‌ها,Houthis,1,2026-08-03,0.222,6,مارب,2.7,10
انصارالله / حوثی‌ها,Houthis,1,2026-08-03,0.222,7,بندر,2.4,16
انصارالله / حوثی‌ها,Houthis,1,2026-08-03,0.222,8,یمن,2.4,79
انصارالله / حوثی‌ها,Houthis,1,2026-08-03,0.222,9,الاسد,2.3,9
انصارالله / حوثی‌ها,Houthis,1,2026-08-03,0.222,10,غربی,2.1,8
انصارالله / حوثی‌ها,Houthis,1,2026-08-03,0.222,11,مزدوران,2.1,12
انصارالله / حوثی‌ها,Houthis,1,2026-08-03,0.222,12,حملات,2.1,27
انصارالله / حوثی‌ها,Houthis,1,2026-08-03,0.222,13,موشکی,2.0,14
انصارالله / حوثی‌ها,Houthis,1,2026-08-03,0.222,14,حزام,2.0,8
انصارالله / حوثی‌ها,Houthis,1,2026-08-03,0.222,15,کشته,2.0,9
انصارالله / حوثی‌ها,Houthis,2,2026-07-27,0.212,1,عربستان,4.4,80
انصارالله / حوثی‌ها,Houthis,2,2026-07-27,0.212,2,عراق,3.7,29
انصارالله / حوثی‌ها,Houthis,2,2026-07-27,0.212,3,صادرات,3.5,14
انصارالله / حوثی‌ها,Houthis,2,2026-07-27,0.212,4,مشترک,2.9,11
انصارالله / حوثی‌ها,Houthis,2,2026-07-27,0.212,5,چین,2.7,11
انصارالله / حوثی‌ها,Houthis,2,2026-07-27,0.212,6,زمینی,2.3,9
انصارالله / حوثی‌ها,Houthis,2,2026-07-27,0.212,7,سعودی‌ها,2.1,9
انصارالله / حوثی‌ها,Houthis,2,2026-07-27,0.212,8,محکوم,2.0,9
انصارالله / حوثی‌ها,Houthis,2,2026-07-27,0.212,9,دریای سرخ,2.0,23
انصارالله / حوثی‌ها,Houthis,2,2026-07-27,0.212,10,حملات,2.0,28
افغانستان,Afghanistan,1,2026-02-23,0.338,1,پاکستان,7.8,194
افغانستان,Afghanistan,1,2026-02-23,0.338,2,طالبان,4.9,81
افغانستان,Afghanistan,1,2026-02-23,0.338,3,حملات,3.6,56
افغانستان,Afghanistan,1,2026-02-23,0.338,4,تنش,3.5,20
افغانستان,Afghanistan,1,2026-02-23,0.338,5,گفت‌وگو,3.5,33
افغانستان,Afghanistan,1,2026-02-23,0.338,6,درگیری‌های,2.9,15
افغانستان,Afghanistan,1,2026-02-23,0.338,7,درگیری,2.9,27
افغانستان,Afghanistan,1,2026-02-23,0.338,8,تشدید,2.7,14
افغانستان,Afghanistan,1,2026-02-23,0.338,9,افغان,2.6,15
افغانستان,Afghanistan,1,2026-02-23,0.338,10,مرزی,2.6,24
افغانستان,Afghanistan,1,2026-02-23,0.338,11,پاکستانی,2.6,18
افغانستان,Afghanistan,1,2026-02-23,0.338,12,هوایی,2.3,34
افغانستان,Afghanistan,1,2026-02-23,0.338,13,عراقچی,2.3,14
افغانستان,Afghanistan,1,2026-02-23,0.338,14,سخنگوی وزارت امور خارجه,2.3,14
افغانستان,Afghanistan,1,2026-02-23,0.338,15,کابل,2.0,29
افغانستان,Afghanistan,2,2026-06-29,0.155,1,ادای احترام,6.2,30
افغانستان,Afghanistan,2,2026-06-29,0.155,2,مراسم,4.5,24
افغانستان,Afghanistan,2,2026-06-29,0.155,3,رهبر شهید,4.1,24
افغانستان,Afghanistan,2,2026-06-29,0.155,4,رهبر شهید انقلاب,4.0,18
افغانستان,Afghanistan,2,2026-06-29,0.155,5,بدرقه,3.9,16
افغانستان,Afghanistan,2,2026-06-29,0.155,6,شهید,3.3,21
افغانستان,Afghanistan,2,2026-06-29,0.155,7,هند,2.9,19
افغانستان,Afghanistan,2,2026-06-29,0.155,8,دیدار,2.7,14
افغانستان,Afghanistan,2,2026-06-29,0.155,9,تهران,2.6,20
افغانستان,Afghanistan,2,2026-06-29,0.155,10,پهپاد,2.2,10
افغانستان,Afghanistan,2,2026-06-29,0.155,11,برگزار,2.2,10
افغانستان,Afghanistan,2,2026-06-29,0.155,12,ستاد,2.1,9
انگلیس,United Kingdom,1,2026-07-13,0.607,1,آرژانتین,14.6,84
انگلیس,United Kingdom,1,2026-07-13,0.607,2,گل,11.0,59
انگلیس,United Kingdom,1,2026-07-13,0.607,3,جام جهانی,10.5,82
انگلیس,United Kingdom,1,2026-07-13,0.607,4,دقیقه,8.4,37
انگلیس,United Kingdom,1,2026-07-13,0.607,5,سپاه پاسداران انقلاب اسلامی,8.0,26
انگلیس,United Kingdom,1,2026-07-13,0.607,6,فینال,7.6,23
انگلیس,United Kingdom,1,2026-07-13,0.607,7,فرانسه,6.9,69
انگلیس,United Kingdom,1,2026-07-13,0.607,8,عربستان,6.5,29
انگلیس,United Kingdom,1,2026-07-13,0.607,9,بازیکنان,5.7,17
انگلیس,United Kingdom,1,2026-07-13,0.607,10,خصمانه,5.6,17
انگلیس,United Kingdom,1,2026-07-13,0.607,11,سپاه,5.4,22
انگلیس,United Kingdom,1,2026-07-13,0.607,12,سپاه پاسداران,5.2,14
انگلیس,United Kingdom,1,2026-07-13,0.607,13,انگلیس,5.0,284
انگلیس,United Kingdom,1,2026-07-13,0.607,14,یکشنبه,5.0,14
انگلیس,United Kingdom,1,2026-07-13,0.607,15,بازی,5.0,29
انگلیس,United Kingdom,2,2026-07-20,0.419,1,برنهام,8.0,35
انگلیس,United Kingdom,2,2026-07-20,0.419,2,رده‌بندی,6.8,19
انگلیس,United Kingdom,2,2026-07-20,0.419,3,اندی,6.8,24
انگلیس,United Kingdom,2,2026-07-20,0.419,4,زائران,6.4,16
انگلیس,United Kingdom,2,2026-07-20,0.419,5,مشروع,6.1,21
انگلیس,United Kingdom,2,2026-07-20,0.419,6,سپاه,5.5,22
انگلیس,United Kingdom,2,2026-07-20,0.419,7,واحد,5.1,15
انگلیس,United Kingdom,2,2026-07-20,0.419,8,پادشاهی,5.0,12
انگلیس,United Kingdom,2,2026-07-20,0.419,9,تجاوزات,5.0,12
انگلیس,United Kingdom,2,2026-07-20,0.419,10,هدایت,4.3,13
انگلیس,United Kingdom,2,2026-07-20,0.419,11,فرصت,4.2,10
انگلیس,United Kingdom,2,2026-07-20,0.419,12,دریای سرخ,3.9,11
انگلیس,United Kingdom,2,2026-07-20,0.419,13,ذخایر,3.8,13
انگلیس,United Kingdom,2,2026-07-20,0.419,14,نکنید,3.6,8
انگلیس,United Kingdom,2,2026-07-20,0.419,15,صنعتی,3.5,8
حزب‌الله,Hezbollah,1,2026-06-01,1.387,1,قلعه,9.3,34
حزب‌الله,Hezbollah,1,2026-06-01,1.387,2,الشقیف,7.3,26
حزب‌الله,Hezbollah,1,2026-06-01,1.387,3,بیروت,6.7,56
حزب‌الله,Hezbollah,1,2026-06-01,1.387,4,نبیه بری,6.5,23
حزب‌الله,Hezbollah,1,2026-06-01,1.387,5,متوقف,5.8,37
حزب‌الله,Hezbollah,1,2026-06-01,1.387,6,پیشنهاد,5.5,14
حزب‌الله,Hezbollah,1,2026-06-01,1.387,7,شبانه,5.5,14
حزب‌الله,Hezbollah,1,2026-06-01,1.387,8,ابابیل,5.2,25
حزب‌الله,Hezbollah,1,2026-06-01,1.387,9,حومه,5.2,23
حزب‌الله,Hezbollah,1,2026-06-01,1.387,10,توقف,5.2,52
حزب‌الله,Hezbollah,1,2026-06-01,1.387,11,ضاحیه,5.1,25
حزب‌الله,Hezbollah,1,2026-06-01,1.387,12,فراموش,4.5,11
حزب‌الله,Hezbollah,1,2026-06-01,1.387,13,غنی‌سازی,4.4,10
حزب‌الله,Hezbollah,1,2026-06-01,1.387,14,موافقت,4.3,16
حزب‌الله,Hezbollah,1,2026-06-01,1.387,15,لبنان,4.3,479
حزب‌الله,Hezbollah,2,2026-04-13,1.077,1,آتش‌بس,20.9,276
حزب‌الله,Hezbollah,2,2026-04-13,1.077,2,تنگه هرمز,9.4,63
حزب‌الله,Hezbollah,2,2026-04-13,1.077,3,تردد,9.0,30
حزب‌الله,Hezbollah,2,2026-04-13,1.077,4,امنیت ملی,8.7,28
حزب‌الله,Hezbollah,2,2026-04-13,1.077,5,آتش بس,8.6,51
حزب‌الله,Hezbollah,2,2026-04-13,1.077,6,پذیرش,8.3,32
حزب‌الله,Hezbollah,2,2026-04-13,1.077,7,مشروط,7.9,26
حزب‌الله,Hezbollah,2,2026-04-13,1.077,8,مردم,7.8,115
حزب‌الله,Hezbollah,2,2026-04-13,1.077,9,موقت,7.7,24
حزب‌الله,Hezbollah,2,2026-04-13,1.077,10,بنت‌جبیل,7.6,21
حزب‌الله,Hezbollah,2,2026-04-13,1.077,11,نتیجه,7.5,41
حزب‌الله,Hezbollah,2,2026-04-13,1.077,12,میدان,7.4,69
حزب‌الله,Hezbollah,2,2026-04-13,1.077,13,پاکستان,7.2,22
حزب‌الله,Hezbollah,2,2026-04-13,1.077,14,عبور,7.2,31
حزب‌الله,Hezbollah,2,2026-04-13,1.077,15,جمهوری اسلامی ایران,7.0,63
هند,India,1,2026-05-11,0.54,1,بریکس,13.8,155
هند,India,1,2026-05-11,0.54,2,وزیر امور خارجه,11.0,121
هند,India,1,2026-05-11,0.54,3,عراقچی,10.8,101
هند,India,1,2026-05-11,0.54,4,امور خارجه,9.9,56
هند,India,1,2026-05-11,0.54,5,دیدار,8.2,81
هند,India,1,2026-05-11,0.54,6,وزرای خارجه,7.2,32
هند,India,1,2026-05-11,0.54,7,عضو,7.1,49
هند,India,1,2026-05-11,0.54,8,وزرای,7.0,39
هند,India,1,2026-05-11,0.54,9,اردیبهشت,6.8,26
هند,India,1,2026-05-11,0.54,10,سفر,6.6,56
هند,India,1,2026-05-11,0.54,11,دهلی نو,5.7,34
هند,India,1,2026-05-11,0.54,12,شرکت,5.5,63
هند,India,1,2026-05-11,0.54,13,حاشیه,5.4,28
هند,India,1,2026-05-11,0.54,14,جام جهانی,5.3,18
هند,India,1,2026-05-11,0.54,15,دهلی‌نو,5.1,41
هند,India,2,2026-02-16,0.296,1,رزمایش,11.3,70
هند,India,2,2026-02-16,0.296,2,مرکب,7.6,26
هند,India,2,2026-02-16,0.296,3,دریایی,7.1,68
هند,India,2,2026-02-16,0.296,4,نیروی دریایی,6.9,45
هند,India,2,2026-02-16,0.296,5,هوش مصنوعی,6.7,22
هند,India,2,2026-02-16,0.296,6,دریادار,6.5,20
هند,India,2,2026-02-16,0.296,7,فرمانده,6.4,25
هند,India,2,2026-02-16,0.296,8,میلان,5.9,20
هند,India,2,2026-02-16,0.296,9,برگزار,4.8,27
هند,India,2,2026-02-16,0.296,10,روسیه,4.7,50
هند,India,2,2026-02-16,0.296,11,شمال,4.0,23
هند,India,2,2026-02-16,0.296,12,ارتباطات,3.8,10
هند,India,2,2026-02-16,0.296,13,ناوشکن,3.5,14
هند,India,2,2026-02-16,0.296,14,شرکت,3.4,33
هند,India,2,2026-02-16,0.296,15,نیروی دریایی ارتش جمهوری اسلامی,3.1,8
اسپانیا,Spain,1,2026-07-13,0.448,1,فینال,12.1,119
اسپانیا,Spain,1,2026-07-13,0.448,2,آرژانتین,9.9,106
اسپانیا,Spain,1,2026-07-13,0.448,3,جام جهانی,9.4,176
اسپانیا,Spain,1,2026-07-13,0.448,4,مسی,5.2,30
اسپانیا,Spain,1,2026-07-13,0.448,5,گل,5.2,49
اسپانیا,Spain,1,2026-07-13,0.448,6,فرانسه,4.8,56
اسپانیا,Spain,1,2026-07-13,0.448,7,قهرمانی,4.4,51
اسپانیا,Spain,1,2026-07-13,0.448,8,یکشنبه,4.2,19
اسپانیا,Spain,1,2026-07-13,0.448,9,بازی,4.1,50
اسپانیا,Spain,1,2026-07-13,0.448,10,ساعت,3.6,37
اسپانیا,Spain,1,2026-07-13,0.448,11,دقیقه,3.3,24
اسپانیا,Spain,1,2026-07-13,0.448,12,قهرمان,3.2,15
اسپانیا,Spain,1,2026-07-13,0.448,13,فوتبال,3.0,33
اسپانیا,Spain,1,2026-07-13,0.448,14,دیدار,2.6,30
اسپانیا,Spain,1,2026-07-13,0.448,15,تورس,2.6,10
اسپانیا,Spain,2,2026-07-20,0.325,1,قهرمانی,7.1,74
اسپانیا,Spain,2,2026-07-20,0.325,2,ملت,6.3,35
اسپانیا,Spain,2,2026-07-20,0.325,3,شادمانی,5.6,22
اسپانیا,Spain,2,2026-07-20,0.325,4,تبریک,5.5,32
اسپانیا,Spain,2,2026-07-20,0.325,5,رده‌بندی,4.0,18
اسپانیا,Spain,2,2026-07-20,0.325,6,فیفا,3.5,21
اسپانیا,Spain,2,2026-07-20,0.325,7,آرژانتین,3.3,45
اسپانیا,Spain,2,2026-07-20,0.325,8,فوتبال,3.3,35
اسپانیا,Spain,2,2026-07-20,0.325,9,شکست,3.3,27
اسپانیا,Spain,2,2026-07-20,0.325,10,جام جهانی,3.0,85
اسپانیا,Spain,2,2026-07-20,0.325,11,دنیا,2.6,12
اسپانیا,Spain,2,2026-07-20,0.325,12,متجاوز,2.6,10
اسپانیا,Spain,2,2026-07-20,0.325,13,مردم,2.6,28
اسپانیا,Spain,2,2026-07-20,0.325,14,تیم ملی,2.5,35
اسپانیا,Spain,2,2026-07-20,0.325,15,آتش‌سوزی‌های,2.4,10
ونزوئلا,Venezuela,1,2026-01-05,2.497,1,توقیف,5.6,32
ونزوئلا,Venezuela,1,2026-01-05,2.497,2,حقوق بین‌الملل,5.6,58
ونزوئلا,Venezuela,1,2026-01-05,2.497,3,همسر,5.1,28
ونزوئلا,Venezuela,1,2026-01-05,2.497,4,نقض,4.8,52
ونزوئلا,Venezuela,1,2026-01-05,2.497,5,امنیت,4.5,56
ونزوئلا,Venezuela,1,2026-01-05,2.497,6,نوبل,4.4,19
ونزوئلا,Venezuela,1,2026-01-05,2.497,7,نفتکش,4.1,29
ونزوئلا,Venezuela,1,2026-01-05,2.497,8,جلسه,4.1,27
ونزوئلا,Venezuela,1,2026-01-05,2.497,9,ربوده,4.1,36
ونزوئلا,Venezuela,1,2026-01-05,2.497,10,نماینده,4.1,30
ونزوئلا,Venezuela,1,2026-01-05,2.497,11,دادگاه,4.0,23
ونزوئلا,Venezuela,1,2026-01-05,2.497,12,قوانین بین‌المللی,4.0,30
ونزوئلا,Venezuela,1,2026-01-05,2.497,13,شورای,4.0,39
ونزوئلا,Venezuela,1,2026-01-05,2.497,14,بین‌الملل,3.9,33
ونزوئلا,Venezuela,1,2026-01-05,2.497,15,گرینلند,3.9,28
ونزوئلا,Venezuela,2,2026-06-22,0.378,1,زلزله,11.6,85
ونزوئلا,Venezuela,2,2026-06-22,0.378,2,زمین‌لرزه,9.8,55
ونزوئلا,Venezuela,2,2026-06-22,0.378,3,وقوع,7.1,33
ونزوئلا,Venezuela,2,2026-06-22,0.378,4,لرزاند,6.9,23
ونزوئلا,Venezuela,2,2026-06-22,0.378,5,زخمی,6.9,27
ونزوئلا,Venezuela,2,2026-06-22,0.378,6,تسلیت,6.8,24
ونزوئلا,Venezuela,2,2026-06-22,0.378,7,ریشتر,6.4,20
ونزوئلا,Venezuela,2,2026-06-22,0.378,8,ریشتری,6.0,19
ونزوئلا,Venezuela,2,2026-06-22,0.378,9,ملت,5.9,27
ونزوئلا,Venezuela,2,2026-06-22,0.378,10,آمادگی,5.6,26
ونزوئلا,Venezuela,2,2026-06-22,0.378,11,کشورمان,5.5,22
ونزوئلا,Venezuela,2,2026-06-22,0.378,12,شدید,5.4,25
ونزوئلا,Venezuela,2,2026-06-22,0.378,13,کانادا,5.2,15
ونزوئلا,Venezuela,2,2026-06-22,0.378,14,حادثه,4.7,17
ونزوئلا,Venezuela,2,2026-06-22,0.378,15,تلفات,4.5,20
پاکستان,Pakistan,1,2026-04-06,1.333,1,مذاکرات,18.2,615
پاکستان,Pakistan,1,2026-04-06,1.333,2,آتش‌بس,15.6,283
پاکستان,Pakistan,1,2026-04-06,1.333,3,ایرانی,13.7,264
پاکستان,Pakistan,1,2026-04-06,1.333,4,لبنان,13.2,242
پاکستان,Pakistan,1,2026-04-06,1.333,5,هیئت,12.1,136
پاکستان,Pakistan,1,2026-04-06,1.333,6,مذاکره,10.9,180
پاکستان,Pakistan,1,2026-04-06,1.333,7,هیات,10.9,138
پاکستان,Pakistan,1,2026-04-06,1.333,8,پذیرش,9.8,71
پاکستان,Pakistan,1,2026-04-06,1.333,9,خبرنگار اعزامی,9.3,54
پاکستان,Pakistan,1,2026-04-06,1.333,10,دشمن,8.9,85
پاکستان,Pakistan,1,2026-04-06,1.333,11,اسلام آباد,8.9,126
پاکستان,Pakistan,1,2026-04-06,1.333,12,ونس,8.6,79
پاکستان,Pakistan,1,2026-04-06,1.333,13,مذاکره‌کننده,8.5,41
پاکستان,Pakistan,1,2026-04-06,1.333,14,امریکایی,8.4,39
پاکستان,Pakistan,1,2026-04-06,1.333,15,تیم,8.2,66
پاکستان,Pakistan,2,2026-04-13,1.272,1,آتش‌بس,12.3,198
پاکستان,Pakistan,2,2026-04-13,1.272,2,مذاکرات,10.4,364
پاکستان,Pakistan,2,2026-04-13,1.272,3,آتش بس,9.5,66
پاکستان,Pakistan,2,2026-04-13,1.272,4,محاصره,9.5,56
پاکستان,Pakistan,2,2026-04-13,1.272,5,میدان,9.1,67
پاکستان,Pakistan,2,2026-04-13,1.272,6,رزمندگان,7.4,25
پاکستان,Pakistan,2,2026-04-13,1.272,7,دشمن,7.3,61
پاکستان,Pakistan,2,2026-04-13,1.272,8,فرمانده ارتش پاکستان,6.9,113
پاکستان,Pakistan,2,2026-04-13,1.272,9,شناورهای,6.8,20
پاکستان,Pakistan,2,2026-04-13,1.272,10,حزب‌الله,6.8,25
پاکستان,Pakistan,2,2026-04-13,1.272,11,برقراری,6.7,46
پاکستان,Pakistan,2,2026-04-13,1.272,12,سامانه,6.5,20
پاکستان,Pakistan,2,2026-04-13,1.272,13,لبنان,6.4,129
پاکستان,Pakistan,2,2026-04-13,1.272,14,تیم,6.3,45
پاکستان,Pakistan,2,2026-04-13,1.272,15,اسکورت,6.3,17
ایتالیا,Italy,1,2026-06-22,0.28,1,پایگاه‌های,6.3,46
ایتالیا,Italy,1,2026-06-22,0.28,2,ناتو,5.9,59
ایتالیا,Italy,1,2026-06-22,0.28,3,دبیرکل,4.9,25
ایتالیا,Italy,1,2026-06-22,0.28,4,رومانی,4.3,23
ایتالیا,Italy,1,2026-06-22,0.28,5,پشتیبانی,4.1,19
ایتالیا,Italy,1,2026-06-22,0.28,6,اظهارات,3.9,33
ایتالیا,Italy,1,2026-06-22,0.28,7,تجاوزکارانه,3.9,20
ایتالیا,Italy,1,2026-06-22,0.28,8,مشارکت,3.5,23
ایتالیا,Italy,1,2026-06-22,0.28,9,نظامی,3.0,45
ایتالیا,Italy,1,2026-06-22,0.28,10,تجاوز,2.9,24
ایتالیا,Italy,1,2026-06-22,0.28,11,دولت,2.7,34
ایتالیا,Italy,1,2026-06-22,0.28,12,ایران,2.3,131
ایتالیا,Italy,1,2026-06-22,0.28,13,هرگز,2.2,11
ایتالیا,Italy,1,2026-06-22,0.28,14,اختیار,2.2,11
ایتالیا,Italy,1,2026-06-22,0.28,15,کشور,2.2,49
ایتالیا,Italy,2,2026-04-20,0.224,1,پیشنهاد,4.4,25
ایتالیا,Italy,2,2026-04-20,0.224,2,پهلوی,4.3,18
ایتالیا,Italy,2,2026-04-20,0.224,3,جام جهانی,4.3,51
ایتالیا,Italy,2,2026-04-20,0.224,4,فیفا,3.4,17
ایتالیا,Italy,2,2026-04-20,0.224,5,فوتبال,2.2,20
ایتالیا,Italy,2,2026-04-20,0.224,6,تحولات,2.0,11
اوکراین,Ukraine,1,2026-07-27,0.775,1,عراقچی,6.8,36
اوکراین,Ukraine,1,2026-07-27,0.775,2,کشتی,6.7,60
اوکراین,Ukraine,1,2026-07-27,0.775,3,دریای خزر,6.0,31
اوکراین,Ukraine,1,2026-07-27,0.775,4,ایرانی,5.9,53
اوکراین,Ukraine,1,2026-07-27,0.775,5,شناور,5.7,25
اوکراین,Ukraine,1,2026-07-27,0.775,6,نتانیاهو,5.6,24
اوکراین,Ukraine,1,2026-07-27,0.775,7,محموله,5.0,16
اوکراین,Ukraine,1,2026-07-27,0.775,8,بندر,5.0,26
اوکراین,Ukraine,1,2026-07-27,0.775,9,سیبیها,4.8,14
اوکراین,Ukraine,1,2026-07-27,0.775,10,تولید,4.4,43
اوکراین,Ukraine,1,2026-07-27,0.775,11,عراق,4.4,25
اوکراین,Ukraine,1,2026-07-27,0.775,12,تشدید تنش,4.3,13
اوکراین,Ukraine,1,2026-07-27,0.775,13,کاخ سفید,4.3,19
اوکراین,Ukraine,1,2026-07-27,0.775,14,وزیر امور خارجه,4.1,33
اوکراین,Ukraine,1,2026-07-27,0.775,15,تماس,4.0,17
اوکراین,Ukraine,2,2026-08-10,0.418,1,جنگنده,4.4,12
اوکراین,Ukraine,2,2026-08-10,0.418,2,جبران,4.2,14
اوکراین,Ukraine,2,2026-08-10,0.418,3,اودسا,3.7,13
اوکراین,Ukraine,2,2026-08-10,0.418,4,سیاه,3.7,19
اوکراین,Ukraine,2,2026-08-10,0.418,5,بنادر,3.4,12
اوکراین,Ukraine,2,2026-08-10,0.418,6,سقوط,3.2,9
اوکراین,Ukraine,2,2026-08-10,0.418,7,جهان,3.1,41
اوکراین,Ukraine,2,2026-08-10,0.418,8,موشک‌های رهگیر,3.0,11
اوکراین,Ukraine,2,2026-08-10,0.418,9,موشک‌های بالستیک,3.0,9
اوکراین,Ukraine,2,2026-08-10,0.418,10,دریای,2.9,16
اوکراین,Ukraine,2,2026-08-10,0.418,11,حملات,2.9,53
اوکراین,Ukraine,2,2026-08-10,0.418,12,مهمات,2.7,11
اوکراین,Ukraine,2,2026-08-10,0.418,13,واشنگتن,2.5,19
اوکراین,Ukraine,2,2026-08-10,0.418,14,نابود,2.5,6
اوکراین,Ukraine,2,2026-08-10,0.418,15,توقف,2.4,11
فرانسه,France,1,2026-06-22,0.409,1,عراق,9.9,59
فرانسه,France,1,2026-06-22,0.409,2,ساعت,8.5,50
فرانسه,France,1,2026-06-22,0.409,3,استادیوم,7.4,24
فرانسه,France,1,2026-06-22,0.409,4,نروژ,7.1,27
فرانسه,France,1,2026-06-22,0.409,5,ورزشگاه,6.6,20
فرانسه,France,1,2026-06-22,0.409,6,دقیقه,6.4,31
فرانسه,France,1,2026-06-22,0.409,7,تیر,5.6,26
فرانسه,France,1,2026-06-22,0.409,8,لیگ,5.4,17
فرانسه,France,1,2026-06-22,0.409,9,بازی,5.1,30
فرانسه,France,1,2026-06-22,0.409,10,موج,4.5,16
فرانسه,France,1,2026-06-22,0.409,11,ملت‌ها,4.3,12
فرانسه,France,1,2026-06-22,0.409,12,گرما,4.2,12
فرانسه,France,1,2026-06-22,0.409,13,والیبال,4.0,14
فرانسه,France,1,2026-06-22,0.409,14,مصاف,4.0,10
فرانسه,France,1,2026-06-22,0.409,15,ثبت,4.0,13
فرانسه,France,2,2026-07-13,0.328,1,گل,10.1,54
فرانسه,France,2,2026-07-13,0.328,2,جام جهانی,9.7,74
فرانسه,France,2,2026-07-13,0.328,3,اسپانیا,9.4,62
فرانسه,France,2,2026-07-13,0.328,4,فینال,8.1,29
فرانسه,France,2,2026-07-13,0.328,5,انگلیس,7.4,65
فرانسه,France,2,2026-07-13,0.328,6,دقیقه,6.5,30
فرانسه,France,2,2026-07-13,0.328,7,فوتبال,5.1,27
فرانسه,France,2,2026-07-13,0.328,8,دشان,5.1,15
فرانسه,France,2,2026-07-13,0.328,9,بازی,4.5,25
فرانسه,France,2,2026-07-13,0.328,10,آرژانتین,4.5,16
فرانسه,France,2,2026-07-13,0.328,11,رده‌بندی,4.4,13
فرانسه,France,2,2026-07-13,0.328,12,قهرمانی,4.3,16
فرانسه,France,2,2026-07-13,0.328,13,یکشنبه,4.2,13
فرانسه,France,2,2026-07-13,0.328,14,امباپه,3.9,17
فرانسه,France,2,2026-07-13,0.328,15,ستاره,3.7,9
فلسطین,Palestine,1,2026-05-11,0.402,1,پرچم,9.1,54
فلسطین,Palestine,1,2026-05-11,0.402,2,یامال,8.8,30
فلسطین,Palestine,1,2026-05-11,0.402,3,بارسلونا,7.6,21
فلسطین,Palestine,1,2026-05-11,0.402,4,نکبت,7.3,21
فلسطین,Palestine,1,2026-05-11,0.402,5,ستاره,6.9,17
فلسطین,Palestine,1,2026-05-11,0.402,6,جشن,6.6,19
فلسطین,Palestine,1,2026-05-11,0.402,7,عزالدین,6.5,19
فلسطین,Palestine,1,2026-05-11,0.402,8,الحداد,5.7,13
فلسطین,Palestine,1,2026-05-11,0.402,9,قهرمانی,5.5,17
فلسطین,Palestine,1,2026-05-11,0.402,10,قسام,4.9,11
فلسطین,Palestine,1,2026-05-11,0.402,11,گردان‌های,4.6,14
فلسطین,Palestine,1,2026-05-11,0.402,12,فرمانده,4.6,22
فلسطین,Palestine,1,2026-05-11,0.402,13,فراز,4.2,9
فلسطین,Palestine,1,2026-05-11,0.402,14,جوان,4.2,9
فلسطین,Palestine,1,2026-05-11,0.402,15,فلسطین,3.8,198
فلسطین,Palestine,2,2026-02-09,0.357,1,غیرقانونی,6.1,21
فلسطین,Palestine,2,2026-02-09,0.357,2,ولایتی,5.4,11
فلسطین,Palestine,2,2026-02-09,0.357,3,تصمیم,3.7,14
فلسطین,Palestine,2,2026-02-09,0.357,4,آلبانیز,3.6,8
فلسطین,Palestine,2,2026-02-09,0.357,5,کرانه باختری,3.4,33
فلسطین,Palestine,2,2026-02-09,0.357,6,الحاق,3.3,9
فلسطین,Palestine,2,2026-02-09,0.357,7,کابینه,3.2,10
فلسطین,Palestine,2,2026-02-09,0.357,8,اقدامات,3.1,19
فلسطین,Palestine,2,2026-02-09,0.357,9,حذف,3.0,7
فلسطین,Palestine,2,2026-02-09,0.357,10,گسترش,3.0,14
فلسطین,Palestine,2,2026-02-09,0.357,11,مشترک,2.9,10
فلسطین,Palestine,2,2026-02-09,0.357,12,نعیم قاسم,2.9,10
فلسطین,Palestine,2,2026-02-09,0.357,13,تثبیت,2.8,9
فلسطین,Palestine,2,2026-02-09,0.357,14,مشاور,2.8,6
فلسطین,Palestine,2,2026-02-09,0.357,15,بازیگر,2.8,6
بحرین,Bahrain,1,2026-07-13,0.76,1,کوبیده,7.7,34
بحرین,Bahrain,1,2026-07-13,0.76,2,مرکز,7.7,76
بحرین,Bahrain,1,2026-07-13,0.76,3,دشمن,7.4,102
بحرین,Bahrain,1,2026-07-13,0.76,4,مخازن سوخت,6.8,33
بحرین,Bahrain,1,2026-07-13,0.76,5,شناورها,6.5,24
بحرین,Bahrain,1,2026-07-13,0.76,6,عملیات صاعقه,6.4,37
بحرین,Bahrain,1,2026-07-13,0.76,7,قطعات,6.2,24
بحرین,Bahrain,1,2026-07-13,0.76,8,جنایات,6.0,26
بحرین,Bahrain,1,2026-07-13,0.76,9,درهم,5.9,23
بحرین,Bahrain,1,2026-07-13,0.76,10,کنترل,5.9,44
بحرین,Bahrain,1,2026-07-13,0.76,11,آژیرهای,5.9,42
بحرین,Bahrain,1,2026-07-13,0.76,12,شیخ عیسی,5.6,49
بحرین,Bahrain,1,2026-07-13,0.76,13,ارتش,5.4,119
بحرین,Bahrain,1,2026-07-13,0.76,14,عملیات نصر,5.2,18
بحرین,Bahrain,1,2026-07-13,0.76,15,جنگی,5.0,26
بحرین,Bahrain,2,2026-07-20,0.596,1,سوله‌های,6.8,24
بحرین,Bahrain,2,2026-07-20,0.596,2,مرحله,6.7,55
بحرین,Bahrain,2,2026-07-20,0.596,3,اسکان,5.9,22
بحرین,Bahrain,2,2026-07-20,0.596,4,عملیات صاعقه,5.8,31
بحرین,Bahrain,2,2026-07-20,0.596,5,آمازون,5.8,36
بحرین,Bahrain,2,2026-07-20,0.596,6,آشیانه,5.4,18
بحرین,Bahrain,2,2026-07-20,0.596,7,نگهداری,5.2,24
بحرین,Bahrain,2,2026-07-20,0.596,8,آرش,5.0,16
بحرین,Bahrain,2,2026-07-20,0.596,9,پدافند هوایی,4.9,20
بحرین,Bahrain,2,2026-07-20,0.596,10,انبار,4.8,21
بحرین,Bahrain,2,2026-07-20,0.596,11,پهپادی,4.6,71
بحرین,Bahrain,2,2026-07-20,0.596,12,ارتش,4.6,93
بحرین,Bahrain,2,2026-07-20,0.596,13,لرزاند,4.5,16
بحرین,Bahrain,2,2026-07-20,0.596,14,ملت,4.5,31
بحرین,Bahrain,2,2026-07-20,0.596,15,تعمیر,4.4,12
سوریه,Syria,1,2026-01-19,0.716,1,قسد,5.8,39
سوریه,Syria,1,2026-01-19,0.716,2,کردهای,5.7,18
سوریه,Syria,1,2026-01-19,0.716,3,دموکراتیک,3.4,13
سوریه,Syria,1,2026-01-19,0.716,4,فرار,3.3,11
سوریه,Syria,1,2026-01-19,0.716,5,تحویل,3.2,10
سوریه,Syria,1,2026-01-19,0.716,6,آتش‌بس,3.1,10
سوریه,Syria,1,2026-01-19,0.716,7,شرق,3.0,17
سوریه,Syria,1,2026-01-19,0.716,8,فرانسه,3.0,13
سوریه,Syria,1,2026-01-19,0.716,9,داعش,2.6,28
سوریه,Syria,1,2026-01-19,0.716,10,بزرگی,2.6,7
سوریه,Syria,1,2026-01-19,0.716,11,زندانیان,2.4,8
سوریه,Syria,1,2026-01-19,0.716,12,عراق,2.3,43
سوریه,Syria,1,2026-01-19,0.716,13,عناصر,2.2,10
سوریه,Syria,1,2026-01-19,0.716,14,داعشی,2.1,9
سوریه,Syria,1,2026-01-19,0.716,15,حمایت,2.0,16
سوریه,Syria,2,2026-08-17,0.595,1,ترکیه,10.1,135
سوریه,Syria,2,2026-08-17,0.595,2,ابوالظهور,8.7,44
سوریه,Syria,2,2026-08-17,0.595,3,فرودگاه,8.4,49
سوریه,Syria,2,2026-08-17,0.595,4,ادلب,5.7,24
سوریه,Syria,2,2026-08-17,0.595,5,هوایی,5.5,38
سوریه,Syria,2,2026-08-17,0.595,6,الشیبانی,5.1,19
سوریه,Syria,2,2026-08-17,0.595,7,موساد,4.7,17
سوریه,Syria,2,2026-08-17,0.595,8,اسرائیل,4.5,130
سوریه,Syria,2,2026-08-17,0.595,9,حمله,4.1,78
سوریه,Syria,2,2026-08-17,0.595,10,اسعد,4.1,12
سوریه,Syria,2,2026-08-17,0.595,11,جهان,4.0,46
سوریه,Syria,2,2026-08-17,0.595,12,تل‌آویو,3.6,21
سوریه,Syria,2,2026-08-17,0.595,13,پایگاه,3.5,46
سوریه,Syria,2,2026-08-17,0.595,14,وزیر امور خارجه,3.4,14
سوریه,Syria,2,2026-08-17,0.595,15,خارجه,3.4,32
لبنان,Lebanon,1,2026-06-01,3.82,1,ضاحیه,10.6,76
لبنان,Lebanon,1,2026-06-01,3.82,2,متوقف,10.0,98
لبنان,Lebanon,1,2026-06-01,3.82,3,قلعه,8.9,31
لبنان,Lebanon,1,2026-06-01,3.82,4,تماس‌های تلفنی,7.7,23
لبنان,Lebanon,1,2026-06-01,3.82,5,لبنان,7.6,1579
لبنان,Lebanon,1,2026-06-01,3.82,6,عراقچی,7.3,102
لبنان,Lebanon,1,2026-06-01,3.82,7,انگلیس,7.1,35
لبنان,Lebanon,1,2026-06-01,3.82,8,وزرای امور خارجه ایران,7.1,21
لبنان,Lebanon,1,2026-06-01,3.82,9,اورانیوم,7.1,21
لبنان,Lebanon,1,2026-06-01,3.82,10,مورخ,7.1,24
لبنان,Lebanon,1,2026-06-01,3.82,11,بیروت,7.1,129
لبنان,Lebanon,1,2026-06-01,3.82,12,فروردین,6.9,32
لبنان,Lebanon,1,2026-06-01,3.82,13,رژیم غاصب,6.7,17
لبنان,Lebanon,1,2026-06-01,3.82,14,مکرر,6.7,47
لبنان,Lebanon,1,2026-06-01,3.82,15,تشدید,6.4,66
لبنان,Lebanon,2,2026-06-15,3.403,1,تفاهم‌نامه,23.0,262
لبنان,Lebanon,2,2026-06-15,3.403,2,اجرای,16.9,230
لبنان,Lebanon,2,2026-06-15,3.403,3,تفاهم,15.7,191
لبنان,Lebanon,2,2026-06-15,3.403,4,یادداشت تفاهم,14.8,149
لبنان,Lebanon,2,2026-06-15,3.403,5,بندهای,14.0,88
لبنان,Lebanon,2,2026-06-15,3.403,6,خاتمه جنگ,13.4,97
لبنان,Lebanon,2,2026-06-15,3.403,7,مفاد,12.1,76
لبنان,Lebanon,2,2026-06-15,3.403,8,تنگه هرمز,11.7,223
لبنان,Lebanon,2,2026-06-15,3.403,9,تعهدات,11.6,104
لبنان,Lebanon,2,2026-06-15,3.403,10,ونس,11.4,61
لبنان,Lebanon,2,2026-06-15,3.403,11,مذاکره,11.3,184
لبنان,Lebanon,2,2026-06-15,3.403,12,نهایی,11.0,115
لبنان,Lebanon,2,2026-06-15,3.403,13,سوئیس,11.0,80
لبنان,Lebanon,2,2026-06-15,3.403,14,آمریکا,10.6,665
لبنان,Lebanon,2,2026-06-15,3.403,15,جبهه‌ها,10.1,114
ترکیه,Turkey,1,2026-01-26,0.735,1,عراقچی,10.0,92
ترکیه,Turkey,1,2026-01-26,0.735,2,مشورت‌های,6.2,21
ترکیه,Turkey,1,2026-01-26,0.735,3,مداخلات,5.7,14
ترکیه,Turkey,1,2026-01-26,0.735,4,وزیر امور خارجه,5.5,75
ترکیه,Turkey,1,2026-01-26,0.735,5,منطقه‌ای,5.5,62
ترکیه,Turkey,1,2026-01-26,0.735,6,دیدار,5.1,58
ترکیه,Turkey,1,2026-01-26,0.735,7,مسائل,5.1,29
ترکیه,Turkey,1,2026-01-26,0.735,8,هسته‌ای,4.9,32
ترکیه,Turkey,1,2026-01-26,0.735,9,چالش‌های,4.9,15
ترکیه,Turkey,1,2026-01-26,0.735,10,خبری,4.6,22
ترکیه,Turkey,1,2026-01-26,0.735,11,پزشکیان,4.5,24
ترکیه,Turkey,1,2026-01-26,0.735,12,کاهش تنش‌ها,4.2,15
ترکیه,Turkey,1,2026-01-26,0.735,13,گفت‌وگو,4.1,55
ترکیه,Turkey,1,2026-01-26,0.735,14,منطقه,4.1,114
ترکیه,Turkey,1,2026-01-26,0.735,15,آماده,4.1,25
ترکیه,Turkey,2,2026-08-17,0.567,1,سوریه,12.9,128
ترکیه,Turkey,2,2026-08-17,0.567,2,پایگاه,6.7,38
ترکیه,Turkey,2,2026-08-17,0.567,3,نیروهای,6.5,41
ترکیه,Turkey,2,2026-08-17,0.567,4,دفتر,6.2,27
ترکیه,Turkey,2,2026-08-17,0.567,5,نتانیاهو,6.1,57
ترکیه,Turkey,2,2026-08-17,0.567,6,شمال,4.9,19
ترکیه,Turkey,2,2026-08-17,0.567,7,حزب‌الله,4.6,14
ترکیه,Turkey,2,2026-08-17,0.567,8,هوایی,4.5,30
ترکیه,Turkey,2,2026-08-17,0.567,9,حکم,4.4,12
ترکیه,Turkey,2,2026-08-17,0.567,10,فرودگاه,4.3,15
ترکیه,Turkey,2,2026-08-17,0.567,11,بازداشت,4.2,17
ترکیه,Turkey,2,2026-08-17,0.567,12,نظامی,4.2,60
ترکیه,Turkey,2,2026-08-17,0.567,13,بالگرد,3.9,9
ترکیه,Turkey,2,2026-08-17,0.567,14,رژیم صهیونیستی,3.9,65
ترکیه,Turkey,2,2026-08-17,0.567,15,باراک,3.8,9
روسیه,Russia,1,2026-02-16,1.483,1,دریایی,18.1,124
روسیه,Russia,1,2026-02-16,1.483,2,رزمایش,16.5,91
روسیه,Russia,1,2026-02-16,1.483,3,نیروی دریایی,11.7,50
روسیه,Russia,1,2026-02-16,1.483,4,ژنو,11.7,42
روسیه,Russia,1,2026-02-16,1.483,5,مرکب,10.4,45
روسیه,Russia,1,2026-02-16,1.483,6,مشترک,9.5,69
روسیه,Russia,1,2026-02-16,1.483,7,تمرین,8.0,20
روسیه,Russia,1,2026-02-16,1.483,8,اقیانوس هند,7.8,22
روسیه,Russia,1,2026-02-16,1.483,9,ناو,7.7,19
روسیه,Russia,1,2026-02-16,1.483,10,فدراسیون,7.1,46
روسیه,Russia,1,2026-02-16,1.483,11,شمال,7.1,39
روسیه,Russia,1,2026-02-16,1.483,12,وزیر,7.1,90
روسیه,Russia,1,2026-02-16,1.483,13,انرژی,7.0,82
روسیه,Russia,1,2026-02-16,1.483,14,یکم,6.9,15
روسیه,Russia,1,2026-02-16,1.483,15,رزمایش‌های,6.5,14
روسیه,Russia,2,2026-04-20,0.92,1,کره شمالی,7.2,28
روسیه,Russia,2,2026-04-20,0.92,2,کیم جونگ اون,6.9,14
روسیه,Russia,2,2026-04-20,0.92,3,فایننشال تایمز,6.2,14
روسیه,Russia,2,2026-04-20,0.92,4,آلمان,6.1,31
روسیه,Russia,2,2026-04-20,0.92,5,منع,5.6,14
روسیه,Russia,2,2026-04-20,0.92,6,اسلام‌آباد,5.6,15
روسیه,Russia,2,2026-04-20,0.92,7,سفر,5.6,53
روسیه,Russia,2,2026-04-20,0.92,8,تمدید,5.6,23
روسیه,Russia,2,2026-04-20,0.92,9,فروش,5.5,17
روسیه,Russia,2,2026-04-20,0.92,10,یورویی,5.0,9
روسیه,Russia,2,2026-04-20,0.92,11,اینترنت,5.0,14
روسیه,Russia,2,2026-04-20,0.92,12,دومای,4.9,12
روسیه,Russia,2,2026-04-20,0.92,13,وزیر خزانه‌داری آمریکا,4.8,10
روسیه,Russia,2,2026-04-20,0.92,14,بیستمین,4.8,9
روسیه,Russia,2,2026-04-20,0.92,15,دعوت,4.6,12
آلمان,Germany,1,2026-04-27,0.378,1,تحقیر,6.9,28
آلمان,Germany,1,2026-04-27,0.378,2,ایرانی‌ها,3.9,12
آلمان,Germany,1,2026-04-27,0.378,3,پنتاگون,3.7,14
آلمان,Germany,1,2026-04-27,0.378,4,خروج,3.5,20
آلمان,Germany,1,2026-04-27,0.378,5,ترامپ,3.4,54
آلمان,Germany,1,2026-04-27,0.378,6,پولیتیکو,2.9,9
آلمان,Germany,1,2026-04-27,0.378,7,صدراعظم آلمان,2.8,45
آلمان,Germany,1,2026-04-27,0.378,8,کشتی,2.7,9
آلمان,Germany,1,2026-04-27,0.378,9,تصمیم,2.7,14
آلمان,Germany,1,2026-04-27,0.378,10,وزیر امور خارجه,2.5,19
آلمان,Germany,1,2026-04-27,0.378,11,آمریکا,2.5,92
آلمان,Germany,1,2026-04-27,0.378,12,فعال,2.4,9
آلمان,Germany,1,2026-04-27,0.378,13,صادر,2.4,8
آلمان,Germany,1,2026-04-27,0.378,14,مذاکره,2.3,13
آلمان,Germany,1,2026-04-27,0.378,15,جمهوری اسلامی ایران,2.2,22
آلمان,Germany,2,2026-04-20,0.259,1,رضا پهلوی,6.0,21
آلمان,Germany,2,2026-04-20,0.259,2,انرژی,5.2,37
آلمان,Germany,2,2026-04-20,0.259,3,پهلوی,4.7,15
آلمان,Germany,2,2026-04-20,0.259,4,سوخت,3.5,17
آلمان,Germany,2,2026-04-20,0.259,5,نفت,3.5,21
آلمان,Germany,2,2026-04-20,0.259,6,قیمت,3.5,24
آلمان,Germany,2,2026-04-20,0.259,7,دلار,3.3,18
آلمان,Germany,2,2026-04-20,0.259,8,روسیه,2.5,28
آلمان,Germany,2,2026-04-20,0.259,9,کشتی,2.5,8
آلمان,Germany,2,2026-04-20,0.259,10,پارلمان,2.3,10
آلمان,Germany,2,2026-04-20,0.259,11,درصد,2.3,18
آلمان,Germany,2,2026-04-20,0.259,12,فاصله,2.1,7
آلمان,Germany,2,2026-04-20,0.259,13,تعلیق,2.1,7
عمان,Oman,1,2026-08-03,0.826,1,تنگه هرمز,8.9,345
عمان,Oman,1,2026-08-03,0.826,2,تفاهم,8.6,84
عمان,Oman,1,2026-08-03,0.826,3,موقت,7.7,41
عمان,Oman,1,2026-08-03,0.826,4,ترتیبات,7.5,55
عمان,Oman,1,2026-08-03,0.826,5,مسیرهای,6.9,35
عمان,Oman,1,2026-08-03,0.826,6,بازگشایی,6.9,43
عمان,Oman,1,2026-08-03,0.826,7,مسیر,6.6,115
عمان,Oman,1,2026-08-03,0.826,8,توافق,6.4,111
عمان,Oman,1,2026-08-03,0.826,9,مسیری,6.3,24
عمان,Oman,1,2026-08-03,0.826,10,کریدور,6.3,31
عمان,Oman,1,2026-08-03,0.826,11,منوط,5.8,18
عمان,Oman,1,2026-08-03,0.826,12,شمالی,5.8,18
عمان,Oman,1,2026-08-03,0.826,13,ایتالیا,5.8,17
عمان,Oman,1,2026-08-03,0.826,14,مذاکرات,5.6,191
عمان,Oman,1,2026-08-03,0.826,15,نهایی,5.1,43
عمان,Oman,2,2026-02-02,0.776,1,مذاکرات,16.0,321
عمان,Oman,2,2026-02-02,0.776,2,هسته‌ای,10.2,112
عمان,Oman,2,2026-02-02,0.776,3,اخبار,8.4,32
عمان,Oman,2,2026-02-02,0.776,4,مسقط,7.8,89
عمان,Oman,2,2026-02-02,0.776,5,استیو ویتکاف,7.0,22
عمان,Oman,2,2026-02-02,0.776,6,جدیت,6.3,27
عمان,Oman,2,2026-02-02,0.776,7,ویتکاف,6.2,25
عمان,Oman,2,2026-02-02,0.776,8,مکان,6.1,16
عمان,Oman,2,2026-02-02,0.776,9,برگزاری,5.9,27
عمان,Oman,2,2026-02-02,0.776,10,قدردانی,5.8,26
عمان,Oman,2,2026-02-02,0.776,11,مذاکره,5.7,56
عمان,Oman,2,2026-02-02,0.776,12,لحظه,5.6,16
عمان,Oman,2,2026-02-02,0.776,13,جداگانه,5.5,18
عمان,Oman,2,2026-02-02,0.776,14,خبرنگار اعزامی,5.3,15
عمان,Oman,2,2026-02-02,0.776,15,طرف‌ها,5.1,18
اردن,Jordan,1,2026-07-13,0.857,1,مردم,7.1,98
اردن,Jordan,1,2026-07-13,0.857,2,الله,6.9,42
اردن,Jordan,1,2026-07-13,0.857,3,اسلام,5.9,44
اردن,Jordan,1,2026-07-13,0.857,4,مخازن سوخت,5.5,32
اردن,Jordan,1,2026-07-13,0.857,5,قطعه,5.4,24
اردن,Jordan,1,2026-07-13,0.857,6,شریف,5.4,44
اردن,Jordan,1,2026-07-13,0.857,7,رمپ,5.0,23
اردن,Jordan,1,2026-07-13,0.857,8,عملیات صاعقه,5.0,34
اردن,Jordan,1,2026-07-13,0.857,9,نجیب,5.0,24
اردن,Jordan,1,2026-07-13,0.857,10,جنگنده‌ها,4.9,22
اردن,Jordan,1,2026-07-13,0.857,11,کودک,4.8,24
اردن,Jordan,1,2026-07-13,0.857,12,سرزمین,4.6,37
اردن,Jordan,1,2026-07-13,0.857,13,فلسطین,4.6,47
اردن,Jordan,1,2026-07-13,0.857,14,سوخت‌رسان,4.5,18
اردن,Jordan,1,2026-07-13,0.857,15,تنصروا,4.5,17
اردن,Jordan,2,2026-07-20,0.707,1,اسکان,6.0,36
اردن,Jordan,2,2026-07-20,0.707,2,سوله,5.9,30
اردن,Jordan,2,2026-07-20,0.707,3,کشته,5.6,48
اردن,Jordan,2,2026-07-20,0.707,4,فیصل,5.4,28
اردن,Jordan,2,2026-07-20,0.707,5,قانونی,4.9,24
اردن,Jordan,2,2026-07-20,0.707,6,تروریست,4.9,19
اردن,Jordan,2,2026-07-20,0.707,7,سنگین,4.8,37
اردن,Jordan,2,2026-07-20,0.707,8,نگهداری,4.5,23
اردن,Jordan,2,2026-07-20,0.707,9,هلاکت,4.3,19
اردن,Jordan,2,2026-07-20,0.707,10,مشاهده,4.3,17
اردن,Jordan,2,2026-07-20,0.707,11,متجاوز,4.2,30
اردن,Jordan,2,2026-07-20,0.707,12,نظامیان,4.1,52
اردن,Jordan,2,2026-07-20,0.707,13,تصاویر ماهواره‌ای,4.1,31
اردن,Jordan,2,2026-07-20,0.707,14,جنگ,4.1,88
اردن,Jordan,2,2026-07-20,0.707,15,سامانه,4.0,32
عراق,Iraq,1,2026-07-27,2.112,1,عربستان,21.4,190
عراق,Iraq,1,2026-07-27,2.112,2,سعودی,16.9,96
عراق,Iraq,1,2026-07-27,2.112,3,زائران,15.7,177
عراق,Iraq,1,2026-07-27,2.112,4,حملات,15.6,189
عراق,Iraq,1,2026-07-27,2.112,5,اربعین,14.7,188
عراق,Iraq,1,2026-07-27,2.112,6,محکوم,9.9,61
عراق,Iraq,1,2026-07-27,2.112,7,مقرهای,9.5,43
عراق,Iraq,1,2026-07-27,2.112,8,تجاوز,9.2,94
عراق,Iraq,1,2026-07-27,2.112,9,ریاض,9.2,33
عراق,Iraq,1,2026-07-27,2.112,10,عربستان سعودی,9.0,44
عراق,Iraq,1,2026-07-27,2.112,11,حملاتی,7.9,22
عراق,Iraq,1,2026-07-27,2.112,12,تجاوزکارانه,7.8,25
عراق,Iraq,1,2026-07-27,2.112,13,مرز مهران,7.7,29
عراق,Iraq,1,2026-07-27,2.112,14,رایگان,7.3,19
عراق,Iraq,1,2026-07-27,2.112,15,تردد,7.3,42
عراق,Iraq,2,2026-07-06,2.066,1,شهید,32.6,581
عراق,Iraq,2,2026-07-06,2.066,2,تشییع,27.9,429
عراق,Iraq,2,2026-07-06,2.066,3,رهبر شهید,27.4,398
عراق,Iraq,2,2026-07-06,2.066,4,بدرقه,25.3,304
عراق,Iraq,2,2026-07-06,2.066,5,نجف,23.6,275
عراق,Iraq,2,2026-07-06,2.066,6,رهبر شهید انقلاب,22.4,293
عراق,Iraq,2,2026-07-06,2.066,7,برخاست,21.8,222
عراق,Iraq,2,2026-07-06,2.066,8,مراسم تشییع,18.8,198
عراق,Iraq,2,2026-07-06,2.066,9,امام,17.4,222
عراق,Iraq,2,2026-07-06,2.066,10,نجف اشرف,16.3,129
عراق,Iraq,2,2026-07-06,2.066,11,پیکر مطهر,16.1,124
عراق,Iraq,2,2026-07-06,2.066,12,مردم,15.8,391
عراق,Iraq,2,2026-07-06,2.066,13,پیکر,15.3,120
عراق,Iraq,2,2026-07-06,2.066,14,تشییع پیکر,15.1,108
عراق,Iraq,2,2026-07-06,2.066,15,باشکوه,15.0,119
حماس,Hamas,1,2026-07-27,0.285,1,سلاح,5.7,38
حماس,Hamas,1,2026-07-27,0.285,2,پیش‌نویس,5.2,18
حماس,Hamas,1,2026-07-27,0.285,3,خلع سلاح,4.8,50
حماس,Hamas,1,2026-07-27,0.285,4,هنیه,4.6,22
حماس,Hamas,1,2026-07-27,0.285,5,اسماعیل,4.3,19
حماس,Hamas,1,2026-07-27,0.285,6,گروه‌های,4.3,33
حماس,Hamas,1,2026-07-27,0.285,7,موافقت,3.9,21
حماس,Hamas,1,2026-07-27,0.285,8,خروج,3.6,14
حماس,Hamas,1,2026-07-27,0.285,9,عقب‌نشینی,3.5,14
حماس,Hamas,1,2026-07-27,0.285,10,کمیته,3.5,17
حماس,Hamas,1,2026-07-27,0.285,11,توافق,3.4,59
حماس,Hamas,1,2026-07-27,0.285,12,الجزیره,3.4,14
حماس,Hamas,1,2026-07-27,0.285,13,ملی,3.3,22
حماس,Hamas,1,2026-07-27,0.285,14,فلسطینی,2.5,44
حماس,Hamas,1,2026-07-27,0.285,15,مسلح,2.5,9
حماس,Hamas,2,2026-07-20,0.273,1,انتخاب,11.1,88
حماس,Hamas,2,2026-07-20,0.273,2,خلیل الحیه,7.8,72
حماس,Hamas,2,2026-07-20,0.273,3,دفتر,6.8,57
حماس,Hamas,2,2026-07-20,0.273,4,سیاسی,6.3,64
حماس,Hamas,2,2026-07-20,0.273,5,تبریک,5.3,36
حماس,Hamas,2,2026-07-20,0.273,6,پیام,5.2,33
حماس,Hamas,2,2026-07-20,0.273,7,مقاومت,5.1,103
حماس,Hamas,2,2026-07-20,0.273,8,مسیر,5.0,31
حماس,Hamas,2,2026-07-20,0.273,9,دفتر سیاسی جنبش,4.4,29
حماس,Hamas,2,2026-07-20,0.273,10,سنوار,4.2,16
حماس,Hamas,2,2026-07-20,0.273,11,یحیی,4.1,18
حماس,Hamas,2,2026-07-20,0.273,12,دکتر,3.6,12
حماس,Hamas,2,2026-07-20,0.273,13,الحیه,3.4,18
حماس,Hamas,2,2026-07-20,0.273,14,آرمان,3.2,14
حماس,Hamas,2,2026-07-20,0.273,15,پیامی,3.0,12
کویت,Kuwait,1,2026-07-13,1.14,1,رزمندگان,8.5,79
کویت,Kuwait,1,2026-07-13,1.14,2,منهدم,8.0,89
کویت,Kuwait,1,2026-07-13,1.14,3,پشتیبانی,7.5,82
کویت,Kuwait,1,2026-07-13,1.14,4,جنایت,7.4,38
کویت,Kuwait,1,2026-07-13,1.14,5,ارتش,7.4,301
کویت,Kuwait,1,2026-07-13,1.14,6,مرکز,7.3,80
کویت,Kuwait,1,2026-07-13,1.14,7,تجاوزات,6.7,49
کویت,Kuwait,1,2026-07-13,1.14,8,قهرمان,6.5,37
کویت,Kuwait,1,2026-07-13,1.14,9,ارتش تروریستی آمریکا,6.2,60
کویت,Kuwait,1,2026-07-13,1.14,10,مقابله,6.1,74
کویت,Kuwait,1,2026-07-13,1.14,11,الله,6.0,26
کویت,Kuwait,1,2026-07-13,1.14,12,آماج حملات,6.0,33
کویت,Kuwait,1,2026-07-13,1.14,13,شریف,5.9,35
کویت,Kuwait,1,2026-07-13,1.14,14,شرارت‌های,5.9,29
کویت,Kuwait,1,2026-07-13,1.14,15,پاتریوت,5.9,52
کویت,Kuwait,2,2026-07-20,0.899,1,مرحله,8.3,80
کویت,Kuwait,2,2026-07-20,0.899,2,عملیات صاعقه,8.2,57
کویت,Kuwait,2,2026-07-20,0.899,3,گذرگاه,6.5,24
کویت,Kuwait,2,2026-07-20,0.899,4,الدوحه,6.4,27
کویت,Kuwait,2,2026-07-20,0.899,5,آشیانه,6.3,31
کویت,Kuwait,2,2026-07-20,0.899,6,ارتش,6.2,227
کویت,Kuwait,2,2026-07-20,0.899,7,نجیب,6.1,21
کویت,Kuwait,2,2026-07-20,0.899,8,پادگان,6.0,20
کویت,Kuwait,2,2026-07-20,0.899,9,سیادت,5.9,20
کویت,Kuwait,2,2026-07-20,0.899,10,مرزی,5.4,25
کویت,Kuwait,2,2026-07-20,0.899,11,عریفجان,5.3,35
کویت,Kuwait,2,2026-07-20,0.899,12,موشکی,5.2,108
کویت,Kuwait,2,2026-07-20,0.899,13,تمامیت ارضی,5.2,21
کویت,Kuwait,2,2026-07-20,0.899,14,کشورمان,5.0,31
کویت,Kuwait,2,2026-07-20,0.899,15,یکم,4.9,16
داعش,ISIS,1,2026-01-26,0.405,1,سپاه پاسداران انقلاب اسلامی,5.1,42
داعش,ISIS,1,2026-01-26,0.405,2,سپاه,5.0,57
داعش,ISIS,1,2026-01-26,0.405,3,اتحادیه اروپا,4.9,35
داعش,ISIS,1,2026-01-26,0.405,4,اروپا,4.6,36
داعش,ISIS,1,2026-01-26,0.405,5,اروپایی‌ها,4.0,23
داعش,ISIS,1,2026-01-26,0.405,6,این‌ها,3.7,25
داعش,ISIS,1,2026-01-26,0.405,7,آتش,3.7,39
داعش,ISIS,1,2026-01-26,0.405,8,سپاه پاسداران,3.2,20
داعش,ISIS,1,2026-01-26,0.405,9,نهاد,3.0,19
داعش,ISIS,1,2026-01-26,0.405,10,کشورهای اروپایی,2.9,16
داعش,ISIS,1,2026-01-26,0.405,11,مذاکرات,2.8,20
داعش,ISIS,1,2026-01-26,0.405,12,مبارزه,2.6,39
داعش,ISIS,1,2026-01-26,0.405,13,تروریستی,2.6,89
داعش,ISIS,1,2026-01-26,0.405,14,سران,2.6,17
داعش,ISIS,1,2026-01-26,0.405,15,آمریکایی‌ها,2.5,15
داعش,ISIS,2,2026-01-19,0.266,1,قسد,3.1,17
داعش,ISIS,2,2026-01-19,0.266,2,سوریه,2.3,46
داعش,ISIS,2,2026-01-19,0.266,3,فرار,2.0,11
ژاپن,Japan,1,2026-04-27,0.212,1,مواد,3.5,13
ژاپن,Japan,1,2026-04-27,0.212,2,اساسی,2.8,10
ژاپن,Japan,1,2026-04-27,0.212,3,تداوم,2.5,13
ژاپن,Japan,1,2026-04-27,0.212,4,قانون,2.4,10
ژاپن,Japan,1,2026-04-27,0.212,5,اولیه,2.3,10
ژاپن,Japan,1,2026-04-27,0.212,6,گفت‌وگوی تلفنی,2.0,8
ژاپن,Japan,2,2026-08-10,0.169,1,جزایر,4.9,21
ژاپن,Japan,2,2026-08-10,0.169,2,پوتین,4.8,17
ژاپن,Japan,2,2026-08-10,0.169,3,کوریل,3.5,12
ژاپن,Japan,2,2026-08-10,0.169,4,جزیره,2.7,11
ژاپن,Japan,2,2026-08-10,0.169,5,سفر,2.5,10
ژاپن,Japan,2,2026-08-10,0.169,6,ثبات,2.0,9
یمن,Yemen,1,2026-08-03,1.196,1,سعودی,11.8,203
یمن,Yemen,1,2026-08-03,1.196,2,مزدوران,10.3,81
یمن,Yemen,1,2026-08-03,1.196,3,مارب,8.3,51
یمن,Yemen,1,2026-08-03,1.196,4,انبارهای,7.1,26
یمن,Yemen,1,2026-08-03,1.196,5,المخا,7.0,46
یمن,Yemen,1,2026-08-03,1.196,6,نیروهای,6.9,93
یمن,Yemen,1,2026-08-03,1.196,7,مواضع,6.8,52
یمن,Yemen,1,2026-08-03,1.196,8,کشته,6.7,37
یمن,Yemen,1,2026-08-03,1.196,9,تجمعات,6.7,29
یمن,Yemen,1,2026-08-03,1.196,10,وابسته,6.2,57
یمن,Yemen,1,2026-08-03,1.196,11,عربستان,6.2,204
یمن,Yemen,1,2026-08-03,1.196,12,تسلیحاتی,6.1,19
یمن,Yemen,1,2026-08-03,1.196,13,ائتلاف,6.1,44
یمن,Yemen,1,2026-08-03,1.196,14,انفجار,5.9,24
یمن,Yemen,1,2026-08-03,1.196,15,استان‌های,5.8,19
یمن,Yemen,2,2026-07-20,1.016,1,محاصره,12.6,179
یمن,Yemen,2,2026-07-20,1.016,2,عربستان,11.1,287
یمن,Yemen,2,2026-07-20,1.016,3,محاصره دریایی,7.7,50
یمن,Yemen,2,2026-07-20,1.016,4,الحدیده,7.0,34
یمن,Yemen,2,2026-07-20,1.016,5,عربستان سعودی,6.5,86
یمن,Yemen,2,2026-07-20,1.016,6,ممنوعیت,6.1,25
یمن,Yemen,2,2026-07-20,1.016,7,یمن,6.0,512
یمن,Yemen,2,2026-07-20,1.016,8,بنادر,5.9,24
یمن,Yemen,2,2026-07-20,1.016,9,الجوف,5.9,17
یمن,Yemen,2,2026-07-20,1.016,10,نفتکش,5.6,51
یمن,Yemen,2,2026-07-20,1.016,11,جیزان,5.3,25
یمن,Yemen,2,2026-07-20,1.016,12,عبدالسلام,5.2,14
یمن,Yemen,2,2026-07-20,1.016,13,عبرت,4.9,13
یمن,Yemen,2,2026-07-20,1.016,14,سرنگون,4.9,20
یمن,Yemen,2,2026-07-20,1.016,15,مظلوم,4.7,22
چین,China,1,2026-05-11,1.813,1,ترامپ,22.6,531
چین,China,1,2026-05-11,1.813,2,سفر,14.0,210
چین,China,1,2026-05-11,1.813,3,شی,12.0,101
چین,China,1,2026-05-11,1.813,4,رئیس‌جمهور,11.8,205
چین,China,1,2026-05-11,1.813,5,شی جین‌پینگ,9.9,61
چین,China,1,2026-05-11,1.813,6,تایوان,9.8,100
چین,China,1,2026-05-11,1.813,7,پکن,8.6,210
چین,China,1,2026-05-11,1.813,8,اردیبهشت,7.2,29
چین,China,1,2026-05-11,1.813,9,مسئله,6.6,43
چین,China,1,2026-05-11,1.813,10,چین,6.5,923
چین,China,1,2026-05-11,1.813,11,پینگ,6.4,40
چین,China,1,2026-05-11,1.813,12,جین,6.2,36
چین,China,1,2026-05-11,1.813,13,رئیس جمهوری آمریکا,5.7,19
چین,China,1,2026-05-11,1.813,14,ماموران,5.7,16
چین,China,1,2026-05-11,1.813,15,مواضع,5.6,29
چین,China,2,2026-05-18,0.896,1,پوتین,12.9,74
چین,China,2,2026-05-18,0.896,2,سفر,9.6,123
چین,China,2,2026-05-18,0.896,3,معدن,7.7,22
چین,China,2,2026-05-18,0.896,4,قالیباف,7.5,42
چین,China,2,2026-05-18,0.896,5,ساعت,6.7,36
چین,China,2,2026-05-18,0.896,6,بالگرد,6.6,16
چین,China,2,2026-05-18,0.896,7,انفجار,6.3,24
چین,China,2,2026-05-18,0.896,8,ریاست,6.1,17
چین,China,2,2026-05-18,0.896,9,نیویورک,5.5,14
چین,China,2,2026-05-18,0.896,10,جمعیت,5.5,15
چین,China,2,2026-05-18,0.896,11,پاکستان,5.4,51
چین,China,2,2026-05-18,0.896,12,روسیه,5.3,141
چین,China,2,2026-05-18,0.896,13,چندقطبی,4.9,12
چین,China,2,2026-05-18,0.896,14,شی,4.8,39
چین,China,2,2026-05-18,0.896,15,دکتر,4.6,16
غزه,Gaza,1,2026-01-19,0.673,1,شورای,8.3,61
غزه,Gaza,1,2026-01-19,0.673,2,دعوت,8.0,23
غزه,Gaza,1,2026-01-19,0.673,3,صلح,8.0,71
غزه,Gaza,1,2026-01-19,0.673,4,پیوستن,7.6,21
غزه,Gaza,1,2026-01-19,0.673,5,ترامپ,6.7,68
غزه,Gaza,1,2026-01-19,0.673,6,منشور,5.4,10
غزه,Gaza,1,2026-01-19,0.673,7,موساد,4.7,10
غزه,Gaza,1,2026-01-19,0.673,8,فرانسه,4.2,17
غزه,Gaza,1,2026-01-19,0.673,9,اصطلاح,4.1,10
غزه,Gaza,1,2026-01-19,0.673,10,کانادا,4.1,9
غزه,Gaza,1,2026-01-19,0.673,11,هیئت,3.7,11
غزه,Gaza,1,2026-01-19,0.673,12,اقتصاد,3.4,8
غزه,Gaza,1,2026-01-19,0.673,13,مشارکت,3.2,12
غزه,Gaza,1,2026-01-19,0.673,14,رئیس‌جمهور,3.1,22
غزه,Gaza,1,2026-01-19,0.673,15,ونزوئلا,3.1,7
غزه,Gaza,2,2026-02-16,0.598,1,صلح,9.2,90
غزه,Gaza,2,2026-02-16,0.598,2,هیات,7.4,29
غزه,Gaza,2,2026-02-16,0.598,3,شورای,6.7,57
غزه,Gaza,2,2026-02-16,0.598,4,رمضان,6.5,16
غزه,Gaza,2,2026-02-16,0.598,5,واشنگتن,6.2,33
غزه,Gaza,2,2026-02-16,0.598,6,رئیس جمهوری آمریکا,6.0,14
غزه,Gaza,2,2026-02-16,0.598,7,شورا,4.6,11
غزه,Gaza,2,2026-02-16,0.598,8,برلین,4.6,11
غزه,Gaza,2,2026-02-16,0.598,9,پاکستان,3.5,16
غزه,Gaza,2,2026-02-16,0.598,10,ترامپ,3.3,49
غزه,Gaza,2,2026-02-16,0.598,11,اوکراین,3.3,9
غزه,Gaza,2,2026-02-16,0.598,12,ماه,3.1,14
غزه,Gaza,2,2026-02-16,0.598,13,برگزاری,3.1,11
غزه,Gaza,2,2026-02-16,0.598,14,چهره,3.1,6
غزه,Gaza,2,2026-02-16,0.598,15,تشکیل,2.9,12
قطر,Qatar,1,2026-06-22,0.502,1,فنی,11.6,76
قطر,Qatar,1,2026-06-22,0.502,2,کمیته,10.9,60
قطر,Qatar,1,2026-06-22,0.502,3,لبنان,10.0,92
قطر,Qatar,1,2026-06-22,0.502,4,نظارت,9.5,42
قطر,Qatar,1,2026-06-22,0.502,5,سوئیس,9.4,65
قطر,Qatar,1,2026-06-22,0.502,6,اجرای,8.9,81
قطر,Qatar,1,2026-06-22,0.502,7,مذاکرات,8.4,148
قطر,Qatar,1,2026-06-22,0.502,8,رفع,7.8,29
قطر,Qatar,1,2026-06-22,0.502,9,بیانیه,7.7,52
قطر,Qatar,1,2026-06-22,0.502,10,چهارجانبه,7.7,32
قطر,Qatar,1,2026-06-22,0.502,11,واحد,7.6,26
قطر,Qatar,1,2026-06-22,0.502,12,پتروشیمی,7.5,32
قطر,Qatar,1,2026-06-22,0.502,13,یادداشت تفاهم,7.5,67
قطر,Qatar,1,2026-06-22,0.502,14,عالی‌رتبه,7.3,25
قطر,Qatar,1,2026-06-22,0.502,15,تشکیل,6.9,27
قطر,Qatar,2,2026-08-24,0.467,1,وزیر,8.7,113
قطر,Qatar,2,2026-08-24,0.467,2,خارجه,7.4,86
قطر,Qatar,2,2026-08-24,0.467,3,دیدار,7.0,70
قطر,Qatar,2,2026-08-24,0.467,4,پزشکیان,5.6,29
قطر,Qatar,2,2026-08-24,0.467,5,حقوق,5.5,15
قطر,Qatar,2,2026-08-24,0.467,6,نخست‌وزیر,5.4,49
قطر,Qatar,2,2026-08-24,0.467,7,ملت ایران,4.9,15
قطر,Qatar,2,2026-08-24,0.467,8,والیبال,4.9,11
قطر,Qatar,2,2026-08-24,0.467,9,سرنوشت,4.8,14
قطر,Qatar,2,2026-08-24,0.467,10,سفر,4.8,48
قطر,Qatar,2,2026-08-24,0.467,11,قالیباف,4.7,21
قطر,Qatar,2,2026-08-24,0.467,12,ظرفیت‌های,4.7,10
قطر,Qatar,2,2026-08-24,0.467,13,ثبت,4.5,12
قطر,Qatar,2,2026-08-24,0.467,14,سخت,4.3,12
قطر,Qatar,2,2026-08-24,0.467,15,وزیر امور خارجه,4.2,58
