chart,group,peak,week_start,value,rank,term,z,count
israel_zionist_regime_share,state,1,2026-08-10,62.6,1,لینک قسمت,30.5,200
israel_zionist_regime_share,state,1,2026-08-10,62.6,2,مرداد,29.8,271
israel_zionist_regime_share,state,1,2026-08-10,62.6,3,انتصاب,29.5,146
israel_zionist_regime_share,state,1,2026-08-10,62.6,4,جهان,24.6,714
israel_zionist_regime_share,state,1,2026-08-10,62.6,5,امام رضا,22.1,143
israel_zionist_regime_share,state,1,2026-08-10,62.6,6,خزر,21.7,93
israel_zionist_regime_share,state,1,2026-08-10,62.6,7,محسن رضایی,19.0,86
israel_zionist_regime_share,state,1,2026-08-10,62.6,8,یمن,18.3,208
israel_zionist_regime_share,state,1,2026-08-10,62.6,9,ایرج,17.8,52
israel_zionist_regime_share,state,1,2026-08-10,62.6,10,تبریک,16.4,154
israel_zionist_regime_share,state,1,2026-08-10,62.6,11,مردادماه,16.4,82
israel_zionist_regime_share,state,1,2026-08-10,62.6,12,رحلت,16.4,44
israel_zionist_regime_share,state,1,2026-08-10,62.6,13,آبراهام لینکلن,16.0,56
israel_zionist_regime_share,state,1,2026-08-10,62.6,14,آلودگی,16.0,85
israel_zionist_regime_share,state,1,2026-08-10,62.6,15,سرلشکر,15.8,111
israel_zionist_regime_share,state,2,2026-08-17,60.8,1,مرداد,32.1,316
israel_zionist_regime_share,state,2,2026-08-17,60.8,2,چهلم,24.7,108
israel_zionist_regime_share,state,2,2026-08-17,60.8,3,جهان,21.8,737
israel_zionist_regime_share,state,2,2026-08-17,60.8,4,اقتصادی,19.6,562
israel_zionist_regime_share,state,2,2026-08-17,60.8,5,تدفین,19.5,107
israel_zionist_regime_share,state,2,2026-08-17,60.8,6,مراسم بزرگداشت,18.5,105
israel_zionist_regime_share,state,2,2026-08-17,60.8,7,سوریه,18.2,203
israel_zionist_regime_share,state,2,2026-08-17,60.8,8,چهلمین روز,18.1,63
israel_zionist_regime_share,state,2,2026-08-17,60.8,9,کنکور,18.0,95
israel_zionist_regime_share,state,2,2026-08-17,60.8,10,پزشک,17.7,75
israel_zionist_regime_share,state,2,2026-08-17,60.8,11,سپاهان,16.7,77
israel_zionist_regime_share,state,2,2026-08-17,60.8,12,شهریور,16.6,117
israel_zionist_regime_share,state,2,2026-08-17,60.8,13,دولت چهاردهم,15.1,100
israel_zionist_regime_share,state,2,2026-08-17,60.8,14,آزمون,14.7,162
israel_zionist_regime_share,state,2,2026-08-17,60.8,15,عسکری,14.3,37
israel_zionist_regime_share,irgc_affiliated,1,2026-08-03,60.1,1,اربعین,26.1,209
israel_zionist_regime_share,irgc_affiliated,1,2026-08-03,60.1,2,سعودی,24.0,137
israel_zionist_regime_share,irgc_affiliated,1,2026-08-03,60.1,3,یمن,22.1,208
israel_zionist_regime_share,irgc_affiliated,1,2026-08-03,60.1,4,حسینی,16.5,95
israel_zionist_regime_share,irgc_affiliated,1,2026-08-03,60.1,5,عربستان,13.5,135
israel_zionist_regime_share,irgc_affiliated,1,2026-08-03,60.1,6,جاماندگان اربعین,13.3,48
israel_zionist_regime_share,irgc_affiliated,1,2026-08-03,60.1,7,مرداد,12.8,59
israel_zionist_regime_share,irgc_affiliated,1,2026-08-03,60.1,8,پیاده‌روی,12.6,28
israel_zionist_regime_share,irgc_affiliated,1,2026-08-03,60.1,9,خبرنگاران,12.6,65
israel_zionist_regime_share,irgc_affiliated,1,2026-08-03,60.1,10,مارب,12.2,24
israel_zionist_regime_share,irgc_affiliated,1,2026-08-03,60.1,11,زائران,11.8,121
israel_zionist_regime_share,irgc_affiliated,1,2026-08-03,60.1,12,مزدوران,10.9,52
israel_zionist_regime_share,irgc_affiliated,1,2026-08-03,60.1,13,رجب‌زاده,10.8,18
israel_zionist_regime_share,irgc_affiliated,1,2026-08-03,60.1,14,المخا,10.3,19
israel_zionist_regime_share,irgc_affiliated,1,2026-08-03,60.1,15,عمان,10.1,99
israel_zionist_regime_share,irgc_affiliated,2,2026-08-10,56.9,1,امام رضا,19.3,102
israel_zionist_regime_share,irgc_affiliated,2,2026-08-10,56.9,2,انتصاب,18.3,61
israel_zionist_regime_share,irgc_affiliated,2,2026-08-10,56.9,3,کنوانسیون,15.9,47
israel_zionist_regime_share,irgc_affiliated,2,2026-08-10,56.9,4,بهینه‌سازی,14.4,35
israel_zionist_regime_share,irgc_affiliated,2,2026-08-10,56.9,5,آلودگی,14.2,47
israel_zionist_regime_share,irgc_affiliated,2,2026-08-10,56.9,6,مرداد,14.0,67
israel_zionist_regime_share,irgc_affiliated,2,2026-08-10,56.9,7,خزر,13.7,39
israel_zionist_regime_share,irgc_affiliated,2,2026-08-10,56.9,8,بنزین,13.6,87
israel_zionist_regime_share,irgc_affiliated,2,2026-08-10,56.9,9,محسن رضایی,13.1,42
israel_zionist_regime_share,irgc_affiliated,2,2026-08-10,56.9,10,یمن,12.6,138
israel_zionist_regime_share,irgc_affiliated,2,2026-08-10,56.9,11,وحیدی,11.7,24
israel_zionist_regime_share,irgc_affiliated,2,2026-08-10,56.9,12,دبیری,11.7,23
israel_zionist_regime_share,irgc_affiliated,2,2026-08-10,56.9,13,المخا,11.6,23
israel_zionist_regime_share,irgc_affiliated,2,2026-08-10,56.9,14,قوا,11.2,58
israel_zionist_regime_share,irgc_affiliated,2,2026-08-10,56.9,15,سعودی,10.9,67
israel_zionist_regime_share,reformist,1,2026-06-29,43.9,1,رهبر شهید,35.6,261
israel_zionist_regime_share,reformist,1,2026-06-29,43.9,2,رهبر شهید انقلاب,27.1,188
israel_zionist_regime_share,reformist,1,2026-06-29,43.9,3,مراسم وداع,23.7,94
israel_zionist_regime_share,reformist,1,2026-06-29,43.9,4,تشییع,23.1,122
israel_zionist_regime_share,reformist,1,2026-06-29,43.9,5,وداع,22.8,91
israel_zionist_regime_share,reformist,1,2026-06-29,43.9,6,مراسم تشییع,20.6,92
israel_zionist_regime_share,reformist,1,2026-06-29,43.9,7,مراسم,18.6,156
israel_zionist_regime_share,reformist,1,2026-06-29,43.9,8,ادای احترام,18.2,58
israel_zionist_regime_share,reformist,1,2026-06-29,43.9,9,تیرماه,17.0,70
israel_zionist_regime_share,reformist,1,2026-06-29,43.9,10,مصلی,16.2,44
israel_zionist_regime_share,reformist,1,2026-06-29,43.9,11,پیکر,15.8,74
israel_zionist_regime_share,reformist,1,2026-06-29,43.9,12,بدرقه,15.3,44
israel_zionist_regime_share,reformist,1,2026-06-29,43.9,13,مصلی تهران,14.6,41
israel_zionist_regime_share,reformist,1,2026-06-29,43.9,14,زائران,14.3,57
israel_zionist_regime_share,reformist,1,2026-06-29,43.9,15,دوحه,13.5,40
israel_zionist_regime_share,reformist,2,2026-04-20,39.3,1,آتش‌بس,13.3,154
israel_zionist_regime_share,reformist,2,2026-04-20,39.3,2,اسلام‌آباد,11.6,74
israel_zionist_regime_share,reformist,2,2026-04-20,39.3,3,کشتی,11.5,120
israel_zionist_regime_share,reformist,2,2026-04-20,39.3,4,پاکستان,11.1,148
israel_zionist_regime_share,reformist,2,2026-04-20,39.3,5,تمدید,10.3,49
israel_zionist_regime_share,reformist,2,2026-04-20,39.3,6,اردیبهشت,9.7,41
israel_zionist_regime_share,reformist,2,2026-04-20,39.3,7,دلار,9.5,119
israel_zionist_regime_share,reformist,2,2026-04-20,39.3,8,حج,8.4,23
israel_zionist_regime_share,reformist,2,2026-04-20,39.3,9,توقیف,7.9,42
israel_zionist_regime_share,reformist,2,2026-04-20,39.3,10,تیم مذاکره‌کننده,7.6,27
israel_zionist_regime_share,reformist,2,2026-04-20,39.3,11,شام,7.3,14
israel_zionist_regime_share,reformist,2,2026-04-20,39.3,12,توسکا,7.2,10
israel_zionist_regime_share,reformist,2,2026-04-20,39.3,13,موساد,7.1,35
israel_zionist_regime_share,reformist,2,2026-04-20,39.3,14,کانتینری,7.0,11
israel_zionist_regime_share,reformist,2,2026-04-20,39.3,15,آوریل,7.0,27
usa_united_states_share,state,1,2026-01-19,10.8,1,تهیه‌کنندگی,34.0,125
usa_united_states_share,state,1,2026-01-19,10.8,2,کارگردانی,33.5,136
usa_united_states_share,state,1,2026-01-19,10.8,3,اغتشاشات,29.6,129
usa_united_states_share,state,1,2026-01-19,10.8,4,بهمن,28.4,197
usa_united_states_share,state,1,2026-01-19,10.8,5,گرینلند,24.7,73
usa_united_states_share,state,1,2026-01-19,10.8,6,تروریست‌ها,23.7,85
usa_united_states_share,state,1,2026-01-19,10.8,7,مدارس,22.8,143
usa_united_states_share,state,1,2026-01-19,10.8,8,مینیاپولیس,21.0,48
usa_united_states_share,state,1,2026-01-19,10.8,9,بارش برف,20.5,68
usa_united_states_share,state,1,2026-01-19,10.8,10,تروریستی,19.0,149
usa_united_states_share,state,1,2026-01-19,10.8,11,غیرحضوری,18.5,58
usa_united_states_share,state,1,2026-01-19,10.8,12,تئاتر,18.5,67
usa_united_states_share,state,1,2026-01-19,10.8,13,اغتشاشگران,18.4,57
usa_united_states_share,state,1,2026-01-19,10.8,14,آتش,18.0,146
usa_united_states_share,state,1,2026-01-19,10.8,15,گاز,17.9,120
usa_united_states_share,state,2,2026-01-05,10.5,1,ونزوئلا,49.2,413
usa_united_states_share,state,2,2026-01-05,10.5,2,اغتشاشگران,30.9,132
usa_united_states_share,state,2,2026-01-05,10.5,3,کالابرگ,30.9,207
usa_united_states_share,state,2,2026-01-05,10.5,4,دی,28.3,147
usa_united_states_share,state,2,2026-01-05,10.5,5,بودجه,27.4,193
usa_united_states_share,state,2,2026-01-05,10.5,6,مادورو,23.4,87
usa_united_states_share,state,2,2026-01-05,10.5,7,آمل,22.3,64
usa_united_states_share,state,2,2026-01-05,10.5,8,روغن,22.3,74
usa_united_states_share,state,2,2026-01-05,10.5,9,ارز,20.7,158
usa_united_states_share,state,2,2026-01-05,10.5,10,مسلح,20.3,117
usa_united_states_share,state,2,2026-01-05,10.5,11,تروریست‌های,20.3,88
usa_united_states_share,state,2,2026-01-05,10.5,12,یارانه,19.8,87
usa_united_states_share,state,2,2026-01-05,10.5,13,اغتشاش,18.8,52
usa_united_states_share,state,2,2026-01-05,10.5,14,گزینش,18.7,54
usa_united_states_share,state,2,2026-01-05,10.5,15,ارز ترجیحی,18.3,60
usa_united_states_share,irgc_affiliated,1,2026-06-15,10.2,1,تفاهم‌نامه,40.5,329
usa_united_states_share,irgc_affiliated,1,2026-06-15,10.2,2,تفاهم,27.8,196
usa_united_states_share,irgc_affiliated,1,2026-06-15,10.2,3,یادداشت تفاهم,27.2,160
usa_united_states_share,irgc_affiliated,1,2026-06-15,10.2,4,لبنان,26.1,534
usa_united_states_share,irgc_affiliated,1,2026-06-15,10.2,5,محرم,24.5,118
usa_united_states_share,irgc_affiliated,1,2026-06-15,10.2,6,توافق,24.1,317
usa_united_states_share,irgc_affiliated,1,2026-06-15,10.2,7,بلژیک,23.2,108
usa_united_states_share,irgc_affiliated,1,2026-06-15,10.2,8,نیوزیلند,22.4,91
usa_united_states_share,irgc_affiliated,1,2026-06-15,10.2,9,سوئیس,21.9,111
usa_united_states_share,irgc_affiliated,1,2026-06-15,10.2,10,امضای,21.1,111
usa_united_states_share,irgc_affiliated,1,2026-06-15,10.2,11,بازی,20.2,210
usa_united_states_share,irgc_affiliated,1,2026-06-15,10.2,12,مذاکرات,17.7,291
usa_united_states_share,irgc_affiliated,1,2026-06-15,10.2,13,فوتبال,17.5,204
usa_united_states_share,irgc_affiliated,1,2026-06-15,10.2,14,گل,15.9,122
usa_united_states_share,irgc_affiliated,1,2026-06-15,10.2,15,جنوب لبنان,15.6,221
usa_united_states_share,irgc_affiliated,2,2026-02-16,10.0,1,ژنو,20.1,63
usa_united_states_share,irgc_affiliated,2,2026-02-16,10.0,2,ماه مبارک رمضان,19.6,60
usa_united_states_share,irgc_affiliated,2,2026-02-16,10.0,3,رزمایش,17.3,57
usa_united_states_share,irgc_affiliated,2,2026-02-16,10.0,4,محفل,16.4,44
usa_united_states_share,irgc_affiliated,2,2026-02-16,10.0,5,ساپینتو,15.6,34
usa_united_states_share,irgc_affiliated,2,2026-02-16,10.0,6,دانشجویان,13.9,62
usa_united_states_share,irgc_affiliated,2,2026-02-16,10.0,7,یارانه,13.7,43
usa_united_states_share,irgc_affiliated,2,2026-02-16,10.0,8,میلیارد تومان,13.6,66
usa_united_states_share,irgc_affiliated,2,2026-02-16,10.0,9,اوسمار,13.3,28
usa_united_states_share,irgc_affiliated,2,2026-02-16,10.0,10,الحسین,13.1,34
usa_united_states_share,irgc_affiliated,2,2026-02-16,10.0,11,دی‌ماه,13.1,56
usa_united_states_share,irgc_affiliated,2,2026-02-16,10.0,12,رمضان,12.9,48
usa_united_states_share,irgc_affiliated,2,2026-02-16,10.0,13,روسیه,11.7,139
usa_united_states_share,irgc_affiliated,2,2026-02-16,10.0,14,دانشگاه,11.6,90
usa_united_states_share,irgc_affiliated,2,2026-02-16,10.0,15,استقلال,11.6,102
usa_united_states_share,reformist,1,2026-01-05,16.8,1,ونزوئلا,31.6,186
usa_united_states_share,reformist,1,2026-01-05,16.8,2,مادورو,20.7,70
usa_united_states_share,reformist,1,2026-01-05,16.8,3,اعتراض,15.6,67
usa_united_states_share,reformist,1,2026-01-05,16.8,4,بازاریان,14.9,31
usa_united_states_share,reformist,1,2026-01-05,16.8,5,ایلام,13.4,31
usa_united_states_share,reformist,1,2026-01-05,16.8,6,ماموران,12.5,36
usa_united_states_share,reformist,1,2026-01-05,16.8,7,بیمارستان,12.3,52
usa_united_states_share,reformist,1,2026-01-05,16.8,8,کالابرگ,12.2,44
usa_united_states_share,reformist,1,2026-01-05,16.8,9,اغتشاشگران,11.8,24
usa_united_states_share,reformist,1,2026-01-05,16.8,10,اغتشاش,11.6,20
usa_united_states_share,reformist,1,2026-01-05,16.8,11,کاراکاس,11.5,21
usa_united_states_share,reformist,1,2026-01-05,16.8,12,ارز,11.1,42
usa_united_states_share,reformist,1,2026-01-05,16.8,13,اعتراضات,11.1,43
usa_united_states_share,reformist,1,2026-01-05,16.8,14,روغن,11.0,19
usa_united_states_share,reformist,1,2026-01-05,16.8,15,مهریه,10.9,17
usa_united_states_share,reformist,2,2026-06-15,15.4,1,توافق,28.9,456
usa_united_states_share,reformist,2,2026-06-15,15.4,2,سوئیس,26.8,132
usa_united_states_share,reformist,2,2026-06-15,15.4,3,یادداشت تفاهم,26.1,148
usa_united_states_share,reformist,2,2026-06-15,15.4,4,تفاهم,25.5,173
usa_united_states_share,reformist,2,2026-06-15,15.4,5,تفاهم‌نامه,21.5,138
usa_united_states_share,reformist,2,2026-06-15,15.4,6,امضای,19.0,94
usa_united_states_share,reformist,2,2026-06-15,15.4,7,لبنان,18.5,262
usa_united_states_share,reformist,2,2026-06-15,15.4,8,محرم,13.4,34
usa_united_states_share,reformist,2,2026-06-15,15.4,9,امضا,13.3,66
usa_united_states_share,reformist,2,2026-06-15,15.4,10,بلژیک,13.2,38
usa_united_states_share,reformist,2,2026-06-15,15.4,11,مفاد,12.5,40
usa_united_states_share,reformist,2,2026-06-15,15.4,12,نهایی,11.9,111
usa_united_states_share,reformist,2,2026-06-15,15.4,13,تعهدات,11.7,57
usa_united_states_share,reformist,2,2026-06-15,15.4,14,اجرای,11.5,110
usa_united_states_share,reformist,2,2026-06-15,15.4,15,نیوزیلند,11.3,23
negotiations,state,1,2026-02-02,3.714,1,کارگردان,32.0,181
negotiations,state,1,2026-02-02,3.714,2,جشنواره فیلم فجر,31.9,160
negotiations,state,1,2026-02-02,3.714,3,مذاکرات,30.8,566
negotiations,state,1,2026-02-02,3.714,4,بهمن,29.2,283
negotiations,state,1,2026-02-02,3.714,5,مسقط,27.7,127
negotiations,state,1,2026-02-02,3.714,6,جشنواره,26.2,188
negotiations,state,1,2026-02-02,3.714,7,سینمایی,21.4,108
negotiations,state,1,2026-02-02,3.714,8,فجر,21.0,110
negotiations,state,1,2026-02-02,3.714,9,کارگردانی,20.9,101
negotiations,state,1,2026-02-02,3.714,10,فوتسال,20.4,68
negotiations,state,1,2026-02-02,3.714,11,شعبان,19.0,56
negotiations,state,1,2026-02-02,3.714,12,سینما,18.7,124
negotiations,state,1,2026-02-02,3.714,13,تالاب‌ها,18.6,51
negotiations,state,1,2026-02-02,3.714,14,مهدویان,18.3,52
negotiations,state,1,2026-02-02,3.714,15,فیلم‌های,17.9,69
negotiations,state,2,2026-04-06,2.965,1,آتش‌بس,47.9,780
negotiations,state,2,2026-04-06,2.965,2,مذاکرات,27.9,696
negotiations,state,2,2026-04-06,2.965,3,لبنان,27.5,826
negotiations,state,2,2026-04-06,2.965,4,چهلمین روز شهادت,24.9,124
negotiations,state,2,2026-04-06,2.965,5,خرازی,24.8,147
negotiations,state,2,2026-04-06,2.965,6,فروردین,24.0,267
negotiations,state,2,2026-04-06,2.965,7,اسلام‌آباد,21.6,214
negotiations,state,2,2026-04-06,2.965,8,ایران,20.9,3997
negotiations,state,2,2026-04-06,2.965,9,آتش بس,20.1,165
negotiations,state,2,2026-04-06,2.965,10,پاکستان,19.4,425
negotiations,state,2,2026-04-06,2.965,11,ماده‌ای,17.9,66
negotiations,state,2,2026-04-06,2.965,12,اسلام آباد,17.8,108
negotiations,state,2,2026-04-06,2.965,13,اربعین,16.9,299
negotiations,state,2,2026-04-06,2.965,14,کنیسه,16.7,53
negotiations,state,2,2026-04-06,2.965,15,پیروزی,16.7,291
negotiations,irgc_affiliated,1,2026-02-02,3.521,1,جشنواره فیلم فجر,23.4,77
negotiations,irgc_affiliated,1,2026-02-02,3.521,2,جشنواره,20.4,71
negotiations,irgc_affiliated,1,2026-02-02,3.521,3,اندونزی,19.3,63
negotiations,irgc_affiliated,1,2026-02-02,3.521,4,سینما,18.9,75
negotiations,irgc_affiliated,1,2026-02-02,3.521,5,کارگردانی,18.7,61
negotiations,irgc_affiliated,1,2026-02-02,3.521,6,شعبان,18.7,49
negotiations,irgc_affiliated,1,2026-02-02,3.521,7,مذاکرات,18.3,211
negotiations,irgc_affiliated,1,2026-02-02,3.521,8,فجر,16.9,50
negotiations,irgc_affiliated,1,2026-02-02,3.521,9,شمس‌آذر,16.7,40
negotiations,irgc_affiliated,1,2026-02-02,3.521,10,مسقط,15.3,42
negotiations,irgc_affiliated,1,2026-02-02,3.521,11,فیلم‌های,15.1,42
negotiations,irgc_affiliated,1,2026-02-02,3.521,12,کارگردان,14.0,35
negotiations,irgc_affiliated,1,2026-02-02,3.521,13,پردیس,13.9,39
negotiations,irgc_affiliated,1,2026-02-02,3.521,14,سینمایی,13.8,37
negotiations,irgc_affiliated,1,2026-02-02,3.521,15,فوتسال,13.6,28
negotiations,irgc_affiliated,2,2026-04-06,3.51,1,آتش‌بس,30.9,383
negotiations,irgc_affiliated,2,2026-04-06,3.51,2,مذاکرات,28.8,464
negotiations,irgc_affiliated,2,2026-04-06,3.51,3,اسلام‌آباد,22.9,158
negotiations,irgc_affiliated,2,2026-04-06,3.51,4,تصاویر حماسه مردم,21.9,116
negotiations,irgc_affiliated,2,2026-04-06,3.51,5,پاکستان,21.7,279
negotiations,irgc_affiliated,2,2026-04-06,3.51,6,لبنان,20.3,493
negotiations,irgc_affiliated,2,2026-04-06,3.51,7,خیابان,18.3,287
negotiations,irgc_affiliated,2,2026-04-06,3.51,8,خبرنگار اعزامی,16.7,56
negotiations,irgc_affiliated,2,2026-04-06,3.51,9,ایران,15.9,2296
negotiations,irgc_affiliated,2,2026-04-06,3.51,10,خرازی,15.4,50
negotiations,irgc_affiliated,2,2026-04-06,3.51,11,اسلام آباد,15.3,62
negotiations,irgc_affiliated,2,2026-04-06,3.51,12,چهلمین روز شهادت,15.3,46
negotiations,irgc_affiliated,2,2026-04-06,3.51,13,ماده‌ای,15.1,47
negotiations,irgc_affiliated,2,2026-04-06,3.51,14,آتش بس,13.9,79
negotiations,irgc_affiliated,2,2026-04-06,3.51,15,مجید خادمی,13.4,36
negotiations,reformist,1,2026-02-02,6.222,1,مذاکرات,19.2,291
negotiations,reformist,1,2026-02-02,6.222,2,فولاد مبارکه,15.2,37
negotiations,reformist,1,2026-02-02,6.222,3,مسقط,15.1,43
negotiations,reformist,1,2026-02-02,6.222,4,تجدید میثاق,11.8,26
negotiations,reformist,1,2026-02-02,6.222,5,آرمان‌های,11.0,38
negotiations,reformist,1,2026-02-02,6.222,6,عراقچی,10.9,106
negotiations,reformist,1,2026-02-02,6.222,7,سید حسن خمینی,10.5,50
negotiations,reformist,1,2026-02-02,6.222,8,جنت,10.2,16
negotiations,reformist,1,2026-02-02,6.222,9,ویتکاف,9.4,30
negotiations,reformist,1,2026-02-02,6.222,10,مسابقات,9.3,26
negotiations,reformist,1,2026-02-02,6.222,11,بازداشت,9.2,57
negotiations,reformist,1,2026-02-02,6.222,12,استانبول,9.1,16
negotiations,reformist,1,2026-02-02,6.222,13,آذر,8.8,16
negotiations,reformist,1,2026-02-02,6.222,14,هسته‌ای,8.5,140
negotiations,reformist,1,2026-02-02,6.222,15,بهمن,8.4,39
negotiations,reformist,2,2026-04-06,4.377,1,آتش‌بس,27.4,318
negotiations,reformist,2,2026-04-06,4.377,2,آتش بس,19.3,100
negotiations,reformist,2,2026-04-06,4.377,3,لبنان,19.0,323
negotiations,reformist,2,2026-04-06,4.377,4,مذاکرات,18.0,400
negotiations,reformist,2,2026-04-06,4.377,5,خرازی,16.2,85
negotiations,reformist,2,2026-04-06,4.377,6,اسلام آباد,13.7,59
negotiations,reformist,2,2026-04-06,4.377,7,چهلمین روز شهادت,13.2,37
negotiations,reformist,2,2026-04-06,4.377,8,پاکستان,12.0,182
negotiations,reformist,2,2026-04-06,4.377,9,اسلام‌آباد,11.7,85
negotiations,reformist,2,2026-04-06,4.377,10,هفته‌ای,10.8,32
negotiations,reformist,2,2026-04-06,4.377,11,ایران,10.3,1758
negotiations,reformist,2,2026-04-06,4.377,12,فروردین,10.2,66
negotiations,reformist,2,2026-04-06,4.377,13,ماده‌ای,9.6,26
negotiations,reformist,2,2026-04-06,4.377,14,چهل,9.6,36
negotiations,reformist,2,2026-04-06,4.377,15,تمدن,9.4,38
ceasefire,state,1,2026-04-06,2.759,1,آتش‌بس,47.9,780
ceasefire,state,1,2026-04-06,2.759,2,مذاکرات,27.9,696
ceasefire,state,1,2026-04-06,2.759,3,لبنان,27.5,826
ceasefire,state,1,2026-04-06,2.759,4,چهلمین روز شهادت,24.9,124
ceasefire,state,1,2026-04-06,2.759,5,خرازی,24.8,147
ceasefire,state,1,2026-04-06,2.759,6,فروردین,24.0,267
ceasefire,state,1,2026-04-06,2.759,7,اسلام‌آباد,21.6,214
ceasefire,state,1,2026-04-06,2.759,8,ایران,20.9,3997
ceasefire,state,1,2026-04-06,2.759,9,آتش بس,20.1,165
ceasefire,state,1,2026-04-06,2.759,10,پاکستان,19.4,425
ceasefire,state,1,2026-04-06,2.759,11,ماده‌ای,17.9,66
ceasefire,state,1,2026-04-06,2.759,12,اسلام آباد,17.8,108
ceasefire,state,1,2026-04-06,2.759,13,اربعین,16.9,299
ceasefire,state,1,2026-04-06,2.759,14,کنیسه,16.7,53
ceasefire,state,1,2026-04-06,2.759,15,پیروزی,16.7,291
ceasefire,state,2,2026-04-13,2.379,1,دختران,32.0,211
ceasefire,state,2,2026-04-13,2.379,2,آتش‌بس,31.5,457
ceasefire,state,2,2026-04-13,2.379,3,فروردین,26.6,254
ceasefire,state,2,2026-04-13,2.379,4,پاپ,25.9,117
ceasefire,state,2,2026-04-13,2.379,5,تنگه هرمز,25.4,705
ceasefire,state,2,2026-04-13,2.379,6,محاصره,22.9,196
ceasefire,state,2,2026-04-13,2.379,7,محاصره دریایی,22.1,150
ceasefire,state,2,2026-04-13,2.379,8,لبنان,20.7,575
ceasefire,state,2,2026-04-13,2.379,9,جان‌فدای,20.5,72
ceasefire,state,2,2026-04-13,2.379,10,پاپ لئو,19.8,64
ceasefire,state,2,2026-04-13,2.379,11,ترامپ,18.3,887
ceasefire,state,2,2026-04-13,2.379,12,مذاکرات,18.3,440
ceasefire,state,2,2026-04-13,2.379,13,آتش بس,17.9,128
ceasefire,state,2,2026-04-13,2.379,14,چهاردهم,17.0,60
ceasefire,state,2,2026-04-13,2.379,15,جنگ,15.8,1150
ceasefire,irgc_affiliated,1,2026-04-13,3.051,1,آتش‌بس,32.7,367
ceasefire,irgc_affiliated,1,2026-04-13,3.051,2,آتش بس,21.0,110
ceasefire,irgc_affiliated,1,2026-04-13,3.051,3,محاصره,19.5,166
ceasefire,irgc_affiliated,1,2026-04-13,3.051,4,مذاکرات,19.2,302
ceasefire,irgc_affiliated,1,2026-04-13,3.051,5,محاصره دریایی,19.0,117
ceasefire,irgc_affiliated,1,2026-04-13,3.051,6,تنگه هرمز,17.7,487
ceasefire,irgc_affiliated,1,2026-04-13,3.051,7,لبنان,17.6,399
ceasefire,irgc_affiliated,1,2026-04-13,3.051,8,پاپ,16.6,49
ceasefire,irgc_affiliated,1,2026-04-13,3.051,9,ترامپ,16.5,632
ceasefire,irgc_affiliated,1,2026-04-13,3.051,10,تصاویر حماسه مردم,16.4,77
ceasefire,irgc_affiliated,1,2026-04-13,3.051,11,دختران,16.2,72
ceasefire,irgc_affiliated,1,2026-04-13,3.051,12,تنگه,14.6,117
ceasefire,irgc_affiliated,1,2026-04-13,3.051,13,فروردین,14.1,96
ceasefire,irgc_affiliated,1,2026-04-13,3.051,14,جنگ,13.7,721
ceasefire,irgc_affiliated,1,2026-04-13,3.051,15,ایران,13.4,1859
ceasefire,irgc_affiliated,2,2026-04-06,2.415,1,آتش‌بس,30.9,383
ceasefire,irgc_affiliated,2,2026-04-06,2.415,2,مذاکرات,28.8,464
ceasefire,irgc_affiliated,2,2026-04-06,2.415,3,اسلام‌آباد,22.9,158
ceasefire,irgc_affiliated,2,2026-04-06,2.415,4,تصاویر حماسه مردم,21.9,116
ceasefire,irgc_affiliated,2,2026-04-06,2.415,5,پاکستان,21.7,279
ceasefire,irgc_affiliated,2,2026-04-06,2.415,6,لبنان,20.3,493
ceasefire,irgc_affiliated,2,2026-04-06,2.415,7,خیابان,18.3,287
ceasefire,irgc_affiliated,2,2026-04-06,2.415,8,خبرنگار اعزامی,16.7,56
ceasefire,irgc_affiliated,2,2026-04-06,2.415,9,ایران,15.9,2296
ceasefire,irgc_affiliated,2,2026-04-06,2.415,10,خرازی,15.4,50
ceasefire,irgc_affiliated,2,2026-04-06,2.415,11,اسلام آباد,15.3,62
ceasefire,irgc_affiliated,2,2026-04-06,2.415,12,چهلمین روز شهادت,15.3,46
ceasefire,irgc_affiliated,2,2026-04-06,2.415,13,ماده‌ای,15.1,47
ceasefire,irgc_affiliated,2,2026-04-06,2.415,14,آتش بس,13.9,79
ceasefire,irgc_affiliated,2,2026-04-06,2.415,15,مجید خادمی,13.4,36
ceasefire,reformist,1,2026-04-06,3.285,1,آتش‌بس,27.4,318
ceasefire,reformist,1,2026-04-06,3.285,2,آتش بس,19.3,100
ceasefire,reformist,1,2026-04-06,3.285,3,لبنان,19.0,323
ceasefire,reformist,1,2026-04-06,3.285,4,مذاکرات,18.0,400
ceasefire,reformist,1,2026-04-06,3.285,5,خرازی,16.2,85
ceasefire,reformist,1,2026-04-06,3.285,6,اسلام آباد,13.7,59
ceasefire,reformist,1,2026-04-06,3.285,7,چهلمین روز شهادت,13.2,37
ceasefire,reformist,1,2026-04-06,3.285,8,پاکستان,12.0,182
ceasefire,reformist,1,2026-04-06,3.285,9,اسلام‌آباد,11.7,85
ceasefire,reformist,1,2026-04-06,3.285,10,هفته‌ای,10.8,32
ceasefire,reformist,1,2026-04-06,3.285,11,ایران,10.3,1758
ceasefire,reformist,1,2026-04-06,3.285,12,فروردین,10.2,66
ceasefire,reformist,1,2026-04-06,3.285,13,ماده‌ای,9.6,26
ceasefire,reformist,1,2026-04-06,3.285,14,چهل,9.6,36
ceasefire,reformist,1,2026-04-06,3.285,15,تمدن,9.4,38
ceasefire,reformist,2,2026-04-13,2.667,1,آتش‌بس,21.8,239
ceasefire,reformist,2,2026-04-13,2.667,2,محاصره,15.2,108
ceasefire,reformist,2,2026-04-13,2.667,3,لبنان,13.9,236
ceasefire,reformist,2,2026-04-13,2.667,4,پاپ,13.1,35
ceasefire,reformist,2,2026-04-13,2.667,5,ماکان,12.1,31
ceasefire,reformist,2,2026-04-13,2.667,6,فروردین,11.9,69
ceasefire,reformist,2,2026-04-13,2.667,7,محاصره دریایی,11.8,67
ceasefire,reformist,2,2026-04-13,2.667,8,مذاکرات,11.0,272
ceasefire,reformist,2,2026-04-13,2.667,9,آتش بس,10.4,50
ceasefire,reformist,2,2026-04-13,2.667,10,تبریزی,9.9,20
ceasefire,reformist,2,2026-04-13,2.667,11,پاکستان,9.4,141
ceasefire,reformist,2,2026-04-13,2.667,12,تنگه هرمز,9.1,295
ceasefire,reformist,2,2026-04-13,2.667,13,اسلام‌آباد,8.7,62
ceasefire,reformist,2,2026-04-13,2.667,14,مسیح,8.3,15
ceasefire,reformist,2,2026-04-13,2.667,15,تنگه,8.3,66
revenge,state,1,2026-07-06,0.839,1,شهید,89.9,2920
revenge,state,1,2026-07-06,0.839,2,بدرقه,81.3,1305
revenge,state,1,2026-07-06,0.839,3,رهبر شهید,75.3,1404
revenge,state,1,2026-07-06,0.839,4,برخاست,72.7,1026
revenge,state,1,2026-07-06,0.839,5,رهبر شهید انقلاب,70.7,1271
revenge,state,1,2026-07-06,0.839,6,تشییع,64.5,955
revenge,state,1,2026-07-06,0.839,7,مراسم تشییع,52.6,595
revenge,state,1,2026-07-06,0.839,8,مشهد,51.4,688
revenge,state,1,2026-07-06,0.839,9,پیکر مطهر,43.0,385
revenge,state,1,2026-07-06,0.839,10,پیکر,41.8,497
revenge,state,1,2026-07-06,0.839,11,نجف,38.6,298
revenge,state,1,2026-07-06,0.839,12,تشییع پیکر,38.1,294
revenge,state,1,2026-07-06,0.839,13,امام,37.5,841
revenge,state,1,2026-07-06,0.839,14,حرم,34.5,337
revenge,state,1,2026-07-06,0.839,15,وداع,32.6,337
revenge,state,2,2026-07-13,0.578,1,بندرعباس,30.9,259
revenge,state,2,2026-07-13,0.578,2,هرمزگان,29.6,299
revenge,state,2,2026-07-13,0.578,3,اهواز,26.8,171
revenge,state,2,2026-07-13,0.578,4,فینال,26.8,154
revenge,state,2,2026-07-13,0.578,5,اردن,26.6,249
revenge,state,2,2026-07-13,0.578,6,کویت,26.4,301
revenge,state,2,2026-07-13,0.578,7,آرژانتین,24.8,142
revenge,state,2,2026-07-13,0.578,8,تیرماه,22.3,191
revenge,state,2,2026-07-13,0.578,9,تیر,21.7,244
revenge,state,2,2026-07-13,0.578,10,عملیات صاعقه,19.7,70
revenge,state,2,2026-07-13,0.578,11,ارتش تروریستی آمریکا,19.4,114
revenge,state,2,2026-07-13,0.578,12,بحرین,18.9,219
revenge,state,2,2026-07-13,0.578,13,دشمن,18.8,762
revenge,state,2,2026-07-13,0.578,14,صنعا,18.6,79
revenge,state,2,2026-07-13,0.578,15,شنیده,17.9,244
revenge,irgc_affiliated,1,2026-07-06,1.485,1,بدرقه,76.4,1132
revenge,irgc_affiliated,1,2026-07-06,1.485,2,برخاست,72.2,977
revenge,irgc_affiliated,1,2026-07-06,1.485,3,شهید,70.0,1886
revenge,irgc_affiliated,1,2026-07-06,1.485,4,تشییع,50.4,586
revenge,irgc_affiliated,1,2026-07-06,1.485,5,رهبر شهید انقلاب,44.9,605
revenge,irgc_affiliated,1,2026-07-06,1.485,6,رهبر شهید,43.9,565
revenge,irgc_affiliated,1,2026-07-06,1.485,7,امام,41.7,770
revenge,irgc_affiliated,1,2026-07-06,1.485,8,نجف,36.3,240
revenge,irgc_affiliated,1,2026-07-06,1.485,9,مشهد,35.2,294
revenge,irgc_affiliated,1,2026-07-06,1.485,10,مراسم تشییع,34.5,265
revenge,irgc_affiliated,1,2026-07-06,1.485,11,پیکر,34.0,315
revenge,irgc_affiliated,1,2026-07-06,1.485,12,حرم,31.2,260
revenge,irgc_affiliated,1,2026-07-06,1.485,13,کربلا,31.0,212
revenge,irgc_affiliated,1,2026-07-06,1.485,14,پیکر مطهر,30.7,209
revenge,irgc_affiliated,1,2026-07-06,1.485,15,جمعیت,25.7,226
revenge,irgc_affiliated,2,2026-03-02,0.893,1,موشک‌های,24.1,365
revenge,irgc_affiliated,2,2026-03-02,0.893,2,خامنه‌ای,21.9,302
revenge,irgc_affiliated,2,2026-03-02,0.893,3,امام,21.2,545
revenge,irgc_affiliated,2,2026-03-02,0.893,4,آمریکایی,19.9,802
revenge,irgc_affiliated,2,2026-03-02,0.893,5,پایگاه,19.9,380
revenge,irgc_affiliated,2,2026-03-02,0.893,6,اصابت,19.0,355
revenge,irgc_affiliated,2,2026-03-02,0.893,7,سوگ,18.8,102
revenge,irgc_affiliated,2,2026-03-02,0.893,8,حیدر,18.5,95
revenge,irgc_affiliated,2,2026-03-02,0.893,9,هدف قرار,18.1,368
revenge,irgc_affiliated,2,2026-03-02,0.893,10,مجلس خبرگان,17.7,74
revenge,irgc_affiliated,2,2026-03-02,0.893,11,شهادت,17.7,454
revenge,irgc_affiliated,2,2026-03-02,0.893,12,حمله,17.7,770
revenge,irgc_affiliated,2,2026-03-02,0.893,13,سرزمین‌های اشغالی,17.6,187
revenge,irgc_affiliated,2,2026-03-02,0.893,14,صهیونی,17.1,278
revenge,irgc_affiliated,2,2026-03-02,0.893,15,عملیات وعده صادق,16.4,101
revenge,reformist,1,2026-07-06,0.543,1,رهبر شهید,32.2,239
revenge,reformist,1,2026-07-06,0.543,2,رهبر شهید انقلاب,31.4,229
revenge,reformist,1,2026-07-06,0.543,3,تشییع,26.0,145
revenge,reformist,1,2026-07-06,0.543,4,مراسم تشییع,21.0,97
revenge,reformist,1,2026-07-06,0.543,5,مشهد,20.2,99
revenge,reformist,1,2026-07-06,0.543,6,پیکر مطهر,19.1,68
revenge,reformist,1,2026-07-06,0.543,7,پیکر,15.4,75
revenge,reformist,1,2026-07-06,0.543,8,نجف اشرف,15.0,40
revenge,reformist,1,2026-07-06,0.543,9,حرم,14.0,54
revenge,reformist,1,2026-07-06,0.543,10,بدرقه,13.6,39
revenge,reformist,1,2026-07-06,0.543,11,نجف,12.6,33
revenge,reformist,1,2026-07-06,0.543,12,مراسم تشییع پیکر مطهر,12.2,26
revenge,reformist,1,2026-07-06,0.543,13,باشکوه,12.0,34
revenge,reformist,1,2026-07-06,0.543,14,مراسم تشییع پیکر,12.0,28
revenge,reformist,1,2026-07-06,0.543,15,خامنه‌ای,11.6,80
revenge,reformist,2,2026-07-13,0.41,1,بندرعباس,23.4,126
revenge,reformist,2,2026-07-13,0.41,2,هرمزگان,19.7,108
revenge,reformist,2,2026-07-13,0.41,3,اردن,18.9,116
revenge,reformist,2,2026-07-13,0.41,4,کویت,15.4,132
revenge,reformist,2,2026-07-13,0.41,5,شنیده,14.4,123
revenge,reformist,2,2026-07-13,0.41,6,اهواز,14.1,57
revenge,reformist,2,2026-07-13,0.41,7,انفجار,13.4,136
revenge,reformist,2,2026-07-13,0.41,8,پل,13.0,64
revenge,reformist,2,2026-07-13,0.41,9,بوشهر,12.2,68
revenge,reformist,2,2026-07-13,0.41,10,آمریکایی,11.9,391
revenge,reformist,2,2026-07-13,0.41,11,آرژانتین,11.6,34
revenge,reformist,2,2026-07-13,0.41,12,حمله,11.5,403
revenge,reformist,2,2026-07-13,0.41,13,حملات,11.5,295
revenge,reformist,2,2026-07-13,0.41,14,ارتش تروریستی آمریکا,11.4,46
revenge,reformist,2,2026-07-13,0.41,15,لار,10.7,25
labels_opponents,state,1,2026-01-12,2.173,1,اغتشاشات,31.7,109
labels_opponents,state,1,2026-01-12,2.173,2,تروریست‌های,27.2,81
labels_opponents,state,1,2026-01-12,2.173,3,تروریست‌ها,23.5,65
labels_opponents,state,1,2026-01-12,2.173,4,تروریستی,23.4,131
labels_opponents,state,1,2026-01-12,2.173,5,مسلح,20.6,73
labels_opponents,state,1,2026-01-12,2.173,6,اغتشاشگران,20.5,50
labels_opponents,state,1,2026-01-12,2.173,7,آشوبگران,15.7,26
labels_opponents,state,1,2026-01-12,2.173,8,دی,15.4,46
labels_opponents,state,1,2026-01-12,2.173,9,عناصر,14.8,48
labels_opponents,state,1,2026-01-12,2.173,10,دی ماه,14.0,37
labels_opponents,state,1,2026-01-12,2.173,11,پهلوی,13.6,28
labels_opponents,state,1,2026-01-12,2.173,12,فتنه,13.6,33
labels_opponents,state,1,2026-01-12,2.173,13,موساد,13.5,37
labels_opponents,state,1,2026-01-12,2.173,14,اغتشاشگر,13.2,17
labels_opponents,state,1,2026-01-12,2.173,15,قشرهای,12.9,14
labels_opponents,state,2,2026-01-19,1.239,1,تهیه‌کنندگی,34.0,125
labels_opponents,state,2,2026-01-19,1.239,2,کارگردانی,33.5,136
labels_opponents,state,2,2026-01-19,1.239,3,اغتشاشات,29.6,129
labels_opponents,state,2,2026-01-19,1.239,4,بهمن,28.4,197
labels_opponents,state,2,2026-01-19,1.239,5,گرینلند,24.7,73
labels_opponents,state,2,2026-01-19,1.239,6,تروریست‌ها,23.7,85
labels_opponents,state,2,2026-01-19,1.239,7,مدارس,22.8,143
labels_opponents,state,2,2026-01-19,1.239,8,مینیاپولیس,21.0,48
labels_opponents,state,2,2026-01-19,1.239,9,بارش برف,20.5,68
labels_opponents,state,2,2026-01-19,1.239,10,تروریستی,19.0,149
labels_opponents,state,2,2026-01-19,1.239,11,غیرحضوری,18.5,58
labels_opponents,state,2,2026-01-19,1.239,12,تئاتر,18.5,67
labels_opponents,state,2,2026-01-19,1.239,13,اغتشاشگران,18.4,57
labels_opponents,state,2,2026-01-19,1.239,14,آتش,18.0,146
labels_opponents,state,2,2026-01-19,1.239,15,گاز,17.9,120
labels_opponents,irgc_affiliated,1,2026-01-05,3.339,1,اغتشاشگران,34.3,171
labels_opponents,irgc_affiliated,1,2026-01-05,3.339,2,اغتشاش,26.5,93
labels_opponents,irgc_affiliated,1,2026-01-05,3.339,3,ونزوئلا,26.0,139
labels_opponents,irgc_affiliated,1,2026-01-05,3.339,4,کالابرگ,20.9,108
labels_opponents,irgc_affiliated,1,2026-01-05,3.339,5,اعتراض,19.6,97
labels_opponents,irgc_affiliated,1,2026-01-05,3.339,6,اغتشاشات,19.5,111
labels_opponents,irgc_affiliated,1,2026-01-05,3.339,7,روغن,18.3,51
labels_opponents,irgc_affiliated,1,2026-01-05,3.339,8,ارز,18.1,100
labels_opponents,irgc_affiliated,1,2026-01-05,3.339,9,اعتراضات,17.6,65
labels_opponents,irgc_affiliated,1,2026-01-05,3.339,10,آشوب,16.9,59
labels_opponents,irgc_affiliated,1,2026-01-05,3.339,11,بازاریان,16.8,37
labels_opponents,irgc_affiliated,1,2026-01-05,3.339,12,بازار,16.8,137
labels_opponents,irgc_affiliated,1,2026-01-05,3.339,13,مسلح,15.9,82
labels_opponents,irgc_affiliated,1,2026-01-05,3.339,14,کسبه,15.9,35
labels_opponents,irgc_affiliated,1,2026-01-05,3.339,15,مادورو,15.2,39
labels_opponents,irgc_affiliated,2,2026-01-12,2.389,1,اغتشاشات,29.3,152
labels_opponents,irgc_affiliated,2,2026-01-12,2.389,2,تروریست‌ها,20.9,73
labels_opponents,irgc_affiliated,2,2026-01-12,2.389,3,تروریستی,20.2,152
labels_opponents,irgc_affiliated,2,2026-01-12,2.389,4,اغتشاشگران,19.1,74
labels_opponents,irgc_affiliated,2,2026-01-12,2.389,5,تروریست‌های,19.0,70
labels_opponents,irgc_affiliated,2,2026-01-12,2.389,6,مسلح,16.2,73
labels_opponents,irgc_affiliated,2,2026-01-12,2.389,7,آشوبگران,16.0,39
labels_opponents,irgc_affiliated,2,2026-01-12,2.389,8,خاتمی,13.7,25
labels_opponents,irgc_affiliated,2,2026-01-12,2.389,9,امنیت,13.3,150
labels_opponents,irgc_affiliated,2,2026-01-12,2.389,10,گرینلند,12.9,31
labels_opponents,irgc_affiliated,2,2026-01-12,2.389,11,دستگیر,12.8,72
labels_opponents,irgc_affiliated,2,2026-01-12,2.389,12,عناصر,12.4,57
labels_opponents,irgc_affiliated,2,2026-01-12,2.389,13,مساجد,11.9,31
labels_opponents,irgc_affiliated,2,2026-01-12,2.389,14,خشونت,11.8,34
labels_opponents,irgc_affiliated,2,2026-01-12,2.389,15,تروریسم,11.4,32
labels_opponents,reformist,1,2026-01-05,0.731,1,ونزوئلا,31.6,186
labels_opponents,reformist,1,2026-01-05,0.731,2,مادورو,20.7,70
labels_opponents,reformist,1,2026-01-05,0.731,3,اعتراض,15.6,67
labels_opponents,reformist,1,2026-01-05,0.731,4,بازاریان,14.9,31
labels_opponents,reformist,1,2026-01-05,0.731,5,ایلام,13.4,31
labels_opponents,reformist,1,2026-01-05,0.731,6,ماموران,12.5,36
labels_opponents,reformist,1,2026-01-05,0.731,7,بیمارستان,12.3,52
labels_opponents,reformist,1,2026-01-05,0.731,8,کالابرگ,12.2,44
labels_opponents,reformist,1,2026-01-05,0.731,9,اغتشاشگران,11.8,24
labels_opponents,reformist,1,2026-01-05,0.731,10,اغتشاش,11.6,20
labels_opponents,reformist,1,2026-01-05,0.731,11,کاراکاس,11.5,21
labels_opponents,reformist,1,2026-01-05,0.731,12,ارز,11.1,42
labels_opponents,reformist,1,2026-01-05,0.731,13,اعتراضات,11.1,43
labels_opponents,reformist,1,2026-01-05,0.731,14,روغن,11.0,19
labels_opponents,reformist,1,2026-01-05,0.731,15,مهریه,10.9,17
labels_opponents,reformist,2,2026-01-19,0.488,1,استان,9.6,50
labels_opponents,reformist,2,2026-01-19,0.488,2,مینیاپولیس,9.5,10
labels_opponents,reformist,2,2026-01-19,0.488,3,بارش برف,9.0,10
labels_opponents,reformist,2,2026-01-19,0.488,4,اغتشاشات,8.8,16
labels_opponents,reformist,2,2026-01-19,0.488,5,فارابی,8.6,10
labels_opponents,reformist,2,2026-01-19,0.488,6,فیروزکوه,8.5,8
labels_opponents,reformist,2,2026-01-19,0.488,7,بهمن,8.4,23
labels_opponents,reformist,2,2026-01-19,0.488,8,داووس,8.2,7
labels_opponents,reformist,2,2026-01-19,0.488,9,اهدای,8.2,8
labels_opponents,reformist,2,2026-01-19,0.488,10,گرینلند,8.2,11
labels_opponents,reformist,2,2026-01-19,0.488,11,برف,7.9,11
labels_opponents,reformist,2,2026-01-19,0.488,12,اعتراضات,7.9,22
labels_opponents,reformist,2,2026-01-19,0.488,13,چشمی,7.7,6
labels_opponents,reformist,2,2026-01-19,0.488,14,دی ماه,7.3,16
labels_opponents,reformist,2,2026-01-19,0.488,15,تماشاگران,7.0,5
crimes,state,1,2026-03-02,2.076,1,سوگ,33.9,267
crimes,state,1,2026-03-02,2.076,2,حمله,32.3,1301
crimes,state,1,2026-03-02,2.076,3,هدف قرار,30.0,580
crimes,state,1,2026-03-02,2.076,4,موشک‌های,27.8,400
crimes,state,1,2026-03-02,2.076,5,اصابت,25.8,438
crimes,state,1,2026-03-02,2.076,6,حملات,25.3,909
crimes,state,1,2026-03-02,2.076,7,سرزمین‌های اشغالی,25.1,316
crimes,state,1,2026-03-02,2.076,8,تجاوز,23.5,618
crimes,state,1,2026-03-02,2.076,9,مجلس خبرگان رهبری,23.3,120
crimes,state,1,2026-03-02,2.076,10,شهادت,22.4,623
crimes,state,1,2026-03-02,2.076,11,آمریکایی,22.1,987
crimes,state,1,2026-03-02,2.076,12,رهبر,22.1,583
crimes,state,1,2026-03-02,2.076,13,اسفند,21.6,239
crimes,state,1,2026-03-02,2.076,14,خامنه‌ای,21.4,330
crimes,state,1,2026-03-02,2.076,15,صهیونی,21.1,344
crimes,state,2,2026-04-06,1.899,1,آتش‌بس,47.9,780
crimes,state,2,2026-04-06,1.899,2,مذاکرات,27.9,696
crimes,state,2,2026-04-06,1.899,3,لبنان,27.5,826
crimes,state,2,2026-04-06,1.899,4,چهلمین روز شهادت,24.9,124
crimes,state,2,2026-04-06,1.899,5,خرازی,24.8,147
crimes,state,2,2026-04-06,1.899,6,فروردین,24.0,267
crimes,state,2,2026-04-06,1.899,7,اسلام‌آباد,21.6,214
crimes,state,2,2026-04-06,1.899,8,ایران,20.9,3997
crimes,state,2,2026-04-06,1.899,9,آتش بس,20.1,165
crimes,state,2,2026-04-06,1.899,10,پاکستان,19.4,425
crimes,state,2,2026-04-06,1.899,11,ماده‌ای,17.9,66
crimes,state,2,2026-04-06,1.899,12,اسلام آباد,17.8,108
crimes,state,2,2026-04-06,1.899,13,اربعین,16.9,299
crimes,state,2,2026-04-06,1.899,14,کنیسه,16.7,53
crimes,state,2,2026-04-06,1.899,15,پیروزی,16.7,291
crimes,irgc_affiliated,1,2026-07-20,1.785,1,اردن,22.3,166
crimes,irgc_affiliated,1,2026-07-20,1.785,2,کویت,21.2,220
crimes,irgc_affiliated,1,2026-07-20,1.785,3,زائران,20.1,206
crimes,irgc_affiliated,1,2026-07-20,1.785,4,یمن,20.1,213
crimes,irgc_affiliated,1,2026-07-20,1.785,5,عربستان,19.6,204
crimes,irgc_affiliated,1,2026-07-20,1.785,6,اربعین,19.5,176
crimes,irgc_affiliated,1,2026-07-20,1.785,7,اکبر عبدی,18.6,59
crimes,irgc_affiliated,1,2026-07-20,1.785,8,سازمان همکاری شانگهای,15.8,44
crimes,irgc_affiliated,1,2026-07-20,1.785,9,بحرین,15.6,158
crimes,irgc_affiliated,1,2026-07-20,1.785,10,مرز مهران,14.9,54
crimes,irgc_affiliated,1,2026-07-20,1.785,11,سوله,14.1,35
crimes,irgc_affiliated,1,2026-07-20,1.785,12,مرز شلمچه,13.9,33
crimes,irgc_affiliated,1,2026-07-20,1.785,13,اربیل,13.2,80
crimes,irgc_affiliated,1,2026-07-20,1.785,14,آشیانه,12.7,33
crimes,irgc_affiliated,1,2026-07-20,1.785,15,قرقیزستان,12.6,36
crimes,irgc_affiliated,2,2026-03-02,1.596,1,موشک‌های,24.1,365
crimes,irgc_affiliated,2,2026-03-02,1.596,2,خامنه‌ای,21.9,302
crimes,irgc_affiliated,2,2026-03-02,1.596,3,امام,21.2,545
crimes,irgc_affiliated,2,2026-03-02,1.596,4,آمریکایی,19.9,802
crimes,irgc_affiliated,2,2026-03-02,1.596,5,پایگاه,19.9,380
crimes,irgc_affiliated,2,2026-03-02,1.596,6,اصابت,19.0,355
crimes,irgc_affiliated,2,2026-03-02,1.596,7,سوگ,18.8,102
crimes,irgc_affiliated,2,2026-03-02,1.596,8,حیدر,18.5,95
crimes,irgc_affiliated,2,2026-03-02,1.596,9,هدف قرار,18.1,368
crimes,irgc_affiliated,2,2026-03-02,1.596,10,مجلس خبرگان,17.7,74
crimes,irgc_affiliated,2,2026-03-02,1.596,11,شهادت,17.7,454
crimes,irgc_affiliated,2,2026-03-02,1.596,12,حمله,17.7,770
crimes,irgc_affiliated,2,2026-03-02,1.596,13,سرزمین‌های اشغالی,17.6,187
crimes,irgc_affiliated,2,2026-03-02,1.596,14,صهیونی,17.1,278
crimes,irgc_affiliated,2,2026-03-02,1.596,15,عملیات وعده صادق,16.4,101
crimes,reformist,1,2026-03-02,1.562,1,مجلس خبرگان رهبری,15.8,54
crimes,reformist,1,2026-03-02,1.562,2,شهادت,15.3,200
crimes,reformist,1,2026-03-02,1.562,3,رهبر,15.3,194
crimes,reformist,1,2026-03-02,1.562,4,خامنه‌ای,14.2,113
crimes,reformist,1,2026-03-02,1.562,5,هدف قرار,14.0,189
crimes,reformist,1,2026-03-02,1.562,6,موشک‌های,13.1,125
crimes,reformist,1,2026-03-02,1.562,7,مجلس خبرگان,12.7,37
crimes,reformist,1,2026-03-02,1.562,8,حمله,12.2,417
crimes,reformist,1,2026-03-02,1.562,9,صهیونی,11.6,98
crimes,reformist,1,2026-03-02,1.562,10,حملات,11.6,298
crimes,reformist,1,2026-03-02,1.562,11,اصابت,11.2,133
crimes,reformist,1,2026-03-02,1.562,12,خبرگان,11.2,29
crimes,reformist,1,2026-03-02,1.562,13,انتخاب,10.9,121
crimes,reformist,1,2026-03-02,1.562,14,رادار,10.8,40
crimes,reformist,1,2026-03-02,1.562,15,هرمس,10.7,25
crimes,reformist,2,2026-04-06,1.437,1,آتش‌بس,27.4,318
crimes,reformist,2,2026-04-06,1.437,2,آتش بس,19.3,100
crimes,reformist,2,2026-04-06,1.437,3,لبنان,19.0,323
crimes,reformist,2,2026-04-06,1.437,4,مذاکرات,18.0,400
crimes,reformist,2,2026-04-06,1.437,5,خرازی,16.2,85
crimes,reformist,2,2026-04-06,1.437,6,اسلام آباد,13.7,59
crimes,reformist,2,2026-04-06,1.437,7,چهلمین روز شهادت,13.2,37
crimes,reformist,2,2026-04-06,1.437,8,پاکستان,12.0,182
crimes,reformist,2,2026-04-06,1.437,9,اسلام‌آباد,11.7,85
crimes,reformist,2,2026-04-06,1.437,10,هفته‌ای,10.8,32
crimes,reformist,2,2026-04-06,1.437,11,ایران,10.3,1758
crimes,reformist,2,2026-04-06,1.437,12,فروردین,10.2,66
crimes,reformist,2,2026-04-06,1.437,13,ماده‌ای,9.6,26
crimes,reformist,2,2026-04-06,1.437,14,چهل,9.6,36
crimes,reformist,2,2026-04-06,1.437,15,تمدن,9.4,38
trump,state,1,2026-04-13,3.422,1,دختران,32.0,211
trump,state,1,2026-04-13,3.422,2,آتش‌بس,31.5,457
trump,state,1,2026-04-13,3.422,3,فروردین,26.6,254
trump,state,1,2026-04-13,3.422,4,پاپ,25.9,117
trump,state,1,2026-04-13,3.422,5,تنگه هرمز,25.4,705
trump,state,1,2026-04-13,3.422,6,محاصره,22.9,196
trump,state,1,2026-04-13,3.422,7,محاصره دریایی,22.1,150
trump,state,1,2026-04-13,3.422,8,لبنان,20.7,575
trump,state,1,2026-04-13,3.422,9,جان‌فدای,20.5,72
trump,state,1,2026-04-13,3.422,10,پاپ لئو,19.8,64
trump,state,1,2026-04-13,3.422,11,ترامپ,18.3,887
trump,state,1,2026-04-13,3.422,12,مذاکرات,18.3,440
trump,state,1,2026-04-13,3.422,13,آتش بس,17.9,128
trump,state,1,2026-04-13,3.422,14,چهاردهم,17.0,60
trump,state,1,2026-04-13,3.422,15,جنگ,15.8,1150
trump,state,2,2026-04-20,3.34,1,تمدید,23.8,186
trump,state,2,2026-04-20,3.34,2,اردیبهشت,23.8,243
trump,state,2,2026-04-20,3.34,3,آتش‌بس,22.5,346
trump,state,2,2026-04-20,3.34,4,پنجاه,18.2,63
trump,state,2,2026-04-20,3.34,5,ترامپ,16.9,854
trump,state,2,2026-04-20,3.34,6,جنگ,15.0,1127
trump,state,2,2026-04-20,3.34,7,محاصره دریایی,14.5,101
trump,state,2,2026-04-20,3.34,8,شام,14.1,36
trump,state,2,2026-04-20,3.34,9,جانفدایان,13.0,39
trump,state,2,2026-04-20,3.34,10,سعدی,13.0,31
trump,state,2,2026-04-20,3.34,11,ضیافت,12.9,28
trump,state,2,2026-04-20,3.34,12,موساد,12.5,74
trump,state,2,2026-04-20,3.34,13,تیراندازی,12.4,95
trump,state,2,2026-04-20,3.34,14,طبس,12.3,33
trump,state,2,2026-04-20,3.34,15,جنگ تحمیلی,12.2,180
trump,irgc_affiliated,1,2026-04-13,3.997,1,آتش‌بس,32.7,367
trump,irgc_affiliated,1,2026-04-13,3.997,2,آتش بس,21.0,110
trump,irgc_affiliated,1,2026-04-13,3.997,3,محاصره,19.5,166
trump,irgc_affiliated,1,2026-04-13,3.997,4,مذاکرات,19.2,302
trump,irgc_affiliated,1,2026-04-13,3.997,5,محاصره دریایی,19.0,117
trump,irgc_affiliated,1,2026-04-13,3.997,6,تنگه هرمز,17.7,487
trump,irgc_affiliated,1,2026-04-13,3.997,7,لبنان,17.6,399
trump,irgc_affiliated,1,2026-04-13,3.997,8,پاپ,16.6,49
trump,irgc_affiliated,1,2026-04-13,3.997,9,ترامپ,16.5,632
trump,irgc_affiliated,1,2026-04-13,3.997,10,تصاویر حماسه مردم,16.4,77
trump,irgc_affiliated,1,2026-04-13,3.997,11,دختران,16.2,72
trump,irgc_affiliated,1,2026-04-13,3.997,12,تنگه,14.6,117
trump,irgc_affiliated,1,2026-04-13,3.997,13,فروردین,14.1,96
trump,irgc_affiliated,1,2026-04-13,3.997,14,جنگ,13.7,721
trump,irgc_affiliated,1,2026-04-13,3.997,15,ایران,13.4,1859
trump,irgc_affiliated,2,2026-04-20,3.918,1,ترامپ,15.8,648
trump,irgc_affiliated,2,2026-04-20,3.918,2,جنگ,15.1,789
trump,irgc_affiliated,2,2026-04-20,3.918,3,آتش‌بس,15.0,196
trump,irgc_affiliated,2,2026-04-20,3.918,4,اردیبهشت,14.3,93
trump,irgc_affiliated,2,2026-04-20,3.918,5,شام,14.3,39
trump,irgc_affiliated,2,2026-04-20,3.918,6,تمدید,13.9,87
trump,irgc_affiliated,2,2026-04-20,3.918,7,تصاویر حماسه مردم,13.0,63
trump,irgc_affiliated,2,2026-04-20,3.918,8,کشتی,12.9,174
trump,irgc_affiliated,2,2026-04-20,3.918,9,محاصره دریایی,12.9,84
trump,irgc_affiliated,2,2026-04-20,3.918,10,ایران,12.3,1917
trump,irgc_affiliated,2,2026-04-20,3.918,11,کاخ سفید,12.1,83
trump,irgc_affiliated,2,2026-04-20,3.918,12,اسلام‌آباد,11.9,80
trump,irgc_affiliated,2,2026-04-20,3.918,13,سومالی,11.0,29
trump,irgc_affiliated,2,2026-04-20,3.918,14,طبس,10.6,30
trump,irgc_affiliated,2,2026-04-20,3.918,15,حج,10.3,56
trump,reformist,1,2026-04-13,4.504,1,آتش‌بس,21.8,239
trump,reformist,1,2026-04-13,4.504,2,محاصره,15.2,108
trump,reformist,1,2026-04-13,4.504,3,لبنان,13.9,236
trump,reformist,1,2026-04-13,4.504,4,پاپ,13.1,35
trump,reformist,1,2026-04-13,4.504,5,ماکان,12.1,31
trump,reformist,1,2026-04-13,4.504,6,فروردین,11.9,69
trump,reformist,1,2026-04-13,4.504,7,محاصره دریایی,11.8,67
trump,reformist,1,2026-04-13,4.504,8,مذاکرات,11.0,272
trump,reformist,1,2026-04-13,4.504,9,آتش بس,10.4,50
trump,reformist,1,2026-04-13,4.504,10,تبریزی,9.9,20
trump,reformist,1,2026-04-13,4.504,11,پاکستان,9.4,141
trump,reformist,1,2026-04-13,4.504,12,تنگه هرمز,9.1,295
trump,reformist,1,2026-04-13,4.504,13,اسلام‌آباد,8.7,62
trump,reformist,1,2026-04-13,4.504,14,مسیح,8.3,15
trump,reformist,1,2026-04-13,4.504,15,تنگه,8.3,66
trump,reformist,2,2026-01-12,4.238,1,سیستانی,13.0,17
trump,reformist,2,2026-01-12,4.238,2,اغتشاشات,7.8,12
trump,reformist,2,2026-01-12,4.238,3,فرقه,6.6,4
trump,reformist,2,2026-01-12,4.238,4,تروریست‌ها,6.4,6
trump,reformist,2,2026-01-12,4.238,5,تروریست‌های,6.2,7
trump,reformist,2,2026-01-12,4.238,6,گرفتگی,6.1,4
trump,reformist,2,2026-01-12,4.238,7,الاسد,5.7,3
trump,reformist,2,2026-01-12,4.238,8,سازمان همکاری شانگهای,5.6,4
trump,reformist,2,2026-01-12,4.238,9,برخاست,5.6,0
trump,reformist,2,2026-01-12,4.238,10,اغتشاش,5.4,5
trump,reformist,2,2026-01-12,4.238,11,جمهوریت,5.4,4
trump,reformist,2,2026-01-12,4.238,12,وضع,5.3,9
trump,reformist,2,2026-01-12,4.238,13,خشونت,5.1,10
trump,reformist,2,2026-01-12,4.238,14,مداخله‌جویانه,5.1,4
trump,reformist,2,2026-01-12,4.238,15,مردم,5.1,54
ghalibaf,state,1,2026-08-17,0.652,1,مرداد,32.1,316
ghalibaf,state,1,2026-08-17,0.652,2,چهلم,24.7,108
ghalibaf,state,1,2026-08-17,0.652,3,جهان,21.8,737
ghalibaf,state,1,2026-08-17,0.652,4,اقتصادی,19.6,562
ghalibaf,state,1,2026-08-17,0.652,5,تدفین,19.5,107
ghalibaf,state,1,2026-08-17,0.652,6,مراسم بزرگداشت,18.5,105
ghalibaf,state,1,2026-08-17,0.652,7,سوریه,18.2,203
ghalibaf,state,1,2026-08-17,0.652,8,چهلمین روز,18.1,63
ghalibaf,state,1,2026-08-17,0.652,9,کنکور,18.0,95
ghalibaf,state,1,2026-08-17,0.652,10,پزشک,17.7,75
ghalibaf,state,1,2026-08-17,0.652,11,سپاهان,16.7,77
ghalibaf,state,1,2026-08-17,0.652,12,شهریور,16.6,117
ghalibaf,state,1,2026-08-17,0.652,13,دولت چهاردهم,15.1,100
ghalibaf,state,1,2026-08-17,0.652,14,آزمون,14.7,162
ghalibaf,state,1,2026-08-17,0.652,15,عسکری,14.3,37
ghalibaf,state,2,2026-06-29,0.56,1,بدرقه,64.1,892
ghalibaf,state,2,2026-06-29,0.56,2,رهبر شهید انقلاب,63.8,1070
ghalibaf,state,2,2026-06-29,0.56,3,رهبر شهید,62.8,1082
ghalibaf,state,2,2026-06-29,0.56,4,وداع,59.4,656
ghalibaf,state,2,2026-06-29,0.56,5,مراسم وداع,58.9,637
ghalibaf,state,2,2026-06-29,0.56,6,شهید,56.7,1816
ghalibaf,state,2,2026-06-29,0.56,7,برخاست,56.4,675
ghalibaf,state,2,2026-06-29,0.56,8,ادای احترام,43.8,350
ghalibaf,state,2,2026-06-29,0.56,9,مصلی,43.8,352
ghalibaf,state,2,2026-06-29,0.56,10,تشییع,42.6,571
ghalibaf,state,2,2026-06-29,0.56,11,مراسم,42.5,754
ghalibaf,state,2,2026-06-29,0.56,12,پیکر,42.2,473
ghalibaf,state,2,2026-06-29,0.56,13,مراسم تشییع,41.6,423
ghalibaf,state,2,2026-06-29,0.56,14,مصلی تهران,32.4,226
ghalibaf,state,2,2026-06-29,0.56,15,امام خمینی,32.2,325
ghalibaf,irgc_affiliated,1,2026-04-13,0.946,1,آتش‌بس,32.7,367
ghalibaf,irgc_affiliated,1,2026-04-13,0.946,2,آتش بس,21.0,110
ghalibaf,irgc_affiliated,1,2026-04-13,0.946,3,محاصره,19.5,166
ghalibaf,irgc_affiliated,1,2026-04-13,0.946,4,مذاکرات,19.2,302
ghalibaf,irgc_affiliated,1,2026-04-13,0.946,5,محاصره دریایی,19.0,117
ghalibaf,irgc_affiliated,1,2026-04-13,0.946,6,تنگه هرمز,17.7,487
ghalibaf,irgc_affiliated,1,2026-04-13,0.946,7,لبنان,17.6,399
ghalibaf,irgc_affiliated,1,2026-04-13,0.946,8,پاپ,16.6,49
ghalibaf,irgc_affiliated,1,2026-04-13,0.946,9,ترامپ,16.5,632
ghalibaf,irgc_affiliated,1,2026-04-13,0.946,10,تصاویر حماسه مردم,16.4,77
ghalibaf,irgc_affiliated,1,2026-04-13,0.946,11,دختران,16.2,72
ghalibaf,irgc_affiliated,1,2026-04-13,0.946,12,تنگه,14.6,117
ghalibaf,irgc_affiliated,1,2026-04-13,0.946,13,فروردین,14.1,96
ghalibaf,irgc_affiliated,1,2026-04-13,0.946,14,جنگ,13.7,721
ghalibaf,irgc_affiliated,1,2026-04-13,0.946,15,ایران,13.4,1859
ghalibaf,irgc_affiliated,2,2026-08-17,0.82,1,اقتصادی,19.1,269
ghalibaf,irgc_affiliated,2,2026-08-17,0.82,2,مرداد,18.2,91
ghalibaf,irgc_affiliated,2,2026-08-17,0.82,3,چهلمین روز,17.6,54
ghalibaf,irgc_affiliated,2,2026-08-17,0.82,4,تدفین,17.4,77
ghalibaf,irgc_affiliated,2,2026-08-17,0.82,5,چهلم,15.4,44
ghalibaf,irgc_affiliated,2,2026-08-17,0.82,6,عراق,15.3,285
ghalibaf,irgc_affiliated,2,2026-08-17,0.82,7,مصدق,14.0,33
ghalibaf,irgc_affiliated,2,2026-08-17,0.82,8,عسکری,13.7,33
ghalibaf,irgc_affiliated,2,2026-08-17,0.82,9,شهریور,12.7,51
ghalibaf,irgc_affiliated,2,2026-08-17,0.82,10,مراسم بزرگداشت,12.4,45
ghalibaf,irgc_affiliated,2,2026-08-17,0.82,11,رواق دارالذکر,11.6,30
ghalibaf,irgc_affiliated,2,2026-08-17,0.82,12,تراکتور,11.5,53
ghalibaf,irgc_affiliated,2,2026-08-17,0.82,13,استقلال,10.8,127
ghalibaf,irgc_affiliated,2,2026-08-17,0.82,14,دفاعی,10.6,96
ghalibaf,irgc_affiliated,2,2026-08-17,0.82,15,سوریه,10.6,85
ghalibaf,reformist,1,2026-06-29,1.038,1,رهبر شهید,35.6,261
ghalibaf,reformist,1,2026-06-29,1.038,2,رهبر شهید انقلاب,27.1,188
ghalibaf,reformist,1,2026-06-29,1.038,3,مراسم وداع,23.7,94
ghalibaf,reformist,1,2026-06-29,1.038,4,تشییع,23.1,122
ghalibaf,reformist,1,2026-06-29,1.038,5,وداع,22.8,91
ghalibaf,reformist,1,2026-06-29,1.038,6,مراسم تشییع,20.6,92
ghalibaf,reformist,1,2026-06-29,1.038,7,مراسم,18.6,156
ghalibaf,reformist,1,2026-06-29,1.038,8,ادای احترام,18.2,58
ghalibaf,reformist,1,2026-06-29,1.038,9,تیرماه,17.0,70
ghalibaf,reformist,1,2026-06-29,1.038,10,مصلی,16.2,44
ghalibaf,reformist,1,2026-06-29,1.038,11,پیکر,15.8,74
ghalibaf,reformist,1,2026-06-29,1.038,12,بدرقه,15.3,44
ghalibaf,reformist,1,2026-06-29,1.038,13,مصلی تهران,14.6,41
ghalibaf,reformist,1,2026-06-29,1.038,14,زائران,14.3,57
ghalibaf,reformist,1,2026-06-29,1.038,15,دوحه,13.5,40
ghalibaf,reformist,2,2026-08-17,0.873,1,نفوذ,13.0,75
ghalibaf,reformist,2,2026-08-17,0.873,2,مصدق,11.8,27
ghalibaf,reformist,2,2026-08-17,0.873,3,اقتصادی,11.5,181
ghalibaf,reformist,2,2026-08-17,0.873,4,میلیون لیتر,10.3,20
ghalibaf,reformist,2,2026-08-17,0.873,5,بنزین,10.2,52
ghalibaf,reformist,2,2026-08-17,0.873,6,عراق,9.4,139
ghalibaf,reformist,2,2026-08-17,0.873,7,فیلترینگ,9.4,24
ghalibaf,reformist,2,2026-08-17,0.873,8,طرح,9.2,108
ghalibaf,reformist,2,2026-08-17,0.873,9,دولت,9.1,270
ghalibaf,reformist,2,2026-08-17,0.873,10,قالیباف,9.0,81
ghalibaf,reformist,2,2026-08-17,0.873,11,گوشت,9.0,22
ghalibaf,reformist,2,2026-08-17,0.873,12,مجلس,8.8,123
ghalibaf,reformist,2,2026-08-17,0.873,13,چهلمین روز,8.6,14
ghalibaf,reformist,2,2026-08-17,0.873,14,مرداد,8.6,36
ghalibaf,reformist,2,2026-08-17,0.873,15,اجتماعی,8.1,105
martyr,state,1,2026-07-06,17.464,1,شهید,89.9,2920
martyr,state,1,2026-07-06,17.464,2,بدرقه,81.3,1305
martyr,state,1,2026-07-06,17.464,3,رهبر شهید,75.3,1404
martyr,state,1,2026-07-06,17.464,4,برخاست,72.7,1026
martyr,state,1,2026-07-06,17.464,5,رهبر شهید انقلاب,70.7,1271
martyr,state,1,2026-07-06,17.464,6,تشییع,64.5,955
martyr,state,1,2026-07-06,17.464,7,مراسم تشییع,52.6,595
martyr,state,1,2026-07-06,17.464,8,مشهد,51.4,688
martyr,state,1,2026-07-06,17.464,9,پیکر مطهر,43.0,385
martyr,state,1,2026-07-06,17.464,10,پیکر,41.8,497
martyr,state,1,2026-07-06,17.464,11,نجف,38.6,298
martyr,state,1,2026-07-06,17.464,12,تشییع پیکر,38.1,294
martyr,state,1,2026-07-06,17.464,13,امام,37.5,841
martyr,state,1,2026-07-06,17.464,14,حرم,34.5,337
martyr,state,1,2026-07-06,17.464,15,وداع,32.6,337
martyr,state,2,2026-06-29,14.116,1,بدرقه,64.1,892
martyr,state,2,2026-06-29,14.116,2,رهبر شهید انقلاب,63.8,1070
martyr,state,2,2026-06-29,14.116,3,رهبر شهید,62.8,1082
martyr,state,2,2026-06-29,14.116,4,وداع,59.4,656
martyr,state,2,2026-06-29,14.116,5,مراسم وداع,58.9,637
martyr,state,2,2026-06-29,14.116,6,شهید,56.7,1816
martyr,state,2,2026-06-29,14.116,7,برخاست,56.4,675
martyr,state,2,2026-06-29,14.116,8,ادای احترام,43.8,350
martyr,state,2,2026-06-29,14.116,9,مصلی,43.8,352
martyr,state,2,2026-06-29,14.116,10,تشییع,42.6,571
martyr,state,2,2026-06-29,14.116,11,مراسم,42.5,754
martyr,state,2,2026-06-29,14.116,12,پیکر,42.2,473
martyr,state,2,2026-06-29,14.116,13,مراسم تشییع,41.6,423
martyr,state,2,2026-06-29,14.116,14,مصلی تهران,32.4,226
martyr,state,2,2026-06-29,14.116,15,امام خمینی,32.2,325
martyr,irgc_affiliated,1,2026-07-06,21.556,1,بدرقه,76.4,1132
martyr,irgc_affiliated,1,2026-07-06,21.556,2,برخاست,72.2,977
martyr,irgc_affiliated,1,2026-07-06,21.556,3,شهید,70.0,1886
martyr,irgc_affiliated,1,2026-07-06,21.556,4,تشییع,50.4,586
martyr,irgc_affiliated,1,2026-07-06,21.556,5,رهبر شهید انقلاب,44.9,605
martyr,irgc_affiliated,1,2026-07-06,21.556,6,رهبر شهید,43.9,565
martyr,irgc_affiliated,1,2026-07-06,21.556,7,امام,41.7,770
martyr,irgc_affiliated,1,2026-07-06,21.556,8,نجف,36.3,240
martyr,irgc_affiliated,1,2026-07-06,21.556,9,مشهد,35.2,294
martyr,irgc_affiliated,1,2026-07-06,21.556,10,مراسم تشییع,34.5,265
martyr,irgc_affiliated,1,2026-07-06,21.556,11,پیکر,34.0,315
martyr,irgc_affiliated,1,2026-07-06,21.556,12,حرم,31.2,260
martyr,irgc_affiliated,1,2026-07-06,21.556,13,کربلا,31.0,212
martyr,irgc_affiliated,1,2026-07-06,21.556,14,پیکر مطهر,30.7,209
martyr,irgc_affiliated,1,2026-07-06,21.556,15,جمعیت,25.7,226
martyr,irgc_affiliated,2,2026-06-29,19.103,1,بدرقه,80.3,1343
martyr,irgc_affiliated,2,2026-06-29,19.103,2,برخاست,72.5,1086
martyr,irgc_affiliated,2,2026-06-29,19.103,3,شهید,63.9,1940
martyr,irgc_affiliated,2,2026-06-29,19.103,4,رهبر شهید,55.3,801
martyr,irgc_affiliated,2,2026-06-29,19.103,5,وداع,47.3,467
martyr,irgc_affiliated,2,2026-06-29,19.103,6,رهبر شهید انقلاب,45.7,682
martyr,irgc_affiliated,2,2026-06-29,19.103,7,مراسم وداع,44.3,414
martyr,irgc_affiliated,2,2026-06-29,19.103,8,مصلی,39.5,351
martyr,irgc_affiliated,2,2026-06-29,19.103,9,مراسم,36.0,499
martyr,irgc_affiliated,2,2026-06-29,19.103,10,تشییع,33.5,419
martyr,irgc_affiliated,2,2026-06-29,19.103,11,ادای احترام,33.4,227
martyr,irgc_affiliated,2,2026-06-29,19.103,12,مراسم تشییع,31.9,266
martyr,irgc_affiliated,2,2026-06-29,19.103,13,پیکر,30.0,306
martyr,irgc_affiliated,2,2026-06-29,19.103,14,زائران,24.9,295
martyr,irgc_affiliated,2,2026-06-29,19.103,15,پیکر مطهر,24.7,180
martyr,reformist,1,2026-06-29,7.628,1,رهبر شهید,35.6,261
martyr,reformist,1,2026-06-29,7.628,2,رهبر شهید انقلاب,27.1,188
martyr,reformist,1,2026-06-29,7.628,3,مراسم وداع,23.7,94
martyr,reformist,1,2026-06-29,7.628,4,تشییع,23.1,122
martyr,reformist,1,2026-06-29,7.628,5,وداع,22.8,91
martyr,reformist,1,2026-06-29,7.628,6,مراسم تشییع,20.6,92
martyr,reformist,1,2026-06-29,7.628,7,مراسم,18.6,156
martyr,reformist,1,2026-06-29,7.628,8,ادای احترام,18.2,58
martyr,reformist,1,2026-06-29,7.628,9,تیرماه,17.0,70
martyr,reformist,1,2026-06-29,7.628,10,مصلی,16.2,44
martyr,reformist,1,2026-06-29,7.628,11,پیکر,15.8,74
martyr,reformist,1,2026-06-29,7.628,12,بدرقه,15.3,44
martyr,reformist,1,2026-06-29,7.628,13,مصلی تهران,14.6,41
martyr,reformist,1,2026-06-29,7.628,14,زائران,14.3,57
martyr,reformist,1,2026-06-29,7.628,15,دوحه,13.5,40
martyr,reformist,2,2026-07-06,7.586,1,رهبر شهید,32.2,239
martyr,reformist,2,2026-07-06,7.586,2,رهبر شهید انقلاب,31.4,229
martyr,reformist,2,2026-07-06,7.586,3,تشییع,26.0,145
martyr,reformist,2,2026-07-06,7.586,4,مراسم تشییع,21.0,97
martyr,reformist,2,2026-07-06,7.586,5,مشهد,20.2,99
martyr,reformist,2,2026-07-06,7.586,6,پیکر مطهر,19.1,68
martyr,reformist,2,2026-07-06,7.586,7,پیکر,15.4,75
martyr,reformist,2,2026-07-06,7.586,8,نجف اشرف,15.0,40
martyr,reformist,2,2026-07-06,7.586,9,حرم,14.0,54
martyr,reformist,2,2026-07-06,7.586,10,بدرقه,13.6,39
martyr,reformist,2,2026-07-06,7.586,11,نجف,12.6,33
martyr,reformist,2,2026-07-06,7.586,12,مراسم تشییع پیکر مطهر,12.2,26
martyr,reformist,2,2026-07-06,7.586,13,باشکوه,12.0,34
martyr,reformist,2,2026-07-06,7.586,14,مراسم تشییع پیکر,12.0,28
martyr,reformist,2,2026-07-06,7.586,15,خامنه‌ای,11.6,80
internet,state,1,2026-05-11,0.556,1,بریکس,34.8,221
internet,state,1,2026-05-11,0.556,2,اردیبهشت,33.7,351
internet,state,1,2026-05-11,0.556,3,چین,27.5,427
internet,state,1,2026-05-11,0.556,4,شی,23.5,98
internet,state,1,2026-05-11,0.556,5,فردوسی,22.8,99
internet,state,1,2026-05-11,0.556,6,پکن,22.6,146
internet,state,1,2026-05-11,0.556,7,هفتاد,22.2,87
internet,state,1,2026-05-11,0.556,8,شاهنامه,18.4,60
internet,state,1,2026-05-11,0.556,9,هند,16.9,159
internet,state,1,2026-05-11,0.556,10,دهلی‌نو,16.7,53
internet,state,1,2026-05-11,0.556,11,دهلی,16.7,49
internet,state,1,2026-05-11,0.556,12,امارات,16.3,188
internet,state,1,2026-05-11,0.556,13,اینترنت پرو,15.8,42
internet,state,1,2026-05-11,0.556,14,نمایشگاه مجازی کتاب,15.8,47
internet,state,1,2026-05-11,0.556,15,کتاب,15.1,147
internet,state,2,2026-01-12,0.494,1,اغتشاشات,31.7,109
internet,state,2,2026-01-12,0.494,2,تروریست‌های,27.2,81
internet,state,2,2026-01-12,0.494,3,تروریست‌ها,23.5,65
internet,state,2,2026-01-12,0.494,4,تروریستی,23.4,131
internet,state,2,2026-01-12,0.494,5,مسلح,20.6,73
internet,state,2,2026-01-12,0.494,6,اغتشاشگران,20.5,50
internet,state,2,2026-01-12,0.494,7,آشوبگران,15.7,26
internet,state,2,2026-01-12,0.494,8,دی,15.4,46
internet,state,2,2026-01-12,0.494,9,عناصر,14.8,48
internet,state,2,2026-01-12,0.494,10,دی ماه,14.0,37
internet,state,2,2026-01-12,0.494,11,پهلوی,13.6,28
internet,state,2,2026-01-12,0.494,12,فتنه,13.6,33
internet,state,2,2026-01-12,0.494,13,موساد,13.5,37
internet,state,2,2026-01-12,0.494,14,اغتشاشگر,13.2,17
internet,state,2,2026-01-12,0.494,15,قشرهای,12.9,14
internet,irgc_affiliated,1,2026-01-12,0.655,1,اغتشاشات,29.3,152
internet,irgc_affiliated,1,2026-01-12,0.655,2,تروریست‌ها,20.9,73
internet,irgc_affiliated,1,2026-01-12,0.655,3,تروریستی,20.2,152
internet,irgc_affiliated,1,2026-01-12,0.655,4,اغتشاشگران,19.1,74
internet,irgc_affiliated,1,2026-01-12,0.655,5,تروریست‌های,19.0,70
internet,irgc_affiliated,1,2026-01-12,0.655,6,مسلح,16.2,73
internet,irgc_affiliated,1,2026-01-12,0.655,7,آشوبگران,16.0,39
internet,irgc_affiliated,1,2026-01-12,0.655,8,خاتمی,13.7,25
internet,irgc_affiliated,1,2026-01-12,0.655,9,امنیت,13.3,150
internet,irgc_affiliated,1,2026-01-12,0.655,10,گرینلند,12.9,31
internet,irgc_affiliated,1,2026-01-12,0.655,11,دستگیر,12.8,72
internet,irgc_affiliated,1,2026-01-12,0.655,12,عناصر,12.4,57
internet,irgc_affiliated,1,2026-01-12,0.655,13,مساجد,11.9,31
internet,irgc_affiliated,1,2026-01-12,0.655,14,خشونت,11.8,34
internet,irgc_affiliated,1,2026-01-12,0.655,15,تروریسم,11.4,32
internet,irgc_affiliated,2,2026-01-19,0.548,1,اغتشاشات,27.2,161
internet,irgc_affiliated,2,2026-01-19,0.548,2,کارگردانی,26.5,96
internet,irgc_affiliated,2,2026-01-19,0.548,3,گرینلند,25.6,88
internet,irgc_affiliated,2,2026-01-19,0.548,4,تهیه‌کنندگی,24.2,93
internet,irgc_affiliated,2,2026-01-19,0.548,5,مدارس,20.8,116
internet,irgc_affiliated,2,2026-01-19,0.548,6,فتنه,19.7,66
internet,irgc_affiliated,2,2026-01-19,0.548,7,تروریست‌ها,19.5,77
internet,irgc_affiliated,2,2026-01-19,0.548,8,برف,17.8,52
internet,irgc_affiliated,2,2026-01-19,0.548,9,بارش برف,17.8,48
internet,irgc_affiliated,2,2026-01-19,0.548,10,مینیاپولیس,17.2,39
internet,irgc_affiliated,2,2026-01-19,0.548,11,غیرحضوری,16.8,50
internet,irgc_affiliated,2,2026-01-19,0.548,12,اغتشاشگران,16.7,74
internet,irgc_affiliated,2,2026-01-19,0.548,13,بهمن,16.7,91
internet,irgc_affiliated,2,2026-01-19,0.548,14,ادارات,15.9,54
internet,irgc_affiliated,2,2026-01-19,0.548,15,حوادث,14.8,66
internet,reformist,1,2026-05-25,1.763,1,خاتمی,18.4,94
internet,reformist,1,2026-05-25,1.763,2,خرداد,14.7,79
internet,reformist,1,2026-05-25,1.763,3,اینترنت,14.5,144
internet,reformist,1,2026-05-25,1.763,4,خدیجه,12.0,25
internet,reformist,1,2026-05-25,1.763,5,خواهر,11.9,26
internet,reformist,1,2026-05-25,1.763,6,اتصال,10.8,32
internet,reformist,1,2026-05-25,1.763,7,حاجیه,10.4,22
internet,reformist,1,2026-05-25,1.763,8,توافق,10.2,215
internet,reformist,1,2026-05-25,1.763,9,قزاقستان,10.0,20
internet,reformist,1,2026-05-25,1.763,10,فضای مجازی,9.9,55
internet,reformist,1,2026-05-25,1.763,11,بازگشایی,9.8,66
internet,reformist,1,2026-05-25,1.763,12,تابش,9.4,16
internet,reformist,1,2026-05-25,1.763,13,دخانیات,9.1,15
internet,reformist,1,2026-05-25,1.763,14,ابراهیم,9.0,27
internet,reformist,1,2026-05-25,1.763,15,ساماندهی,8.3,19
internet,reformist,2,2026-05-11,1.743,1,چین,21.0,228
internet,reformist,2,2026-05-11,1.743,2,شی,16.5,51
internet,reformist,2,2026-05-11,1.743,3,بریکس,12.9,31
internet,reformist,2,2026-05-11,1.743,4,اینترنت,11.5,126
internet,reformist,2,2026-05-11,1.743,5,تایوان,11.4,29
internet,reformist,2,2026-05-11,1.743,6,پکن,11.2,45
internet,reformist,2,2026-05-11,1.743,7,جین‌پینگ,10.3,20
internet,reformist,2,2026-05-11,1.743,8,فردوسی,10.2,23
internet,reformist,2,2026-05-11,1.743,9,چینی,10.2,38
internet,reformist,2,2026-05-11,1.743,10,اینترنت پرو,10.1,28
internet,reformist,2,2026-05-11,1.743,11,امارات,9.9,94
internet,reformist,2,2026-05-11,1.743,12,موساد,9.5,43
internet,reformist,2,2026-05-11,1.743,13,دهلی,8.0,12
internet,reformist,2,2026-05-11,1.743,14,روستایی,7.9,18
internet,reformist,2,2026-05-11,1.743,15,جین,7.5,11
