level,name,phase,posts,days,posts_per_day_per_channel,views_median,views_mean,forwards_median,forwards_mean,forwards_per_1000_views
group,state,all,172972,243,237.3,1259.0,1532,5.0,7.8,5.08
group,state,before_war,23370,58,134.3,1803.0,2166,7.0,10.3,4.74
group,state,war,36208,39,309.5,1802.0,2070,7.0,9.2,4.45
group,state,ceasefire,69653,90,258.0,960.0,1158,5.0,6.7,5.8
group,state,after_truce_collapse,43741,56,260.4,1050.0,1345,5.0,7.0,5.17
group,irgc_affiliated,all,108085,243,222.4,11858.0,13080,18.0,27.7,2.12
group,irgc_affiliated,before_war,15393,58,132.7,18586.0,19609,24.0,40.4,2.06
group,irgc_affiliated,war,28299,39,362.8,12309.0,13133,17.0,27.4,2.09
group,irgc_affiliated,ceasefire,41827,90,232.4,9468.5,10199,16.0,23.5,2.3
group,irgc_affiliated,after_truce_collapse,22566,56,201.5,13325.0,13896,19.0,27.4,1.97
group,reformist,all,47273,243,194.5,1593.0,1841,5.0,7.8,4.22
group,reformist,before_war,7059,58,121.7,3329.0,3474,8.0,12.6,3.62
group,reformist,war,11751,39,301.3,969.0,1046,4.0,5.4,5.18
group,reformist,ceasefire,17851,90,198.3,1156.0,1409,4.0,6.1,4.31
group,reformist,after_truce_collapse,10612,56,189.5,2273.0,2363,7.0,10.1,4.26
channel,IRNA,all,59546,243,245.0,882.0,1052,4.0,5.6,5.32
channel,IRNA,before_war,6318,58,108.9,1643.0,1797,7.0,8.7,4.86
channel,IRNA,war,6878,39,176.4,1510.0,1710,6.0,7.8,4.58
channel,IRNA,ceasefire,26451,90,293.9,758.0,825,4.0,4.9,5.89
channel,IRNA,after_truce_collapse,19899,56,355.3,814.0,891,4.0,4.8,5.42
channel,IRIB News,all,47698,243,196.3,2384.0,2508,11.0,14.0,5.57
channel,IRIB News,before_war,6719,58,115.8,3322.0,3469,15.0,18.7,5.38
channel,IRIB News,war,12944,39,331.9,2742.0,2996,11.0,13.8,4.6
channel,IRIB News,ceasefire,18853,90,209.5,1737.0,1834,10.0,11.8,6.44
channel,IRIB News,after_truce_collapse,9182,56,164.0,2363.0,2504,13.0,15.2,6.08
channel,Mehr News,all,65728,243,270.5,1161.0,1257,4.0,5.3,4.18
channel,Mehr News,before_war,10333,58,178.2,1466.0,1544,4.0,5.8,3.73
channel,Mehr News,war,16386,39,420.2,1408.0,1485,5.0,6.2,4.14
channel,Mehr News,ceasefire,24349,90,270.5,889.0,996,4.0,4.8,4.82
channel,Mehr News,after_truce_collapse,14660,56,261.8,1093.0,1234,3.0,4.6,3.76
channel,Tasnim News,all,58160,243,239.3,11884.0,12723,17.0,24.7,1.94
channel,Tasnim News,before_war,8508,58,146.7,17117.5,17028,21.0,30.3,1.78
channel,Tasnim News,war,15232,39,390.6,13141.0,13943,18.0,26.6,1.91
channel,Tasnim News,ceasefire,22919,90,254.7,9184.0,10010,15.0,21.6,2.15
channel,Tasnim News,after_truce_collapse,11501,56,205.4,12667.0,13331,17.0,24.1,1.8
channel,Fars News,all,49925,243,205.5,11828.0,13495,20.0,31.3,2.32
channel,Fars News,before_war,6885,58,118.7,22326.0,22799,30.0,53.0,2.32
channel,Fars News,war,13067,39,335.1,11411.0,12190,17.0,28.3,2.32
channel,Fars News,ceasefire,18908,90,210.1,9920.0,10429,17.0,25.7,2.47
channel,Fars News,after_truce_collapse,11065,56,197.6,14047.0,14483,22.0,30.9,2.13
channel,Jamaran,all,47273,243,194.5,1593.0,1841,5.0,7.8,4.22
channel,Jamaran,before_war,7059,58,121.7,3329.0,3474,8.0,12.6,3.62
channel,Jamaran,war,11751,39,301.3,969.0,1046,4.0,5.4,5.18
channel,Jamaran,ceasefire,17851,90,198.3,1156.0,1409,4.0,6.1,4.31
channel,Jamaran,after_truce_collapse,10612,56,189.5,2273.0,2363,7.0,10.1,4.26
