level,name,week_start,complete_week,posts,days,posts_per_day_per_channel,views_median,views_mean,forwards_median,forwards_mean,forwards_per_1000_views
group,state,2025-12-29,False,1998,4,166.5,1952.0,2395,9.0,12.4,5.17
group,state,2026-01-05,True,2461,7,117.2,2076.0,2436,10.0,13.9,5.71
group,state,2026-01-12,True,1174,7,55.9,2992.0,3007,10.0,15.3,5.08
group,state,2026-01-19,True,2016,7,96.0,1881.0,2099,5.0,8.1,3.86
group,state,2026-01-26,True,2878,7,137.0,2053.5,2453,6.0,9.3,3.77
group,state,2026-02-02,True,3358,7,159.9,1721.0,2165,6.0,9.2,4.23
group,state,2026-02-09,True,3866,7,184.1,1481.5,1709,6.0,8.5,5.0
group,state,2026-02-16,True,3258,7,155.1,1546.0,1964,7.0,10.1,5.16
group,state,2026-02-23,True,5020,7,239.0,2081.0,2544,8.0,11.7,4.59
group,state,2026-03-02,True,7800,7,371.4,1993.0,2425,7.0,10.0,4.14
group,state,2026-03-09,True,7172,7,341.5,1622.0,1936,7.0,8.7,4.48
group,state,2026-03-16,True,4787,7,228.0,1875.0,2092,6.0,8.2,3.94
group,state,2026-03-23,True,5756,7,274.1,1522.0,1798,6.0,8.6,4.76
group,state,2026-03-30,True,6083,7,289.7,1475.0,1678,6.0,8.4,5.0
group,state,2026-04-06,True,5912,7,281.5,1553.0,1704,7.0,8.8,5.14
group,state,2026-04-13,True,4924,7,234.5,1130.0,1235,6.0,7.9,6.39
group,state,2026-04-20,True,4803,7,228.7,1002.5,1146,5.0,7.0,6.07
group,state,2026-04-27,True,4853,7,231.1,785.0,883,5.0,6.3,7.19
group,state,2026-05-04,True,4697,7,223.7,872.0,1015,5.0,6.5,6.4
group,state,2026-05-11,True,4908,7,233.7,727.0,804,4.0,5.6,6.94
group,state,2026-05-18,True,4956,7,236.0,704.0,792,4.0,5.3,6.75
group,state,2026-05-25,True,4734,7,225.4,908.0,1071,4.0,5.8,5.37
group,state,2026-06-01,True,5628,7,268.0,862.0,1132,4.0,6.3,5.56
group,state,2026-06-08,True,6122,7,291.5,1381.0,1656,5.0,7.9,4.76
group,state,2026-06-15,True,6167,7,293.7,1005.0,1256,4.0,6.6,5.29
group,state,2026-06-22,True,5750,7,273.8,907.0,1183,4.0,6.0,5.08
group,state,2026-06-29,True,6654,7,316.9,920.0,1188,5.0,7.4,6.26
group,state,2026-07-06,True,7567,7,360.3,1159.0,1473,6.0,8.1,5.49
group,state,2026-07-13,True,5741,7,273.4,1527.0,1829,5.0,8.0,4.37
group,state,2026-07-20,True,5669,7,270.0,1216.0,1514,5.0,7.2,4.77
group,state,2026-07-27,True,4972,7,236.8,1159.0,1439,5.0,7.0,4.87
group,state,2026-08-03,True,4789,7,228.0,1059.0,1268,5.0,6.6,5.23
group,state,2026-08-10,True,4886,7,232.7,905.0,1138,4.0,6.5,5.75
group,state,2026-08-17,True,5608,7,267.0,776.0,970,4.0,5.7,5.86
group,state,2026-08-24,True,5158,7,245.6,742.0,962,4.0,6.0,6.21
group,state,2026-08-31,False,847,1,282.3,852.5,1160,5.0,6.7,5.78
group,irgc_affiliated,2025-12-29,False,1210,4,151.2,26460.0,27492,34.0,63.0,2.29
group,irgc_affiliated,2026-01-05,True,1591,7,113.6,21339.0,22507,40.0,57.2,2.54
group,irgc_affiliated,2026-01-12,True,1468,7,104.9,11936.5,12057,25.0,36.9,3.06
group,irgc_affiliated,2026-01-19,True,1895,7,135.4,10770.0,12359,15.0,25.7,2.08
group,irgc_affiliated,2026-01-26,True,1658,7,118.4,20413.0,22224,23.0,41.1,1.85
group,irgc_affiliated,2026-02-02,True,1964,7,140.3,21216.5,22963,20.0,37.1,1.61
group,irgc_affiliated,2026-02-09,True,2283,7,163.1,17617.0,18284,22.0,34.3,1.88
group,irgc_affiliated,2026-02-16,True,1942,7,138.7,19571.0,20137,25.0,40.2,2.0
group,irgc_affiliated,2026-02-23,True,3053,7,218.1,19347.0,21061,26.0,43.9,2.08
group,irgc_affiliated,2026-03-02,True,5921,7,422.9,14116.0,14420,19.0,29.0,2.01
group,irgc_affiliated,2026-03-09,True,5707,7,407.6,10830.0,11072,16.0,23.5,2.12
group,irgc_affiliated,2026-03-16,True,4906,7,350.4,12963.0,13425,16.0,25.3,1.88
group,irgc_affiliated,2026-03-23,True,4436,7,316.9,11745.5,11962,17.0,24.5,2.04
group,irgc_affiliated,2026-03-30,True,4375,7,312.5,11248.0,11808,17.0,26.8,2.27
group,irgc_affiliated,2026-04-06,True,3814,7,272.4,12489.0,12740,20.0,29.7,2.33
group,irgc_affiliated,2026-04-13,True,2989,7,213.5,9676.0,9986,22.0,27.7,2.77
group,irgc_affiliated,2026-04-20,True,3274,7,233.9,8625.5,8902,18.0,24.0,2.7
group,irgc_affiliated,2026-04-27,True,3308,7,236.3,6793.0,6976,15.0,19.6,2.8
group,irgc_affiliated,2026-05-04,True,2899,7,207.1,8167.0,8747,17.0,22.4,2.56
group,irgc_affiliated,2026-05-11,True,2936,7,209.7,6847.0,7040,15.0,19.4,2.76
group,irgc_affiliated,2026-05-18,True,3007,7,214.8,6870.0,7077,14.0,17.9,2.52
group,irgc_affiliated,2026-05-25,True,2630,7,187.9,10159.5,10431,13.0,20.0,1.92
group,irgc_affiliated,2026-06-01,True,3047,7,217.6,10368.0,11285,15.0,22.2,1.97
group,irgc_affiliated,2026-06-08,True,3087,7,220.5,15653.0,16520,20.0,29.9,1.81
group,irgc_affiliated,2026-06-15,True,3379,7,241.4,11805.0,12093,16.0,25.1,2.08
group,irgc_affiliated,2026-06-22,True,3211,7,229.4,10999.0,11402,14.0,20.6,1.81
group,irgc_affiliated,2026-06-29,True,4513,7,322.4,9872.0,10121,17.0,26.1,2.58
group,irgc_affiliated,2026-07-06,True,4506,7,321.9,13375.0,13883,22.0,32.3,2.33
group,irgc_affiliated,2026-07-13,True,3333,7,238.1,16951.0,17233,23.0,32.2,1.87
group,irgc_affiliated,2026-07-20,True,2926,7,209.0,15407.5,15811,21.0,28.8,1.82
group,irgc_affiliated,2026-07-27,True,2413,7,172.4,15208.0,15569,18.0,27.8,1.78
group,irgc_affiliated,2026-08-03,True,2216,7,158.3,13567.5,13787,17.0,26.1,1.89
group,irgc_affiliated,2026-08-10,True,2540,7,181.4,11522.5,11828,16.0,23.4,1.98
group,irgc_affiliated,2026-08-17,True,2794,7,199.6,10008.5,10171,15.0,20.5,2.01
group,irgc_affiliated,2026-08-24,True,2437,7,174.1,9737.0,10371,18.0,22.8,2.2
group,irgc_affiliated,2026-08-31,False,417,1,208.5,11184.5,12500,17.0,23.1,1.85
group,reformist,2025-12-29,False,735,4,183.8,3889.0,4091,11.0,16.1,3.94
group,reformist,2026-01-05,True,732,7,104.6,3409.0,3628,9.0,13.6,3.74
group,reformist,2026-01-12,True,137,7,19.6,994.0,1132,4.0,6.5,5.77
group,reformist,2026-01-19,True,313,7,44.7,1776.0,2110,4.0,8.4,3.97
group,reformist,2026-01-26,True,798,7,114.0,3762.5,3938,8.0,12.7,3.22
group,reformist,2026-02-02,True,955,7,136.4,3600.0,3912,7.0,12.9,3.29
group,reformist,2026-02-09,True,1257,7,179.6,3113.0,3238,6.0,10.8,3.35
group,reformist,2026-02-16,True,1175,7,167.9,3019.0,3210,8.0,11.5,3.58
group,reformist,2026-02-23,True,1733,7,247.6,2685.0,2735,8.0,12.0,4.38
group,reformist,2026-03-02,True,2244,7,320.6,1060.0,1102,4.0,6.1,5.52
group,reformist,2026-03-09,True,2359,7,337.0,948.0,978,3.0,4.9,4.99
group,reformist,2026-03-16,True,1420,7,202.9,933.0,1002,3.0,4.7,4.69
group,reformist,2026-03-23,True,2029,7,289.9,882.0,928,4.0,4.9,5.28
group,reformist,2026-03-30,True,2286,7,326.6,871.0,910,3.0,4.8,5.3
group,reformist,2026-04-06,True,2004,7,286.3,1021.0,1047,4.0,5.6,5.39
group,reformist,2026-04-13,True,1638,7,234.0,793.5,804,3.0,4.5,5.54
group,reformist,2026-04-20,True,1404,7,200.6,798.5,838,3.0,4.2,5.05
group,reformist,2026-04-27,True,1310,7,187.1,747.5,785,3.0,4.0,5.12
group,reformist,2026-05-04,True,1272,7,181.7,846.5,927,3.0,4.3,4.65
group,reformist,2026-05-11,True,1264,7,180.6,771.0,811,3.0,3.8,4.73
group,reformist,2026-05-18,True,1231,7,175.9,833.0,873,3.0,3.7,4.26
group,reformist,2026-05-25,True,1182,7,168.9,1456.5,1492,4.0,5.4,3.64
group,reformist,2026-06-01,True,1343,7,191.9,1650.0,1753,4.0,6.2,3.54
group,reformist,2026-06-08,True,1617,7,231.0,2162.0,2233,5.0,8.2,3.68
group,reformist,2026-06-15,True,1228,7,175.4,2024.0,2133,6.0,9.9,4.62
group,reformist,2026-06-22,True,1360,7,194.3,1916.0,1982,6.0,8.2,4.14
group,reformist,2026-06-29,True,1319,7,188.4,2258.0,2364,6.0,10.1,4.26
group,reformist,2026-07-06,True,1625,7,232.1,2684.0,2816,7.0,11.2,3.99
group,reformist,2026-07-13,True,1711,7,244.4,2563.0,2639,7.0,9.7,3.69
group,reformist,2026-07-20,True,1445,7,206.4,2399.0,2494,7.0,10.6,4.26
group,reformist,2026-07-27,True,1245,7,177.9,2335.0,2394,7.0,9.5,3.98
group,reformist,2026-08-03,True,1180,7,168.6,2235.5,2322,8.0,11.3,4.85
group,reformist,2026-08-10,True,1208,7,172.6,2107.0,2191,7.0,10.7,4.88
group,reformist,2026-08-17,True,1207,7,172.4,1776.0,1848,6.0,8.4,4.57
group,reformist,2026-08-24,True,1118,7,159.7,1849.0,1949,7.0,8.8,4.52
group,reformist,2026-08-31,False,189,1,189.0,2034.0,2137,7.0,8.7,4.09
channel,IRNA,2025-12-29,False,655,4,163.8,2054.0,2215,10.0,12.1,5.45
channel,IRNA,2026-01-05,True,684,7,97.7,1735.5,1888,9.0,9.9,5.24
channel,IRNA,2026-01-19,True,163,7,23.3,1978.0,1961,4.0,4.2,2.12
channel,IRNA,2026-01-26,True,930,7,132.9,1755.5,1850,5.0,6.7,3.61
channel,IRNA,2026-02-02,True,1029,7,147.0,1661.0,1881,6.0,8.1,4.3
channel,IRNA,2026-02-09,True,1076,7,153.7,1444.0,1482,7.0,8.4,5.65
channel,IRNA,2026-02-16,True,1044,7,149.1,1596.5,1651,7.0,9.2,5.58
channel,IRNA,2026-02-23,True,1248,7,178.3,2175.5,2364,8.0,10.8,4.57
channel,IRNA,2026-03-02,True,1591,7,227.3,1962.0,2054,7.0,8.8,4.3
channel,IRNA,2026-03-09,True,1262,7,180.3,1536.5,1635,6.0,7.7,4.72
channel,IRNA,2026-03-16,True,722,7,103.1,1471.0,1518,6.0,6.4,4.21
channel,IRNA,2026-03-23,True,1132,7,161.7,1298.0,1336,6.0,6.5,4.84
channel,IRNA,2026-03-30,True,1242,7,177.4,1260.0,1291,6.0,6.6,5.12
channel,IRNA,2026-04-06,True,1279,7,182.7,1350.0,1401,6.0,7.3,5.2
channel,IRNA,2026-04-13,True,1214,7,173.4,1026.5,1055,6.0,7.3,6.93
channel,IRNA,2026-04-20,True,1416,7,202.3,929.0,944,5.0,6.0,6.4
channel,IRNA,2026-04-27,True,1660,7,237.1,697.0,722,4.0,5.0,6.97
channel,IRNA,2026-05-04,True,1747,7,249.6,700.0,746,4.0,4.5,6.04
channel,IRNA,2026-05-11,True,1886,7,269.4,545.0,575,3.0,4.0,7.01
channel,IRNA,2026-05-18,True,2024,7,289.1,536.0,568,3.0,3.6,6.27
channel,IRNA,2026-05-25,True,1960,7,280.0,676.0,738,3.0,3.8,5.2
channel,IRNA,2026-06-01,True,2332,7,333.1,707.5,769,3.0,4.3,5.63
channel,IRNA,2026-06-08,True,2534,7,362.0,976.5,1056,4.0,4.9,4.69
channel,IRNA,2026-06-15,True,2738,7,391.1,793.0,861,3.0,5.2,6.02
channel,IRNA,2026-06-22,True,2769,7,395.6,762.0,813,3.0,4.4,5.41
channel,IRNA,2026-06-29,True,2822,7,403.1,798.0,822,4.0,5.1,6.21
channel,IRNA,2026-07-06,True,2863,7,409.0,980.0,1075,4.0,5.6,5.18
channel,IRNA,2026-07-13,True,2759,7,394.1,1027.5,1144,4.0,4.8,4.2
channel,IRNA,2026-07-20,True,2708,7,386.9,901.0,961,4.0,4.7,4.88
channel,IRNA,2026-07-27,True,2316,7,330.9,880.0,957,4.0,4.9,5.15
channel,IRNA,2026-08-03,True,2091,7,298.7,823.0,877,4.0,5.1,5.82
channel,IRNA,2026-08-10,True,2219,7,317.0,736.0,790,4.0,4.7,5.94
channel,IRNA,2026-08-17,True,2677,7,382.4,604.0,640,4.0,4.2,6.56
channel,IRNA,2026-08-24,True,2361,7,337.3,586.0,634,4.0,4.8,7.58
channel,IRNA,2026-08-31,False,393,1,393.0,652.0,753,4.0,5.2,6.93
channel,IRIB News,2025-12-29,False,458,4,114.5,3933.0,4051,21.0,24.1,5.95
channel,IRIB News,2026-01-05,True,783,7,111.9,3609.0,3752,19.0,25.1,6.7
channel,IRIB News,2026-01-12,True,652,7,93.1,3627.0,3647,15.0,20.5,5.61
channel,IRIB News,2026-01-19,True,725,7,103.6,2712.0,2883,10.0,13.5,4.67
channel,IRIB News,2026-01-26,True,784,7,112.0,3692.5,3992,15.0,17.9,4.48
channel,IRIB News,2026-02-02,True,802,7,114.6,3379.5,3746,15.0,18.1,4.84
channel,IRIB News,2026-02-09,True,1147,7,163.9,2595.5,2710,12.0,14.2,5.23
channel,IRIB News,2026-02-16,True,806,7,115.1,3299.5,3492,17.0,19.7,5.64
channel,IRIB News,2026-02-23,True,1345,7,192.1,3933.0,4164,16.0,20.3,4.88
channel,IRIB News,2026-03-02,True,2671,7,381.6,3572.0,3711,12.0,15.6,4.21
channel,IRIB News,2026-03-09,True,2680,7,382.9,2797.0,2859,10.0,12.6,4.42
channel,IRIB News,2026-03-16,True,1704,7,243.4,2736.0,2973,9.0,12.4,4.18
channel,IRIB News,2026-03-23,True,2150,7,307.1,2488.5,2534,11.0,12.6,4.98
channel,IRIB News,2026-03-30,True,2257,7,322.4,2318.0,2374,10.0,12.9,5.42
channel,IRIB News,2026-04-06,True,2167,7,309.6,2281.0,2303,10.0,12.7,5.52
channel,IRIB News,2026-04-13,True,1769,7,252.7,1648.0,1668,9.0,11.1,6.64
channel,IRIB News,2026-04-20,True,1496,7,213.7,1570.0,1632,10.0,10.9,6.68
channel,IRIB News,2026-04-27,True,1381,7,197.3,1253.0,1294,9.0,10.7,8.27
channel,IRIB News,2026-05-04,True,1445,7,206.4,1317.0,1435,9.0,10.8,7.52
channel,IRIB News,2026-05-11,True,1505,7,215.0,1113.0,1151,8.0,9.1,7.91
channel,IRIB News,2026-05-18,True,1407,7,201.0,1132.0,1156,8.0,9.1,7.86
channel,IRIB News,2026-05-25,True,1248,7,178.3,1682.0,1750,9.0,10.6,6.07
channel,IRIB News,2026-06-01,True,1316,7,188.0,1928.5,2073,10.0,12.1,5.84
channel,IRIB News,2026-06-08,True,1541,7,220.1,2545.0,2655,12.0,14.3,5.38
channel,IRIB News,2026-06-15,True,1288,7,184.0,2255.0,2336,11.0,13.5,5.79
channel,IRIB News,2026-06-22,True,1129,7,161.3,2193.0,2322,11.0,12.8,5.53
channel,IRIB News,2026-06-29,True,1536,7,219.4,2131.0,2213,13.0,15.2,6.89
channel,IRIB News,2026-07-06,True,1747,7,249.6,2450.0,2600,14.0,16.4,6.3
channel,IRIB News,2026-07-13,True,1204,7,172.0,3207.0,3304,16.0,17.9,5.42
channel,IRIB News,2026-07-20,True,1156,7,165.1,2683.5,2831,15.0,16.4,5.79
channel,IRIB News,2026-07-27,True,1027,7,146.7,2593.0,2686,13.0,15.8,5.89
channel,IRIB News,2026-08-03,True,1047,7,149.6,2223.0,2297,11.0,13.5,5.9
channel,IRIB News,2026-08-10,True,1036,7,148.0,2026.5,2124,12.0,14.7,6.9
channel,IRIB News,2026-08-17,True,1075,7,153.6,1829.0,1969,11.0,12.9,6.56
channel,IRIB News,2026-08-24,True,1035,7,147.9,1749.0,1920,11.0,13.0,6.79
channel,IRIB News,2026-08-31,False,179,1,179.0,1963.0,2189,12.0,13.6,6.22
channel,Mehr News,2025-12-29,False,885,4,221.2,1561.0,1668,5.0,6.5,3.91
channel,Mehr News,2026-01-05,True,994,7,142.0,1650.0,1778,6.0,7.8,4.41
channel,Mehr News,2026-01-12,True,522,7,74.6,2086.5,2207,6.0,8.8,3.99
channel,Mehr News,2026-01-19,True,1128,7,161.1,1535.0,1612,3.0,5.2,3.24
channel,Mehr News,2026-01-26,True,1164,7,166.3,1749.5,1898,4.0,5.5,2.89
channel,Mehr News,2026-02-02,True,1527,7,218.1,1370.0,1527,4.0,5.2,3.39
channel,Mehr News,2026-02-09,True,1643,7,234.7,1107.0,1160,4.0,4.7,4.07
channel,Mehr News,2026-02-16,True,1408,7,201.1,1260.0,1320,4.0,5.3,4.03
channel,Mehr News,2026-02-23,True,2427,7,346.7,1717.0,1739,6.0,7.3,4.22
channel,Mehr News,2026-03-02,True,3538,7,505.4,1565.0,1619,4.0,6.3,3.91
channel,Mehr News,2026-03-09,True,3230,7,461.4,1245.0,1285,5.0,5.8,4.5
channel,Mehr News,2026-03-16,True,2361,7,337.3,1547.0,1628,4.0,5.8,3.54
channel,Mehr News,2026-03-23,True,2474,7,353.4,1313.0,1364,4.0,6.0,4.37
channel,Mehr News,2026-03-30,True,2584,7,369.1,1212.0,1252,4.0,5.3,4.24
channel,Mehr News,2026-04-06,True,2466,7,352.3,1276.5,1332,5.0,6.0,4.53
channel,Mehr News,2026-04-13,True,1941,7,277.3,921.5,953,4.0,5.4,5.62
channel,Mehr News,2026-04-20,True,1891,7,270.1,869.0,912,3.0,4.5,4.95
channel,Mehr News,2026-04-27,True,1812,7,258.9,701.0,716,3.0,4.2,5.9
channel,Mehr News,2026-05-04,True,1505,7,215.0,823.0,921,3.0,4.7,5.05
channel,Mehr News,2026-05-11,True,1517,7,216.7,724.0,744,3.0,4.0,5.39
channel,Mehr News,2026-05-18,True,1525,7,217.9,713.0,754,3.0,4.3,5.64
channel,Mehr News,2026-05-25,True,1526,7,218.0,878.0,941,3.0,4.2,4.46
channel,Mehr News,2026-06-01,True,1980,7,282.9,834.0,932,3.0,4.7,5.08
channel,Mehr News,2026-06-08,True,2047,7,292.4,1466.0,1645,4.0,6.7,4.08
channel,Mehr News,2026-06-15,True,2141,7,305.9,1054.0,1110,3.0,4.4,3.92
channel,Mehr News,2026-06-22,True,1852,7,264.6,951.5,1041,3.0,4.3,4.08
channel,Mehr News,2026-06-29,True,2296,7,328.0,903.0,953,4.0,5.1,5.34
channel,Mehr News,2026-07-06,True,2957,7,422.4,1015.0,1191,4.0,5.6,4.69
channel,Mehr News,2026-07-13,True,1778,7,254.0,1733.0,1893,4.0,6.2,3.29
channel,Mehr News,2026-07-20,True,1805,7,257.9,1378.0,1497,4.0,5.1,3.42
channel,Mehr News,2026-07-27,True,1629,7,232.7,1236.0,1338,3.0,4.4,3.29
channel,Mehr News,2026-08-03,True,1651,7,235.9,1078.0,1108,3.0,4.2,3.78
channel,Mehr News,2026-08-10,True,1631,7,233.0,923.0,986,3.0,3.9,3.97
channel,Mehr News,2026-08-17,True,1856,7,265.1,829.0,869,3.0,3.7,4.21
channel,Mehr News,2026-08-24,True,1762,7,251.7,762.5,837,3.0,3.4,4.06
channel,Mehr News,2026-08-31,False,275,1,275.0,914.5,1072,3.0,4.3,4.02
channel,Tasnim News,2025-12-29,False,604,4,151.0,20200.0,21348,26.0,40.0,1.87
channel,Tasnim News,2026-01-05,True,945,7,135.0,18098.0,18184,32.0,42.7,2.35
channel,Tasnim News,2026-01-12,True,863,7,123.3,12674.0,12512,25.0,34.4,2.75
channel,Tasnim News,2026-01-19,True,1010,7,144.3,10600.0,11252,15.0,22.1,1.96
channel,Tasnim News,2026-01-26,True,993,7,141.9,17796.0,18217,19.0,29.7,1.63
channel,Tasnim News,2026-02-02,True,1123,7,160.4,19339.0,20241,15.0,24.9,1.23
channel,Tasnim News,2026-02-09,True,1264,7,180.6,16605.5,16169,17.0,24.3,1.5
channel,Tasnim News,2026-02-16,True,992,7,141.7,18409.0,18392,23.0,30.1,1.64
channel,Tasnim News,2026-02-23,True,1688,7,241.1,18880.5,20044,24.0,36.7,1.83
channel,Tasnim News,2026-03-02,True,3122,7,446.0,15131.0,15561,19.0,28.5,1.83
channel,Tasnim News,2026-03-09,True,2753,7,393.3,11941.0,12217,17.0,24.0,1.96
channel,Tasnim News,2026-03-16,True,2547,7,363.9,14088.0,14628,17.0,26.1,1.79
channel,Tasnim News,2026-03-23,True,2534,7,362.0,12049.5,12296,17.0,22.8,1.85
channel,Tasnim News,2026-03-30,True,2591,7,370.1,11498.0,12036,16.0,25.5,2.12
channel,Tasnim News,2026-04-06,True,2093,7,299.0,13429.0,13438,20.0,28.9,2.15
channel,Tasnim News,2026-04-13,True,1619,7,231.3,10219.0,10407,21.0,26.8,2.57
channel,Tasnim News,2026-04-20,True,1807,7,258.1,8856.0,9197,19.0,24.2,2.63
channel,Tasnim News,2026-04-27,True,1747,7,249.6,7087.0,7237,15.0,19.1,2.65
channel,Tasnim News,2026-05-04,True,1611,7,230.1,8590.0,9117,18.0,22.6,2.48
channel,Tasnim News,2026-05-11,True,1573,7,224.7,7087.0,7293,15.0,18.6,2.55
channel,Tasnim News,2026-05-18,True,1608,7,229.7,7065.5,7268,13.0,16.9,2.32
channel,Tasnim News,2026-05-25,True,1415,7,202.1,9781.0,10112,12.0,17.9,1.77
channel,Tasnim News,2026-06-01,True,1696,7,242.3,9717.0,10731,14.0,20.3,1.89
channel,Tasnim News,2026-06-08,True,1606,7,229.4,15338.5,16326,17.5,27.1,1.66
channel,Tasnim News,2026-06-15,True,1772,7,253.1,11372.0,11668,15.0,24.1,2.07
channel,Tasnim News,2026-06-22,True,1769,7,252.7,10218.0,10725,13.0,17.9,1.67
channel,Tasnim News,2026-06-29,True,2741,7,391.6,8538.0,8819,14.0,19.8,2.25
channel,Tasnim News,2026-07-06,True,2380,7,340.0,11629.0,12538,17.0,25.6,2.04
channel,Tasnim News,2026-07-13,True,1673,7,239.0,16254.0,16673,21.0,28.0,1.68
channel,Tasnim News,2026-07-20,True,1449,7,207.0,15142.0,15749,19.0,26.3,1.67
channel,Tasnim News,2026-07-27,True,1187,7,169.6,14612.0,15252,16.0,24.2,1.59
channel,Tasnim News,2026-08-03,True,1148,7,164.0,12782.0,13375,17.0,23.8,1.78
channel,Tasnim News,2026-08-10,True,1315,7,187.9,10857.0,11277,16.0,20.8,1.85
channel,Tasnim News,2026-08-17,True,1458,7,208.3,9483.0,9705,14.0,17.7,1.82
channel,Tasnim News,2026-08-24,True,1273,7,181.9,9077.0,9826,17.0,21.5,2.19
channel,Tasnim News,2026-08-31,False,191,1,191.0,11318.0,12848,17.0,22.3,1.74
channel,Fars News,2025-12-29,False,606,4,151.5,33318.0,33627,46.0,85.9,2.55
channel,Fars News,2026-01-05,True,646,7,92.3,28180.0,28830,53.0,78.5,2.72
channel,Fars News,2026-01-12,True,605,7,86.4,11209.0,11407,30.0,40.5,3.55
channel,Fars News,2026-01-19,True,885,7,126.4,11754.0,13622,15.0,29.8,2.19
channel,Fars News,2026-01-26,True,665,7,95.0,27805.0,28208,35.0,58.2,2.06
channel,Fars News,2026-02-02,True,841,7,120.1,24669.0,26598,26.0,53.3,2.0
channel,Fars News,2026-02-09,True,1019,7,145.6,19587.0,20907,28.0,46.7,2.24
channel,Fars News,2026-02-16,True,950,7,135.7,21838.0,21958,30.5,50.7,2.31
channel,Fars News,2026-02-23,True,1365,7,195.0,20321.0,22318,29.0,52.8,2.37
channel,Fars News,2026-03-02,True,2799,7,399.9,12580.0,13149,18.0,29.5,2.24
channel,Fars News,2026-03-09,True,2954,7,422.0,9905.5,10005,15.0,23.0,2.3
channel,Fars News,2026-03-16,True,2359,7,337.0,11745.0,12127,16.0,24.4,2.01
channel,Fars News,2026-03-23,True,1902,7,271.7,11376.5,11516,18.0,26.7,2.32
channel,Fars News,2026-03-30,True,1784,7,254.9,11020.5,11476,19.0,28.8,2.51
channel,Fars News,2026-04-06,True,1721,7,245.9,11667.0,11891,21.0,30.7,2.58
channel,Fars News,2026-04-13,True,1370,7,195.7,9173.0,9489,22.0,28.8,3.03
channel,Fars News,2026-04-20,True,1467,7,209.6,8305.0,8539,17.0,23.8,2.79
channel,Fars News,2026-04-27,True,1561,7,223.0,6515.0,6684,16.0,20.0,3.0
channel,Fars News,2026-05-04,True,1288,7,184.0,7522.5,8284,16.0,22.2,2.68
channel,Fars News,2026-05-11,True,1363,7,194.7,6572.0,6747,15.0,20.4,3.02
channel,Fars News,2026-05-18,True,1399,7,199.9,6681.0,6858,15.0,19.0,2.77
channel,Fars News,2026-05-25,True,1215,7,173.6,10517.0,10802,14.0,22.4,2.07
channel,Fars News,2026-06-01,True,1351,7,193.0,11098.0,11982,17.0,24.6,2.06
channel,Fars News,2026-06-08,True,1481,7,211.6,15892.0,16730,21.0,32.8,1.96
channel,Fars News,2026-06-15,True,1607,7,229.6,12097.0,12561,17.0,26.3,2.09
channel,Fars News,2026-06-22,True,1442,7,206.0,11730.0,12233,16.0,23.9,1.96
channel,Fars News,2026-06-29,True,1772,7,253.1,11903.5,12138,25.0,35.8,2.95
channel,Fars News,2026-07-06,True,2126,7,303.7,14680.0,15390,26.0,39.8,2.59
channel,Fars News,2026-07-13,True,1660,7,237.1,17527.0,17797,26.5,36.5,2.05
channel,Fars News,2026-07-20,True,1477,7,211.0,15665.0,15872,22.0,31.2,1.97
channel,Fars News,2026-07-27,True,1226,7,175.1,15600.5,15875,21.0,31.3,1.97
channel,Fars News,2026-08-03,True,1068,7,152.6,14246.0,14230,18.0,28.6,2.01
channel,Fars News,2026-08-10,True,1225,7,175.0,12067.0,12419,17.0,26.1,2.1
channel,Fars News,2026-08-17,True,1336,7,190.9,10439.5,10679,15.0,23.5,2.2
channel,Fars News,2026-08-24,True,1164,7,166.3,10395.5,10967,18.0,24.3,2.21
channel,Fars News,2026-08-31,False,226,1,226.0,11135.0,12205,18.0,23.8,1.95
channel,Jamaran,2025-12-29,False,735,4,183.8,3889.0,4091,11.0,16.1,3.94
channel,Jamaran,2026-01-05,True,732,7,104.6,3409.0,3628,9.0,13.6,3.74
channel,Jamaran,2026-01-12,True,137,7,19.6,994.0,1132,4.0,6.5,5.77
channel,Jamaran,2026-01-19,True,313,7,44.7,1776.0,2110,4.0,8.4,3.97
channel,Jamaran,2026-01-26,True,798,7,114.0,3762.5,3938,8.0,12.7,3.22
channel,Jamaran,2026-02-02,True,955,7,136.4,3600.0,3912,7.0,12.9,3.29
channel,Jamaran,2026-02-09,True,1257,7,179.6,3113.0,3238,6.0,10.8,3.35
channel,Jamaran,2026-02-16,True,1175,7,167.9,3019.0,3210,8.0,11.5,3.58
channel,Jamaran,2026-02-23,True,1733,7,247.6,2685.0,2735,8.0,12.0,4.38
channel,Jamaran,2026-03-02,True,2244,7,320.6,1060.0,1102,4.0,6.1,5.52
channel,Jamaran,2026-03-09,True,2359,7,337.0,948.0,978,3.0,4.9,4.99
channel,Jamaran,2026-03-16,True,1420,7,202.9,933.0,1002,3.0,4.7,4.69
channel,Jamaran,2026-03-23,True,2029,7,289.9,882.0,928,4.0,4.9,5.28
channel,Jamaran,2026-03-30,True,2286,7,326.6,871.0,910,3.0,4.8,5.3
channel,Jamaran,2026-04-06,True,2004,7,286.3,1021.0,1047,4.0,5.6,5.39
channel,Jamaran,2026-04-13,True,1638,7,234.0,793.5,804,3.0,4.5,5.54
channel,Jamaran,2026-04-20,True,1404,7,200.6,798.5,838,3.0,4.2,5.05
channel,Jamaran,2026-04-27,True,1310,7,187.1,747.5,785,3.0,4.0,5.12
channel,Jamaran,2026-05-04,True,1272,7,181.7,846.5,927,3.0,4.3,4.65
channel,Jamaran,2026-05-11,True,1264,7,180.6,771.0,811,3.0,3.8,4.73
channel,Jamaran,2026-05-18,True,1231,7,175.9,833.0,873,3.0,3.7,4.26
channel,Jamaran,2026-05-25,True,1182,7,168.9,1456.5,1492,4.0,5.4,3.64
channel,Jamaran,2026-06-01,True,1343,7,191.9,1650.0,1753,4.0,6.2,3.54
channel,Jamaran,2026-06-08,True,1617,7,231.0,2162.0,2233,5.0,8.2,3.68
channel,Jamaran,2026-06-15,True,1228,7,175.4,2024.0,2133,6.0,9.9,4.62
channel,Jamaran,2026-06-22,True,1360,7,194.3,1916.0,1982,6.0,8.2,4.14
channel,Jamaran,2026-06-29,True,1319,7,188.4,2258.0,2364,6.0,10.1,4.26
channel,Jamaran,2026-07-06,True,1625,7,232.1,2684.0,2816,7.0,11.2,3.99
channel,Jamaran,2026-07-13,True,1711,7,244.4,2563.0,2639,7.0,9.7,3.69
channel,Jamaran,2026-07-20,True,1445,7,206.4,2399.0,2494,7.0,10.6,4.26
channel,Jamaran,2026-07-27,True,1245,7,177.9,2335.0,2394,7.0,9.5,3.98
channel,Jamaran,2026-08-03,True,1180,7,168.6,2235.5,2322,8.0,11.3,4.85
channel,Jamaran,2026-08-10,True,1208,7,172.6,2107.0,2191,7.0,10.7,4.88
channel,Jamaran,2026-08-17,True,1207,7,172.4,1776.0,1848,6.0,8.4,4.57
channel,Jamaran,2026-08-24,True,1118,7,159.7,1849.0,1949,7.0,8.8,4.52
channel,Jamaran,2026-08-31,False,189,1,189.0,2034.0,2137,7.0,8.7,4.09
