model,kanal,id,url,topic_manual,topic2_manual,topic_ai,tone_manual,tone_ai,reason_ai,seconds
gemma4:26b,Tasnimnews,424439,https://t.me/Tasnimnews/424439,diplomacy,,diplomacy,neutral,neutral,The post reports on a specific detail regarding the conduct of the US-Iran nuclear negotiations in Geneva.,24.7
gemma4:26b,Tasnimnews,440045,https://t.me/Tasnimnews/440045,domestic_politics,,domestic_politics,neutral,neutral,"The post focuses on the psychological trauma and financial struggles of families affected by the Shajareh Tayyebeh school strike, highlighting the lack of government aid.",3.8
gemma4:26b,Tasnimnews,400268,https://t.me/Tasnimnews/400268,ideology_propaganda,,domestic_politics,threatening,neutral,"The post reports on a pro-government nightly rally (قرار شبانه) in a city square, which is a domestic political event.",2.3
gemma4:26b,Tasnimnews,389772,https://t.me/Tasnimnews/389772,mourning_commemoration,,mourning_commemoration,neutral,neutral,The post features an image and description of a deceased military figure (Mahmoud Bagheri) and his military expertise.,2.6
gemma4:26b,Tasnimnews,409301,https://t.me/Tasnimnews/409301,resistance_axis,,resistance_axis,neutral,neutral,"The post discusses Israeli military plans in southern Lebanon, which falls under the resistance_axis topic as it concerns the war involving Hezbollah/Lebanon.",2.9
gemma4:26b,Tasnimnews,387209,https://t.me/Tasnimnews/387209,foreign_affairs,,foreign_affairs,neutral,neutral,The post reports on a planned diplomatic visit by the Chinese President to the United States.,2.6
gemma4:26b,Tasnimnews,385717,https://t.me/Tasnimnews/385717,domestic_politics,,domestic_politics,neutral,neutral,"The post discusses a member of the Economic Commission questioning the Minister of Industry, Mine and Trade regarding delays in urea barter processes and their economic impact.",3.3
gemma4:26b,Tasnimnews,385217,https://t.me/Tasnimnews/385217,domestic_politics,,domestic_politics,accusatory,accusatory,The post reports on a court proceeding regarding the death of a police officer caused by rioters during protests.,2.9
gemma4:26b,Tasnimnews,411339,https://t.me/Tasnimnews/411339,mourning_commemoration,,mourning_commemoration,neutral,neutral,The post commemorates the anniversary of the martyrdom of a person (Shiroudi) and includes his voice/images.,2.9
gemma4:26b,Tasnimnews,439631,https://t.me/Tasnimnews/439631,diplomacy,,diplomacy,neutral,neutral,"The main statement is about the President's comments regarding the nature of a recent agreement (likely the Islamabad Memorandum), which falls under foreign policy/diplomacy.",4.0
gemma4:26b,Tasnimnews,408140,https://t.me/Tasnimnews/408140,other,,other,neutral,neutral,The post reports on FIFA President Infantino's statement regarding Iran's participation in the 2026 World Cup.,2.7
gemma4:26b,Tasnimnews,415257,https://t.me/Tasnimnews/415257,diplomacy,,diplomacy,neutral,neutral,The post reports on a meeting between an Iranian official and a foreign official regarding international cooperation.,2.7
gemma4:26b,Tasnimnews,436718,https://t.me/Tasnimnews/436718,domestic_politics,,domestic_politics,neutral,neutral,The post reports on the President's statements regarding external pressures and sanctions facing the government.,2.9
gemma4:26b,Tasnimnews,424689,https://t.me/Tasnimnews/424689,resistance_axis,,resistance_axis,neutral,neutral,The post reports on Hezbollah's drone attack on an Israeli military command center.,2.4
gemma4:26b,Tasnimnews,391479,https://t.me/Tasnimnews/391479,foreign_affairs,,foreign_affairs,neutral,neutral,"The post reports on security forces in Pakistan shooting at mourners of the late Supreme Leader, which is an event in another country.",2.7
gemma4:26b,Tasnimnews,438176,https://t.me/Tasnimnews/438176,resistance_axis,,resistance_axis,mobilizing,accusatory,The post features Hezbollah's Secretary-General criticizing the Lebanese government and accusing the US/Israel of aggression and deception.,3.4
gemma4:26b,Tasnimnews,441571,https://t.me/Tasnimnews/441571,foreign_affairs,,resistance_axis,neutral,neutral,"The post reports on Israeli minister Ben-Gvir's provocative actions at Al-Aqsa Mosque, which is part of the resistance axis context.",2.9
gemma4:26b,Tasnimnews,386587,https://t.me/Tasnimnews/386587,ideology_propaganda,,ideology_propaganda,triumphant,neutral,The post features the Minister of Sports making political statements about the resilience of the Islamic Republic against enemy conspiracies.,2.7
gemma4:26b,Tasnimnews,387726,https://t.me/Tasnimnews/387726,ideology_propaganda,,military,accusatory,accusatory,"The post explicitly labels the US President and Netanyahu as 'real terrorists', which is an accusatory statement.",2.2
gemma4:26b,Tasnimnews,415143,https://t.me/Tasnimnews/415143,military,,military,accusatory,accusatory,The post accuses Saudi Arabia and Kuwait of cooperating with the US and Israel in military aggression against Iraq.,2.3
gemma4:26b,Tasnimnews,396631,https://t.me/Tasnimnews/396631,military,,military,triumphant,triumphant,The post reports on the IRGC's successful interception and destruction of US and Israeli drones during the ongoing war.,3.2
gemma4:26b,Tasnimnews,420787,https://t.me/Tasnimnews/420787,other,,other,neutral,neutral,The post is a brief announcement about the cleaning and washing of a shrine in preparation for the month of Muharram.,2.4
gemma4:26b,Tasnimnews,410500,https://t.me/Tasnimnews/410500,diplomacy,,diplomacy,neutral,neutral,"The post analyzes Trump's negotiation tactics and behavior regarding ceasefire talks, framing his actions as desperate rather than strategic.",3.5
gemma4:26b,Tasnimnews,387118,https://t.me/Tasnimnews/387118,military,,military,neutral,neutral,"The post reports on American analysts' views regarding Iran's missile capabilities, which is a military matter.",2.3
gemma4:26b,Tasnimnews,440199,https://t.me/Tasnimnews/440199,economy,,economy,neutral,neutral,The post discusses the Central Bank Governor's response to US economic sanctions and the availability of foreign currency.,2.8
gemma4:26b,farsna,450860,https://t.me/farsna/450860,domestic_politics,,domestic_politics,neutral,neutral,The post reports on President Pezeshkian's comments regarding the unprecedented cohesion between the branches of government.,3.3
gemma4:26b,farsna,426845,https://t.me/farsna/426845,diplomacy,,foreign_affairs,neutral,neutral,The post reports on CNN's analysis of Trump's contradictory statements regarding the Strait of Hormuz.,2.3
gemma4:26b,farsna,443732,https://t.me/farsna/443732,resistance_axis,,resistance_axis,neutral,neutral,"The post reports on the deaths of seven people, including a child, due to Israeli attacks in Lebanon.",2.6
gemma4:26b,farsna,453577,https://t.me/farsna/453577,military,,military,neutral,neutral,"The post reports on the destruction/burning of drone hangars and military fuel tanks at a base, which is a military event.",2.3
gemma4:26b,farsna,418311,https://t.me/farsna/418311,military,,military,neutral,neutral,"The post reports on Iranian missiles hitting Abu Dhabi, which is part of the war involving Iran and the Gulf states.",2.2
gemma4:26b,farsna,449806,https://t.me/farsna/449806,economy,,foreign_affairs,accusatory,neutral,The post reports on statements from the Brazilian President regarding the economic impact of the war and Trump's comments on the Strait of Hormuz.,3.0
gemma4:26b,farsna,408369,https://t.me/farsna/408369,domestic_politics,,domestic_politics,neutral,neutral,The post reports on the judicial deadline and the uncertain status of Babak Zanjani's multi-billion dollar debt to the state.,2.8
gemma4:26b,farsna,431084,https://t.me/farsna/431084,ideology_propaganda,,ideology_propaganda,triumphant,triumphant,The post uses celebratory language ('victorious nation') and refers to the late Supreme Leader and Qasem Soleimani to frame a narrative of victory.,2.9
gemma4:26b,farsna,448815,https://t.me/farsna/448815,other,,other,neutral,neutral,The text consists of poetic verses that do not contain a clear news statement or specific information to classify.,2.2
gemma4:26b,farsna,430121,https://t.me/farsna/430121,foreign_affairs,,foreign_affairs,neutral,neutral,"The post reports on a shooting incident in the USA, which is an event inside another country where Iran is not involved.",2.9
gemma4:26b,farsna,421766,https://t.me/farsna/421766,mourning_commemoration,,mourning_commemoration,neutral,neutral,The post reports on a funeral procession for two martyrs in Marand.,1.8
gemma4:26b,farsna,447376,https://t.me/farsna/447376,mourning_commemoration,,mourning_commemoration,neutral,neutral,The post provides information regarding the route for the funeral procession of the late Supreme Leader Ali Khamenei.,2.2
gemma4:26b,farsna,443069,https://t.me/farsna/443069,foreign_affairs,,foreign_affairs,neutral,neutral,The post reports on statements made by the US Vice President regarding the origin of Israel's weapons and the reality of its situation.,2.9
gemma4:26b,farsna,440606,https://t.me/farsna/440606,military,,military,neutral,neutral,The post reports on a statement from the Israeli domestic front command regarding safety instructions for citizens.,2.2
gemma4:26b,farsna,452509,https://t.me/farsna/452509,domestic_politics,,other,neutral,neutral,The post reports on the operational status of border gates at Shalamcheh to accommodate Arbaeen pilgrims.,2.7
gemma4:26b,farsna,414654,https://t.me/farsna/414654,foreign_affairs,,military,accusatory,accusatory,The post reports on the arrest of Mossad agents in Gulf states and claims Israel is attempting to strike multiple regional countries.,2.6
gemma4:26b,farsna,412101,https://t.me/farsna/412101,domestic_politics,,domestic_politics,accusatory,accusatory,The post reports on the arrest of three individuals and labels them as active members of a 'monarchist terrorist movement'.,2.8
gemma4:26b,farsna,426266,https://t.me/farsna/426266,military,,military,neutral,neutral,The post reports on a news item from AP regarding a US jet being shot down in the Middle East.,2.4
gemma4:26b,farsna,442395,https://t.me/farsna/442395,military,,resistance_axis,threatening,triumphant,The post features a military commander making a statement about the strategic control and potential activation of resistance forces in the Bab al-Mandab strait.,3.1
gemma4:26b,farsna,454547,https://t.me/farsna/454547,foreign_affairs,,foreign_affairs,neutral,neutral,"The post reports on Russian missile attacks in Kyiv, Ukraine, which is an event between other countries where Iran is not involved.",2.6
gemma4:26b,farsna,432280,https://t.me/farsna/432280,economy,,economy,neutral,neutral,The post reports on the economic impact of the war (specifically US pension fund losses) caused by attacks on Iran.,2.8
gemma4:26b,farsna,416887,https://t.me/farsna/416887,military,,foreign_affairs,accusatory,neutral,The post reports on US President Trump's statements regarding an attack on an Iranian desalination plant and his insulting remarks about Iranians.,3.1
gemma4:26b,farsna,428494,https://t.me/farsna/428494,military,,foreign_affairs,accusatory,neutral,"The post quotes an American analyst discussing the closure of the Strait of Hormuz and the resilience of Iranians, while criticizing US-Israeli control.",3.1
gemma4:26b,farsna,458129,https://t.me/farsna/458129,economy,,economy,neutral,neutral,"The post reports on the decrease in US strategic oil reserves, which is a market/commodity development.",2.7
gemma4:26b,farsna,424058,https://t.me/farsna/424058,domestic_politics,,domestic_politics,neutral,neutral,The post reports on a government decision by the Ministry of Sports regarding the travel of a football team due to security concerns in a specific country.,3.4
gemma4:26b,iribnews,356242,https://t.me/iribnews/356242,domestic_politics,,domestic_politics,neutral,neutral,The post reports on the Acting Minister of Defense's statements regarding the import and clearance of explosives for the country's mines.,3.0
gemma4:26b,iribnews,318585,https://t.me/iribnews/318585,military,,military,neutral,neutral,The post reports on the number of missiles and drones launched by Iran and the scale of US military involvement in the war.,2.5
gemma4:26b,iribnews,329247,https://t.me/iribnews/329247,military,,military,triumphant,triumphant,"The post reports on the downing of a US fighter jet by Iranian air defenses, which is a military event in the ongoing war.",2.8
gemma4:26b,iribnews,339084,https://t.me/iribnews/339084,diplomacy,,diplomacy,neutral,neutral,The post reports on the Foreign Minister's statements regarding the sovereignty and management of the Strait of Hormuz and ongoing negotiations.,2.8
gemma4:26b,iribnews,320271,https://t.me/iribnews/320271,domestic_politics,,other,neutral,neutral,The post provides public health advice and warnings regarding acid rain caused by fuel tank explosions.,2.5
gemma4:26b,iribnews,353675,https://t.me/iribnews/353675,economy,,economy,threatening,neutral,The post reports on US President Trump's statement regarding revenue from Venezuelan oil and his plans for Iranian oil.,2.4
gemma4:26b,iribnews,313750,https://t.me/iribnews/313750,domestic_politics,,other,neutral,neutral,"The post is a factual announcement regarding the resumption of airline flight schedules between Tehran, Istanbul, and Najaf.",2.3
gemma4:26b,iribnews,350290,https://t.me/iribnews/350290,mourning_commemoration,,mourning_commemoration,neutral,neutral,The post reports on the funeral procession of the late Supreme Leader Ali Khamenei in Karbala.,2.0
gemma4:26b,iribnews,337487,https://t.me/iribnews/337487,economy,,economy,neutral,neutral,The post reports on the economic impact of the Strait of Hormuz disruptions and the resulting shifts in shipping routes and costs.,3.0
gemma4:26b,iribnews,329525,https://t.me/iribnews/329525,other,,other,neutral,neutral,The post reports on tourism statistics and visitor numbers in West Azerbaijan province.,2.1
gemma4:26b,iribnews,344063,https://t.me/iribnews/344063,other,,other,neutral,neutral,The post is a simple announcement about cleaning a religious shrine in preparation for Muharram.,1.9
gemma4:26b,iribnews,329437,https://t.me/iribnews/329437,military,,military,triumphant,triumphant,The post reports on a military operation in Isfahan and uses strong language to celebrate victory and mock the US military.,3.3
gemma4:26b,iribnews,357781,https://t.me/iribnews/357781,economy,,economy,neutral,neutral,"The post reports on the Minister of Industry, Mine and Trade's statement regarding import and export trends.",2.4
gemma4:26b,iribnews,358956,https://t.me/iribnews/358956,foreign_affairs,,foreign_affairs,neutral,neutral,"The post reports on a weapons contract between Greece and Israel, which is an event between other countries where Iran is not involved.",2.8
gemma4:26b,iribnews,347981,https://t.me/iribnews/347981,mourning_commemoration,,mourning_commemoration,neutral,neutral,The post provides logistical information and schedules regarding the funeral ceremonies for the late Supreme Leader Ali Khamenei.,3.1
gemma4:26b,iribnews,315925,https://t.me/iribnews/315925,domestic_politics,,domestic_politics,neutral,neutral,"The post reports on a court sentence (imprisonment) for an individual, which falls under domestic legal/judicial matters.",2.6
gemma4:26b,iribnews,357169,https://t.me/iribnews/357169,other,,other,neutral,neutral,The post is a factual report about an earthquake in Gilan-e Gharb.,2.0
gemma4:26b,iribnews,335302,https://t.me/iribnews/335302,foreign_affairs,,foreign_affairs,neutral,neutral,"The post reports a statement by the British Prime Minister regarding his country's stance on war, which is an event involving another country where Iran is not the acting party.",2.8
gemma4:26b,iribnews,354020,https://t.me/iribnews/354020,domestic_politics,,domestic_politics,neutral,neutral,The post reports on a government official's announcement regarding the digital management of passenger returns during the Arbaeen pilgrimage.,3.1
gemma4:26b,iribnews,353086,https://t.me/iribnews/353086,diplomacy,,diplomacy,threatening,threatening,The post features the Foreign Minister criticizing US officials and explicitly stating that the US President must pay a heavy price if seeking a deal.,2.8
gemma4:26b,iribnews,352073,https://t.me/iribnews/352073,military,,military,neutral,neutral,"The post reports on the activation of warning sirens and instructions to seek shelter in Bahrain, which is a Gulf state involved in the war.",2.8
gemma4:26b,iribnews,327680,https://t.me/iribnews/327680,military,,military,neutral,accusatory,"The post uses strong language like 'genocide' and 'aggression' to condemn the actions of the US and Israel, which falls under the 'accusatory' tone definition for blaming opponents with explicit negative claims.",3.6
gemma4:26b,iribnews,333345,https://t.me/iribnews/333345,diplomacy,,military,triumphant,triumphant,The post reports on an analyst's claim that the US has failed in its war objectives and is internationally isolated.,3.0
gemma4:26b,iribnews,349202,https://t.me/iribnews/349202,mourning_commemoration,,mourning_commemoration,neutral,neutral,The post reports on people visiting the body of the late Supreme Leader Ali Khamenei for a funeral/mourning ceremony.,2.4
gemma4:26b,iribnews,329787,https://t.me/iribnews/329787,diplomacy,,diplomacy,neutral,neutral,The post reports on Iran's official diplomatic protest to the IAEA regarding an attack on the Bushehr nuclear plant.,4.0
gemma4:26b,irna_1313,390281,https://t.me/irna_1313/390281,other,,other,neutral,neutral,The post is a factual weather forecast provided by the meteorological organization.,2.5
gemma4:26b,irna_1313,418067,https://t.me/irna_1313/418067,economy,,economy,neutral,neutral,"The post reports on the growth of the Tehran Stock Exchange index, which is a market development.",2.2
gemma4:26b,irna_1313,420907,https://t.me/irna_1313/420907,other,,other,neutral,neutral,"The post provides prayer times and a religious quote, which does not fall into any specific news category.",2.7
gemma4:26b,irna_1313,389625,https://t.me/irna_1313/389625,domestic_politics,,domestic_politics,neutral,neutral,The post reports on a speech by the Vice President regarding family stability and social policies within Iran.,2.9
gemma4:26b,irna_1313,446034,https://t.me/irna_1313/446034,foreign_affairs,,foreign_affairs,neutral,neutral,The post reports on tensions and naval movements between Turkey and Israel in the Mediterranean.,2.3
gemma4:26b,irna_1313,415696,https://t.me/irna_1313/415696,other,,other,neutral,neutral,The post is a factual report about football fans entering a stadium for the 2026 World Cup.,1.9
gemma4:26b,irna_1313,389097,https://t.me/irna_1313/389097,ideology_propaganda,,ideology_propaganda,neutral,neutral,The post reports on people gathering in Tehran to celebrate the anniversary of the Islamic Revolution and discussing national unity.,2.6
gemma4:26b,irna_1313,405007,https://t.me/irna_1313/405007,other,,domestic_politics,neutral,neutral,"The post is a feature article about the Red Crescent Society and its role in crisis management, which falls under public services.",3.5
gemma4:26b,irna_1313,443511,https://t.me/irna_1313/443511,domestic_politics,,domestic_politics,neutral,neutral,The post reports on President Pezeshkian's instruction to government officials to reduce fuel consumption and the use of government vehicles.,2.7
gemma4:26b,irna_1313,443117,https://t.me/irna_1313/443117,domestic_politics,,domestic_politics,mobilizing,neutral,"The post features Mohsen Rezaei calling for unity and supporting officials, while discussing regional politics and US withdrawal.",3.3
gemma4:26b,irna_1313,386139,https://t.me/irna_1313/386139,economy,,economy,neutral,neutral,"The post reports on the decrease in exchange rates for major currencies like the US dollar, Euro, and UAE Dirham.",2.9
gemma4:26b,irna_1313,421393,https://t.me/irna_1313/421393,other,,other,neutral,neutral,"The post provides prayer times and a religious quote, which does not fall into any specific news category.",2.5
gemma4:26b,irna_1313,404884,https://t.me/irna_1313/404884,other,,other,neutral,neutral,The post reports on the successful capture and release of a wild cat into a national park.,2.3
gemma4:26b,irna_1313,428159,https://t.me/irna_1313/428159,military,,military,neutral,neutral,The post reports on enemy projectile strikes hitting four areas in Bushehr province during the ongoing war.,2.8
gemma4:26b,irna_1313,406101,https://t.me/irna_1313/406101,other,,other,neutral,neutral,The post is a health-related article discussing the difference between sadness and depression.,2.6
gemma4:26b,irna_1313,439115,https://t.me/irna_1313/439115,domestic_politics,,domestic_politics,neutral,neutral,The post discusses government-provided healthcare services and subsidies for children and low-income families.,3.0
gemma4:26b,irna_1313,426137,https://t.me/irna_1313/426137,mourning_commemoration,,mourning_commemoration,neutral,neutral,The post focuses on recounting memories and stories about the late Supreme Leader Ali Khamenei during commemoration ceremonies.,2.9
gemma4:26b,irna_1313,412493,https://t.me/irna_1313/412493,resistance_axis,,resistance_axis,neutral,neutral,The post reports on a statement from a Hamas official regarding the failure of international efforts to stop killings in Gaza.,2.5
gemma4:26b,irna_1313,418220,https://t.me/irna_1313/418220,economy,,diplomacy,neutral,neutral,The post reports on the Central Bank Governor's official visit to Moscow and his statements regarding strengthening economic and trade relations with Russia.,3.4
gemma4:26b,irna_1313,403042,https://t.me/irna_1313/403042,domestic_politics,,domestic_politics,neutral,neutral,The post reports on a meeting between the Minister of Culture and a veteran of the Shajareh Tayyebeh school attack.,2.3
gemma4:26b,irna_1313,429114,https://t.me/irna_1313/429114,domestic_politics,,domestic_politics,neutral,neutral,The post reports on the arrest of individuals by prosecutors for distributing private images of people in Lorestan.,2.8
gemma4:26b,irna_1313,435287,https://t.me/irna_1313/435287,domestic_politics,,other,neutral,neutral,The post is a factual announcement regarding a special flight for the Arbaeen pilgrimage.,2.3
gemma4:26b,irna_1313,419716,https://t.me/irna_1313/419716,foreign_affairs,,foreign_affairs,neutral,neutral,The post reports on a statement by the German Defense Minister regarding Trump's responsibility for the closure of the Strait of Hormuz.,2.6
gemma4:26b,irna_1313,398807,https://t.me/irna_1313/398807,mourning_commemoration,,mourning_commemoration,neutral,neutral,The post announces the 40th-day commemoration ceremony for the martyrdom of the Supreme Leader.,2.2
gemma4:26b,irna_1313,392722,https://t.me/irna_1313/392722,resistance_axis,,resistance_axis,neutral,neutral,The post reports on clashes between Hezbollah fighters and Israeli forces in Lebanon.,2.4
gemma4:26b,jamarannews,531595,https://t.me/jamarannews/531595,other,,other,neutral,neutral,The post is a factual report about a football match score.,2.0
gemma4:26b,jamarannews,507221,https://t.me/jamarannews/507221,diplomacy,,diplomacy,neutral,neutral,The post is a factual denial of a news report regarding Ali Larijani's travel to Oman.,2.4
gemma4:26b,jamarannews,513999,https://t.me/jamarannews/513999,foreign_affairs,,foreign_affairs,neutral,neutral,The post reports on the US Congress's opposition to a Pentagon budget request for the war against Iran.,2.4
gemma4:26b,jamarannews,515975,https://t.me/jamarannews/515975,diplomacy,,diplomacy,neutral,neutral,The post reports on Iran's official diplomatic protest to the UN Security Council regarding the UAE's involvement in attacks against Iran.,2.9
gemma4:26b,jamarannews,511569,https://t.me/jamarannews/511569,military,,military,neutral,neutral,The post reports on the recovery of a child's body from rubble following a US missile strike in Tehran.,2.3
gemma4:26b,jamarannews,522058,https://t.me/jamarannews/522058,foreign_affairs,,foreign_affairs,neutral,neutral,The post discusses a Foreign Policy article about the potential political consequences of a war with Iran for the US Republican coalition.,4.4
gemma4:26b,jamarannews,523514,https://t.me/jamarannews/523514,economy,,economy,neutral,neutral,The post reports on global oil trade shifts and congestion in the Panama Canal due to the closure of the Strait of Hormuz.,3.0
gemma4:26b,jamarannews,522334,https://t.me/jamarannews/522334,diplomacy,,diplomacy,neutral,neutral,The post reports on Donald Trump's claims regarding Iran's willingness to reach a nuclear agreement.,2.6
gemma4:26b,jamarannews,538574,https://t.me/jamarannews/538574,mourning_commemoration,,mourning_commemoration,neutral,neutral,The post provides logistical information regarding the funeral arrangements for the late Supreme Leader Ali Khamenei.,2.4
gemma4:26b,jamarannews,528098,https://t.me/jamarannews/528098,resistance_axis,,resistance_axis,neutral,neutral,"The post reports on casualties from an Israeli airstrike in Gaza, which falls under the resistance_axis topic.",2.3
gemma4:26b,jamarannews,533201,https://t.me/jamarannews/533201,foreign_affairs,,foreign_affairs,neutral,neutral,"The post reports on statements from a US Vice President regarding US-Israel relations and interests, which does not involve Iran as an actor in the content.",3.3
gemma4:26b,jamarannews,532335,https://t.me/jamarannews/532335,military,,military,neutral,neutral,The post reports on the movement of hospital activities underground in Israel due to the ongoing conflict.,2.5
gemma4:26b,jamarannews,514081,https://t.me/jamarannews/514081,military,,military,accusatory,neutral,The post reports on a new round of drone attacks by the Iranian army against Israeli military and infrastructure targets.,3.5
gemma4:26b,jamarannews,520315,https://t.me/jamarannews/520315,ideology_propaganda,,domestic_politics,neutral,neutral,The post reports on a pro-government gathering in support of the military during the war.,2.2
gemma4:26b,jamarannews,528028,https://t.me/jamarannews/528028,military,,military,neutral,triumphant,The post reports on US intelligence assessments regarding Iran's underground missile capabilities and how they challenge US military strategy.,3.0
gemma4:26b,jamarannews,514167,https://t.me/jamarannews/514167,other,,other,neutral,neutral,The post reports on the restoration of access to the Supreme Leader's official website following its unavailability during the war.,2.8
gemma4:26b,jamarannews,545230,https://t.me/jamarannews/545230,mourning_commemoration,,mourning_commemoration,mournful,mournful,The post is a formal message of condolence from the Minister of Culture regarding the death of a spouse of a deceased scholar.,3.4
gemma4:26b,jamarannews,521052,https://t.me/jamarannews/521052,diplomacy,,foreign_affairs,neutral,neutral,The post reports on a decision by the US Secretary of State regarding the residency status and detention of an individual related to an Iranian figure.,3.6
gemma4:26b,jamarannews,526132,https://t.me/jamarannews/526132,domestic_politics,,domestic_politics,threatening,neutral,The post features statements from the head of the judiciary regarding legal action against exploiters and the need to address economic pressures.,3.0
gemma4:26b,jamarannews,532737,https://t.me/jamarannews/532737,military,,military,neutral,neutral,The post reports on an analysis from the New York Times regarding the military stalemate and the shift in deterrence between Iran and Israel.,2.8
gemma4:26b,jamarannews,513889,https://t.me/jamarannews/513889,military,,military,neutral,neutral,The post reports on the Israeli military censorship following an Iranian missile attack on a refinery in Haifa.,2.9
gemma4:26b,jamarannews,528420,https://t.me/jamarannews/528420,other,,other,neutral,neutral,"The post is a brief news update about an actor being in the hospital, expressing well-wishes.",2.2
gemma4:26b,jamarannews,535244,https://t.me/jamarannews/535244,diplomacy,,diplomacy,mobilizing,neutral,The post reports on President Pezeshkian's statements regarding the nature of recent negotiations and Iran's firm stance.,2.6
gemma4:26b,jamarannews,521326,https://t.me/jamarannews/521326,resistance_axis,,resistance_axis,neutral,neutral,"The post reports on Israeli military difficulties in Lebanon/Hezbollah, which falls under the resistance_axis topic.",2.7
gemma4:26b,jamarannews,539037,https://t.me/jamarannews/539037,economy,,economy,neutral,neutral,The post provides factual information regarding the distribution of electronic food subsidies (kalabarg) and non-cash subsidies.,2.5
gemma4:26b,mehrnews,380498,https://t.me/mehrnews/380498,domestic_politics,,domestic_politics,neutral,neutral,The post reports on the Tehran municipality's progress in processing compensation and reconstruction for damages caused by the war.,3.6
gemma4:26b,mehrnews,373436,https://t.me/mehrnews/373436,other,,other,neutral,neutral,The post reports on a ceremony to honor the poet Saadi Shirazi with flowers.,2.2
gemma4:26b,mehrnews,394014,https://t.me/mehrnews/394014,mourning_commemoration,,mourning_commemoration,neutral,neutral,The post describes the atmosphere in Qom ahead of a funeral ceremony for a deceased person.,2.3
gemma4:26b,mehrnews,404417,https://t.me/mehrnews/404417,other,,other,neutral,neutral,The post is a factual report about crowds of pilgrims on Imam Reza Street.,2.0
gemma4:26b,mehrnews,357090,https://t.me/mehrnews/357090,diplomacy,,diplomacy,threatening,threatening,The main statement is a political figure's warning/threat regarding the outcome of the war initiated by the US/Israel.,3.6
gemma4:26b,mehrnews,354833,https://t.me/mehrnews/354833,military,,military,neutral,neutral,"The post reports on the attack/violation of medical centers and hospitals, which falls under the military topic due to the context of the war involving Iran.",3.0
gemma4:26b,mehrnews,375451,https://t.me/mehrnews/375451,other,,other,neutral,neutral,"The post reports on a special program celebrating the birth of Imam Reza, which is a religious event.",2.0
gemma4:26b,mehrnews,378543,https://t.me/mehrnews/378543,mourning_commemoration,,ideology_propaganda,neutral,neutral,The post tells a story about a pilot martyr and the historical origin of using the Iranian flag as a shroud.,3.4
gemma4:26b,mehrnews,357920,https://t.me/mehrnews/357920,domestic_politics,,other,neutral,neutral,"The post reports on successful births in northern provinces during the first four days of the war, emphasizing life and hope.",2.3
gemma4:26b,mehrnews,377170,https://t.me/mehrnews/377170,diplomacy,,diplomacy,neutral,neutral,The post reports on a scheduled meeting between Iran's Foreign Minister and China's Foreign Minister.,2.3
gemma4:26b,mehrnews,383801,https://t.me/mehrnews/383801,other,,other,neutral,neutral,The post reports on a traffic accident involving two cars and the resulting injuries.,2.0
gemma4:26b,mehrnews,383949,https://t.me/mehrnews/383949,ideology_propaganda,,ideology_propaganda,neutral,neutral,The post reports on a pro-government motorcycle parade called 'Jan-fada' in Mashhad.,2.1
gemma4:26b,mehrnews,379683,https://t.me/mehrnews/379683,other,,other,neutral,neutral,"The post reports on the presentation of a flag to the national football team coach, which is a cultural/sports event.",2.4
gemma4:26b,mehrnews,403296,https://t.me/mehrnews/403296,domestic_politics,,domestic_politics,neutral,neutral,The post reports on a localized landslide at a metro station in Qom being contained by authorities.,2.9
gemma4:26b,mehrnews,347818,https://t.me/mehrnews/347818,ideology_propaganda,,other,neutral,neutral,The post shares a religious anthem/song and does not contain news or a main statement regarding specific events.,2.3
gemma4:26b,mehrnews,396942,https://t.me/mehrnews/396942,military,,military,neutral,neutral,"The post reports on explosions and fires in Kuwait, which is a Gulf state involved in the ongoing war.",2.4
gemma4:26b,mehrnews,352988,https://t.me/mehrnews/352988,military,,military,triumphant,accusatory,The post reports on sirens in Israel caused by Iranian missile attacks and uses derogatory language to describe a media outlet.,2.5
gemma4:26b,mehrnews,397436,https://t.me/mehrnews/397436,foreign_affairs,,foreign_affairs,neutral,neutral,The post reports on a meeting between the foreign ministers of China and Pakistan regarding an international conference.,2.2
gemma4:26b,mehrnews,362508,https://t.me/mehrnews/362508,resistance_axis,,resistance_axis,neutral,neutral,"The post reports on Hezbollah's missile attack on an Israeli base, which falls under the resistance_axis topic.",2.5
gemma4:26b,mehrnews,351503,https://t.me/mehrnews/351503,resistance_axis,,resistance_axis,accusatory,accusatory,The post reports on statements by the leader of the Houthis (Ansarullah) accusing the USA of being a partner in Zionist crimes.,3.1
gemma4:26b,mehrnews,366305,https://t.me/mehrnews/366305,domestic_politics,,domestic_politics,accusatory,accusatory,The post reports on the arrest of individuals labeled as traitors to the homeland by the IRGC intelligence in Hormozgan.,2.8
gemma4:26b,mehrnews,363447,https://t.me/mehrnews/363447,military,,military,neutral,neutral,"The post reports on a military attack (US-Israeli strike) on residential areas in Tehran, which falls under the military topic due to the war context.",3.3
gemma4:26b,mehrnews,375792,https://t.me/mehrnews/375792,ideology_propaganda,,domestic_politics,neutral,neutral,The post reports on the head of the judiciary praising citizens for participating in a pro-government gathering.,2.0
gemma4:26b,mehrnews,398473,https://t.me/mehrnews/398473,military,,military,neutral,neutral,"The post reports on satellite imagery showing successful strikes on a US airbase in Jordan, which is part of the war involving Iran.",2.5
gemma4:26b,mehrnews,393172,https://t.me/mehrnews/393172,ideology_propaganda,,mourning_commemoration,triumphant,neutral,The post reports on a former Israeli official's statement regarding the strength of the Iranian regime as demonstrated by the funeral of the late Supreme Leader.,2.9
