kind,target,group,position,rank,word,count,share_pct
person,ترامپ,state,before,1,دونالد,3084,31.1
person,ترامپ,state,before,2,دولت,673,6.8
person,ترامپ,state,before,3,ادعای,317,3.2
person,ترامپ,state,before,4,جنگ,182,1.8
person,ترامپ,state,before,5,تهدید,108,1.1
person,ترامپ,state,before,6,معاون,107,1.1
person,ترامپ,state,before,7,رئیس‌جمهور,96,1.0
person,ترامپ,state,before,8,توسط,88,0.9
person,ترامپ,state,before,9,اظهارات,84,0.8
person,ترامپ,state,before,10,ادعاهای,83,0.8
person,ترامپ,state,before,11,تهدیدهای,79,0.8
person,ترامپ,state,before,12,تهدیدات,71,0.7
person,ترامپ,state,before,13,جنگی,67,0.7
person,ترامپ,state,before,14,محبوبیت,65,0.7
person,ترامپ,state,before,15,سخنرانی,57,0.6
person,ترامپ,state,before,16,سفر,50,0.5
person,ترامپ,state,before,17,جمهور,48,0.5
person,ترامپ,state,before,18,عملکرد,48,0.5
person,ترامپ,state,before,19,توحش,48,0.5
person,ترامپ,state,before,20,سیاست‌های,47,0.5
person,ترامپ,state,after,1,رئیس,696,14.7
person,ترامپ,state,after,2,مدعی,133,2.8
person,ترامپ,state,after,3,رئیس‌جمهور,121,2.6
person,ترامپ,state,after,4,مبنی,121,2.6
person,ترامپ,state,after,5,رئیس‌جمهوری,78,1.7
person,ترامپ,state,after,6,اعلام,65,1.4
person,ترامپ,state,after,7,روز,60,1.3
person,ترامپ,state,after,8,می‌خواهد,48,1.0
person,ترامپ,state,after,9,جنگ,40,0.8
person,ترامپ,state,after,10,نوشت,37,0.8
person,ترامپ,state,after,11,امروز,37,0.8
person,ترامپ,state,after,12,ادعا,36,0.8
person,ترامپ,state,after,13,خواستار,29,0.6
person,ترامپ,state,after,14,تلاش,29,0.6
person,ترامپ,state,after,15,نمی‌تواند,28,0.6
person,ترامپ,state,after,16,نشان,27,0.6
person,ترامپ,state,after,17,جنایتکار,25,0.5
person,ترامپ,state,after,18,بارها,25,0.5
person,ترامپ,state,after,19,هشدار,23,0.5
person,ترامپ,state,after,20,قرار,22,0.5
person,نتانیاهو,state,before,1,بنیامین,633,39.7
person,نتانیاهو,state,before,2,کابینه,51,3.2
person,نتانیاهو,state,before,3,سفر,39,2.4
person,نتانیاهو,state,before,4,دولت,38,2.4
person,نتانیاهو,state,before,5,دفتر,29,1.8
person,نتانیاهو,state,before,6,توهمات,17,1.1
person,نتانیاهو,state,before,7,بازداشت,16,1.0
person,نتانیاهو,state,before,8,ادعای,16,1.0
person,نتانیاهو,state,before,9,پسر,15,0.9
person,نتانیاهو,state,before,10,دیدار,14,0.9
person,نتانیاهو,state,before,11,توسط,14,0.9
person,نتانیاهو,state,before,12,سیاسی,12,0.8
person,نتانیاهو,state,before,13,تلاش,11,0.7
person,نتانیاهو,state,before,14,یائیر,10,0.6
person,نتانیاهو,state,before,15,اظهارات,10,0.6
person,نتانیاهو,state,before,16,سیاست‌های,10,0.6
person,نتانیاهو,state,before,17,خانواده,9,0.6
person,نتانیاهو,state,before,18,دادگاه,9,0.6
person,نتانیاهو,state,before,19,مخالفان,9,0.6
person,نتانیاهو,state,before,20,هواپیمای,8,0.5
person,نتانیاهو,state,after,1,نخست‌وزیر,60,8.9
person,نتانیاهو,state,after,2,اعلام,15,2.2
person,نتانیاهو,state,after,3,خواستار,11,1.6
person,نتانیاهو,state,after,4,قرار,10,1.5
person,نتانیاهو,state,after,5,جنگ,10,1.5
person,نتانیاهو,state,after,6,مدعی,9,1.3
person,نتانیاهو,state,after,7,دستور,8,1.2
person,نتانیاهو,state,after,8,تماس,7,1.0
person,نتانیاهو,state,after,9,انتقاد,7,1.0
person,نتانیاهو,state,after,10,تلاش,7,1.0
person,نتانیاهو,state,after,11,مبنی,7,1.0
person,نتانیاهو,state,after,12,روز,7,1.0
person,نتانیاهو,state,after,13,جنایتکار,7,1.0
person,نتانیاهو,state,after,14,اسرائیل,7,1.0
person,نتانیاهو,state,after,15,ترامپ,7,1.0
person,نتانیاهو,state,after,16,امروز,5,0.7
person,نتانیاهو,state,after,17,نتوانست,5,0.7
person,نتانیاهو,state,after,18,صحبت,5,0.7
person,نتانیاهو,state,after,19,برگزار,5,0.7
person,نتانیاهو,state,after,20,شکست,5,0.7
person,ترامپ,irgc_affiliated,before,1,دونالد,1002,19.5
person,ترامپ,irgc_affiliated,before,2,دولت,377,7.3
person,ترامپ,irgc_affiliated,before,3,ادعای,171,3.3
person,ترامپ,irgc_affiliated,before,4,معاون,87,1.7
person,ترامپ,irgc_affiliated,before,5,جنگ,75,1.5
person,ترامپ,irgc_affiliated,before,6,تهدید,64,1.2
person,ترامپ,irgc_affiliated,before,7,توسط,61,1.2
person,ترامپ,irgc_affiliated,before,8,اظهارات,51,1.0
person,ترامپ,irgc_affiliated,before,9,جنگی,48,0.9
person,ترامپ,irgc_affiliated,before,10,عقب‌نشینی,42,0.8
person,ترامپ,irgc_affiliated,before,11,تهدیدات,42,0.8
person,ترامپ,irgc_affiliated,before,12,رئیس‌جمهور,41,0.8
person,ترامپ,irgc_affiliated,before,13,ادعاهای,36,0.7
person,ترامپ,irgc_affiliated,before,14,سخنرانی,36,0.7
person,ترامپ,irgc_affiliated,before,15,تهدیدهای,33,0.6
person,ترامپ,irgc_affiliated,before,16,محبوبیت,32,0.6
person,ترامپ,irgc_affiliated,before,17,سفر,29,0.6
person,ترامپ,irgc_affiliated,before,18,ریاست‌جمهوری,26,0.5
person,ترامپ,irgc_affiliated,before,19,داماد,26,0.5
person,ترامپ,irgc_affiliated,before,20,طرح,24,0.5
person,ترامپ,irgc_affiliated,after,1,مدعی,79,3.0
person,ترامپ,irgc_affiliated,after,2,رئیس,73,2.8
person,ترامپ,irgc_affiliated,after,3,مبنی,62,2.4
person,ترامپ,irgc_affiliated,after,4,اعلام,46,1.7
person,ترامپ,irgc_affiliated,after,5,جنایتکار,37,1.4
person,ترامپ,irgc_affiliated,after,6,می‌خواهد,31,1.2
person,ترامپ,irgc_affiliated,after,7,ادعا,30,1.1
person,ترامپ,irgc_affiliated,after,8,جنگ,26,1.0
person,ترامپ,irgc_affiliated,after,9,قصد,22,0.8
person,ترامپ,irgc_affiliated,after,10,نمی‌تواند,21,0.8
person,ترامپ,irgc_affiliated,after,11,نوشت,21,0.8
person,ترامپ,irgc_affiliated,after,12,رئیس‌جمهور,19,0.7
person,ترامپ,irgc_affiliated,after,13,روز,19,0.7
person,ترامپ,irgc_affiliated,after,14,قمارباز,17,0.6
person,ترامپ,irgc_affiliated,after,15,هشدار,17,0.6
person,ترامپ,irgc_affiliated,after,16,به‌دنبال,17,0.6
person,ترامپ,irgc_affiliated,after,17,امروز,16,0.6
person,ترامپ,irgc_affiliated,after,18,نشان,16,0.6
person,ترامپ,irgc_affiliated,after,19,تلاش,16,0.6
person,ترامپ,irgc_affiliated,after,20,توسط,15,0.6
person,نتانیاهو,irgc_affiliated,before,1,بنیامین,229,25.2
person,نتانیاهو,irgc_affiliated,before,2,کابینه,36,4.0
person,نتانیاهو,irgc_affiliated,before,3,دفتر,35,3.9
person,نتانیاهو,irgc_affiliated,before,4,سفر,33,3.6
person,نتانیاهو,irgc_affiliated,before,5,دولت,24,2.6
person,نتانیاهو,irgc_affiliated,before,6,پسر,13,1.4
person,نتانیاهو,irgc_affiliated,before,7,توسط,13,1.4
person,نتانیاهو,irgc_affiliated,before,8,اظهارات,11,1.2
person,نتانیاهو,irgc_affiliated,before,9,سیاسی,9,1.0
person,نتانیاهو,irgc_affiliated,before,10,ادعای,8,0.9
person,نتانیاهو,irgc_affiliated,before,11,شخص,8,0.9
person,نتانیاهو,irgc_affiliated,before,12,دیدار,8,0.9
person,نتانیاهو,irgc_affiliated,before,13,بازداشت,8,0.9
person,نتانیاهو,irgc_affiliated,before,14,تلاش,7,0.8
person,نتانیاهو,irgc_affiliated,before,15,امنیتی,7,0.8
person,نتانیاهو,irgc_affiliated,before,16,دست,6,0.7
person,نتانیاهو,irgc_affiliated,before,17,حضور,6,0.7
person,نتانیاهو,irgc_affiliated,before,18,توهمات,5,0.6
person,نتانیاهو,irgc_affiliated,before,19,دادگاه,5,0.6
person,نتانیاهو,irgc_affiliated,before,20,دستور,5,0.6
person,نتانیاهو,irgc_affiliated,after,1,منتشر,15,3.7
person,نتانیاهو,irgc_affiliated,after,2,نخست‌وزیر,13,3.2
person,نتانیاهو,irgc_affiliated,after,3,اعلام,9,2.2
person,نتانیاهو,irgc_affiliated,after,4,امروز,8,2.0
person,نتانیاهو,irgc_affiliated,after,5,مدعی,8,2.0
person,نتانیاهو,irgc_affiliated,after,6,مبنی,6,1.5
person,نتانیاهو,irgc_affiliated,after,7,گفتم,5,1.2
person,نتانیاهو,irgc_affiliated,after,8,تماس,5,1.2
person,نتانیاهو,irgc_affiliated,after,9,تلاش,5,1.2
person,نتانیاهو,irgc_affiliated,after,10,خبر,4,1.0
person,نتانیاهو,irgc_affiliated,after,11,روز,4,1.0
person,نتانیاهو,irgc_affiliated,after,12,جنگ,4,1.0
person,نتانیاهو,irgc_affiliated,after,13,دستور,4,1.0
person,نتانیاهو,irgc_affiliated,after,14,خواهد,4,1.0
person,نتانیاهو,irgc_affiliated,after,15,دیدار,3,0.7
person,نتانیاهو,irgc_affiliated,after,16,جلسه,3,0.7
person,نتانیاهو,irgc_affiliated,after,17,تصمیم,3,0.7
person,نتانیاهو,irgc_affiliated,after,18,انجام,3,0.7
person,نتانیاهو,irgc_affiliated,after,19,صحبت,3,0.7
person,نتانیاهو,irgc_affiliated,after,20,نوشت,3,0.7
person,ترامپ,reformist,before,1,دونالد,1402,28.3
person,ترامپ,reformist,before,2,دولت,431,8.7
person,ترامپ,reformist,before,3,ادعای,259,5.2
person,ترامپ,reformist,before,4,رئیس‌جمهور,104,2.1
person,ترامپ,reformist,before,5,جمهور,66,1.3
person,ترامپ,reformist,before,6,معاون,65,1.3
person,ترامپ,reformist,before,7,تهدید,61,1.2
person,ترامپ,reformist,before,8,اظهارات,53,1.1
person,ترامپ,reformist,before,9,جنگ,52,1.0
person,ترامپ,reformist,before,10,توسط,49,1.0
person,ترامپ,reformist,before,11,ادعاهای,34,0.7
person,ترامپ,reformist,before,12,تهدیدهای,33,0.7
person,ترامپ,reformist,before,13,سفر,25,0.5
person,ترامپ,reformist,before,14,سابق,24,0.5
person,ترامپ,reformist,before,15,تصمیم,23,0.5
person,ترامپ,reformist,before,16,مشاوران,23,0.5
person,ترامپ,reformist,before,17,امروز,22,0.4
person,ترامپ,reformist,before,18,تهدیدات,21,0.4
person,ترامپ,reformist,before,19,پرزیدنت,21,0.4
person,ترامپ,reformist,before,20,محبوبیت,20,0.4
person,ترامپ,reformist,after,1,مدعی,228,8.2
person,ترامپ,reformist,after,2,مبنی,74,2.7
person,ترامپ,reformist,after,3,رئیس,74,2.7
person,ترامپ,reformist,after,4,می‌خواهد,48,1.7
person,ترامپ,reformist,after,5,ادعا,46,1.7
person,ترامپ,reformist,after,6,اعلام,46,1.7
person,ترامپ,reformist,after,7,رئیس‌جمهور,32,1.2
person,ترامپ,reformist,after,8,نوشت,30,1.1
person,ترامپ,reformist,after,9,تهدید,28,1.0
person,ترامپ,reformist,after,10,روز,28,1.0
person,ترامپ,reformist,after,11,جنگ,23,0.8
person,ترامپ,reformist,after,12,قرار,22,0.8
person,ترامپ,reformist,after,13,تصمیم,21,0.8
person,ترامپ,reformist,after,14,امشب,20,0.7
person,ترامپ,reformist,after,15,معتقد,18,0.6
person,ترامپ,reformist,after,16,تلاش,18,0.6
person,ترامپ,reformist,after,17,امروز,18,0.6
person,ترامپ,reformist,after,18,قصد,18,0.6
person,ترامپ,reformist,after,19,هشدار,17,0.6
person,ترامپ,reformist,after,20,نشان,15,0.5
person,نتانیاهو,reformist,before,1,بنیامین,276,37.7
person,نتانیاهو,reformist,before,2,دولت,24,3.3
person,نتانیاهو,reformist,before,3,سفر,22,3.0
person,نتانیاهو,reformist,before,4,دفتر,18,2.5
person,نتانیاهو,reformist,before,5,ادعای,14,1.9
person,نتانیاهو,reformist,before,6,سیاسی,9,1.2
person,نتانیاهو,reformist,before,7,توسط,9,1.2
person,نتانیاهو,reformist,before,8,کابینه,9,1.2
person,نتانیاهو,reformist,before,9,هدف,8,1.1
person,نتانیاهو,reformist,before,10,دیدار,7,1.0
person,نتانیاهو,reformist,before,11,اظهارات,6,0.8
person,نتانیاهو,reformist,before,12,تلاش,5,0.7
person,نتانیاهو,reformist,before,13,پسر,5,0.7
person,نتانیاهو,reformist,before,14,دستور,4,0.5
person,نتانیاهو,reformist,before,15,بازداشت,4,0.5
person,نتانیاهو,reformist,before,16,محاکمه,4,0.5
person,نتانیاهو,reformist,before,17,توهمات,4,0.5
person,نتانیاهو,reformist,before,18,عفو,4,0.5
person,نتانیاهو,reformist,before,19,یائیر,3,0.4
person,نتانیاهو,reformist,before,20,حضور,3,0.4
person,نتانیاهو,reformist,after,1,مدعی,20,4.8
person,نتانیاهو,reformist,after,2,تلاش,9,2.2
person,نتانیاهو,reformist,after,3,نخست‌وزیر,9,2.2
person,نتانیاهو,reformist,after,4,صحبت,6,1.4
person,نتانیاهو,reformist,after,5,خواسته,6,1.4
person,نتانیاهو,reformist,after,6,اعلام,6,1.4
person,نتانیاهو,reformist,after,7,خواهد,6,1.4
person,نتانیاهو,reformist,after,8,قرار,6,1.4
person,نتانیاهو,reformist,after,9,گفتم,5,1.2
person,نتانیاهو,reformist,after,10,دیدار,5,1.2
person,نتانیاهو,reformist,after,11,امروز,5,1.2
person,نتانیاهو,reformist,after,12,منتشر,5,1.2
person,نتانیاهو,reformist,after,13,نگران,4,1.0
person,نتانیاهو,reformist,after,14,قصد,4,1.0
person,نتانیاهو,reformist,after,15,سال‌ها,4,1.0
person,نتانیاهو,reformist,after,16,خواهان,4,1.0
person,نتانیاهو,reformist,after,17,هفته,4,1.0
person,نتانیاهو,reformist,after,18,تماس,4,1.0
person,نتانیاهو,reformist,after,19,جنایتکار,3,0.7
person,نتانیاهو,reformist,after,20,حرف,3,0.7
