category,concept,variant
israel_naming,اسرائیل,اسرائیل
israel_naming,رژیم صهیونیستی,رژیم صهیونیستی
israel_naming,رژیم اشغالگر,رژیم اشغالگر قدس
israel_naming,رژیم اشغالگر,رژیم اشغالگر
israel_naming,رژیم غاصب,رژیم غاصب
israel_naming,صهیونیست‌ها,صهیونیست‌ها
israel_naming,صهیونیست‌ها,صهیونیستها
israel_naming,دشمن صهیونیستی,دشمن صهیونیستی
israel_territory,اسرائیل,اسرائیل
israel_territory,فلسطین اشغالی,شمال فلسطین اشغالی
israel_territory,فلسطین اشغالی,فلسطین اشغالی
israel_territory,سرزمین‌های اشغالی,سرزمین‌های اشغالی
israel_territory,اراضی اشغالی,اراضی اشغالی
israel_army,ارتش اسرائیل,ارتش اسرائیل
israel_army,ارتش رژیم صهیونیستی,ارتش رژیم صهیونیستی
israel_army,ارتش صهیونیستی,ارتش صهیونیستی
israel_army,ارتش اشغالگر,ارتش اشغالگر
israel_army,ارتش اشغالگر,ارتش‌اشغالگران
israel_army,ارتش اشغالگر,ارتش اشغالگران
usa_naming,رئیس دولت تروریستی آمریکا,رئیس دولت تروریستی آمریکا
usa_naming,ارتش تروریستی آمریکا,ارتش تروریستی آمریکا
usa_naming,ارتش تروریستی آمریکا,ارتش تروریست آمریکا
usa_naming,ارتش کودک‌کش آمریکا,ارتش کودک‌کش آمریکا
usa_naming,ارتش کودک‌کش آمریکا,ارتش کودک کش آمریکا
usa_naming,ارتش متجاوز آمریکا,ارتش متجاوز آمریکا
usa_naming,شیطان بزرگ,شیطان بزرگ
usa_naming,استکبار,استکبار جهانی
usa_naming,استکبار,استکبار
usa_naming,ایالات متحده,ایالات متحده آمریکا
usa_naming,ایالات متحده,ایالات متحده
usa_naming,آمریکا,آمریکا
usa_naming,آمریکا,امریکا
usa_naming,کاخ سفید,کاخ سفید
usa_naming,واشنگتن,واشنگتن
usa_naming,واشنگتن,واشینگتن
countries_actors,امارات,امارات متحده عربی
countries_actors,امارات,امارات
countries_actors,بحرین,بحرین
countries_actors,کویت,کویت
countries_actors,قطر,قطر
countries_actors,"دریای عمان (sea, not the country)",دریای عمان
countries_actors,عمان,عمان
countries_actors,عربستان,عربستان سعودی
countries_actors,عربستان,عربستان
countries_actors,عربستان,سعودی
countries_actors,اردن,اردن
countries_actors,سوریه,سوریه
countries_actors,یمن,یمن
countries_actors,انصارالله / حوثی‌ها,انصارالله
countries_actors,انصارالله / حوثی‌ها,انصار الله
countries_actors,انصارالله / حوثی‌ها,حوثی‌ها
countries_actors,انصارالله / حوثی‌ها,حوثیها
countries_actors,انصارالله / حوثی‌ها,حوثی
countries_actors,عراق,عراق
countries_actors,مقاومت عراق / حشد شعبی,حشد الشعبی
countries_actors,مقاومت عراق / حشد شعبی,حشد شعبی
countries_actors,مقاومت عراق / حشد شعبی,مقاومت اسلامی عراق
countries_actors,مقاومت عراق / حشد شعبی,مقاومت عراق
countries_actors,فلسطین اشغالی (Israel),فلسطین اشغالی
countries_actors,فلسطین,فلسطین
countries_actors,غزه,غزه
countries_actors,حماس,حماس
countries_actors,حزب‌الله,حزب‌الله
countries_actors,حزب‌الله,حزب الله
countries_actors,لبنان,لبنان
countries_actors,ترکیه,ترکیه
countries_actors,روسیه,روسیه
countries_actors,چین,چین
countries_actors,آذربایجان شرقی/غربی (Iranian provinces),آذربایجان شرقی
countries_actors,آذربایجان شرقی/غربی (Iranian provinces),آذربایجان غربی
countries_actors,جمهوری آذربایجان,جمهوری آذربایجان
countries_actors,جمهوری آذربایجان,آذربایجان
countries_actors,پاکستان,پاکستان
countries_actors,آلمان,آلمان
countries_actors,اتحادیه اروپا,اتحادیه اروپا
countries_actors,اتحادیه اروپا,اروپا
countries_actors,انگلیس,انگلیس
countries_actors,انگلیس,بریتانیا
countries_actors,انگلیس,انگلستان
countries_actors,فرانسه,فرانسه
countries_actors,ایتالیا,ایتالیا
countries_actors,اسپانیا,اسپانیا
crimes,نسل‌کشی,نسل‌کشی
crimes,نسل‌کشی,نسل کشی
crimes,کودک‌کش / کودک‌کشی,کودک‌کشی
crimes,کودک‌کش / کودک‌کشی,کودک کشی
crimes,کودک‌کش / کودک‌کشی,کودک‌کش
crimes,کودک‌کش / کودک‌کشی,کودک کش
crimes,جنایت جنگی,جنایات جنگی
crimes,جنایت جنگی,جنایت جنگی
crimes,جنایت,جنایات
crimes,جنایت,جنایت
crimes,کشتار,کشتار
crimes,میناب (school attack),مدرسه شجره طیبه
crimes,میناب (school attack),میناب
diplomacy,مذاکره / مذاکرات,مذاکرات
diplomacy,مذاکره / مذاکرات,مذاکره
diplomacy,گفت‌وگو,گفت‌وگو
diplomacy,توافق,توافق
diplomacy,برجام,برجام
diplomacy,دیپلماسی,دیپلماسی
diplomacy,آتش‌بس,آتش‌بس
diplomacy,آتش‌بس,آتش بس
diplomacy,صلح,صلح
diplomacy,تفاهم‌نامه,یادداشت تفاهم
diplomacy,تفاهم‌نامه,تفاهم‌نامه
diplomacy,تفاهم‌نامه,تفاهمنامه
revenge,انتقام سخت,انتقام سخت
revenge,انتقام,انتقام
revenge,خونخواهی,خونخواهی
revenge,خونخواهی,خون‌خواهی
revenge,قصاص,قصاص
revenge,پاسخ پشیمان‌کننده / کوبنده,پاسخ پشیمان‌کننده
revenge,پاسخ پشیمان‌کننده / کوبنده,پاسخ کوبنده
persons,ترامپ,ترامپ
persons,نتانیاهو,نتانیاهو
persons,پزشکیان,پزشکیان
persons,عراقچی,عراقچی
persons,بقائی,بقائی
persons,بقائی,بقایی
persons,ظریف,ظریف
persons,خاتمی,خاتمی
persons,حسن روحانی,حسن روحانی
persons,احمدی‌نژاد,احمدی‌نژاد
persons,احمدی‌نژاد,احمدی نژاد
persons,قالیباف,قالیباف
persons,قالیباف,قالی‌باف
persons,قالیباف,قالی باف
persons,سخنگوی وزارت امور خارجه,سخنگوی وزارت امور خارجه
persons,سخنگوی وزارت امور خارجه,سخنگوی وزارت خارجه
persons,وزیر امور خارجه,وزیر امور خارجه
persons,وزیر امور خارجه,وزیر خارجه
labels_opponents,خائن / خیانت,خائن به وطن
labels_opponents,خائن / خیانت,خائنان
labels_opponents,خائن / خیانت,خائن
labels_opponents,خائن / خیانت,خیانت
labels_opponents,وطن‌فروش,وطن‌فروشان
labels_opponents,وطن‌فروش,وطن‌فروش
labels_opponents,وطن‌فروش,وطن فروش
labels_opponents,مزدور,مزدوران
labels_opponents,مزدور,مزدور
labels_opponents,منافقین,منافقین
labels_opponents,اغتشاشگر,اغتشاشگران
labels_opponents,اغتشاشگر,اغتشاش‌گران
labels_opponents,اغتشاشگر,اغتشاشگر
labels_opponents,ضدانقلاب,ضدانقلاب
labels_opponents,ضدانقلاب,ضد انقلاب
countries_actors,جهاد اسلامی,جهاد اسلامی
countries_actors,کتائب حزب‌الله,کتائب حزب‌الله
countries_actors,کتائب حزب‌الله,کتائب حزب الله
countries_actors,داعش,داعش
countries_actors,طالبان,طالبان
countries_actors,جیش‌العدل,جیش‌العدل
countries_actors,جیش‌العدل,جیش العدل
countries_actors,پژاک,پژاک
countries_actors,کومله,کومله
countries_actors,مجاهدین خلق,سازمان مجاهدین خلق
countries_actors,مجاهدین خلق,مجاهدین خلق
countries_actors,سلطنت‌طلبان,سلطنت‌طلبان
countries_actors,سلطنت‌طلبان,سلطنت طلبان
countries_actors,رضا پهلوی,رضا پهلوی
persons,رئیس‌جمهور آمریکا (US president),رئیس‌جمهور آمریکا
persons,رئیس‌جمهور آمریکا (US president),رئیس جمهور آمریکا
persons,رئیس‌جمهور آمریکا (US president),رئیس‌جمهوری آمریکا
persons,رئیس‌جمهور آمریکا (US president),رئیس جمهوری آمریکا
persons,"رئیس‌جمهور (other, mostly Iran)",رئیس‌جمهوری
persons,"رئیس‌جمهور (other, mostly Iran)",رئیس جمهوری
persons,"رئیس‌جمهور (other, mostly Iran)",رئیس‌جمهور
persons,"رئیس‌جمهور (other, mostly Iran)",رئیس جمهور
israel_naming,رژیم کودک‌کش,رژیم کودک‌کش صهیونیستی
israel_naming,رژیم کودک‌کش,رژیم صهیونیستی کودک‌کش
israel_naming,رژیم کودک‌کش,رژیم کودک‌کش
israel_naming,رژیم کودک‌کش,رژیم کودک کش
israel_naming,صهیونیست‌های کودک‌کش,صهیونیست‌های کودک‌کش
israel_naming,صهیونیست‌های کودک‌کش,صهیونیستهای کودک‌کش
israel_army,ارتش کودک‌کش آمریکا (USA – not counted as Israel),ارتش کودک‌کش آمریکا
israel_army,ارتش کودک‌کش آمریکا (USA – not counted as Israel),ارتش کودک کش آمریکا
israel_army,ارتش کودک‌کش (Israel),ارتش کودک‌کش صهیونیستی
israel_army,ارتش کودک‌کش (Israel),ارتش صهیونیستی کودک‌کش
israel_army,ارتش کودک‌کش (Israel),ارتش کودک‌کش رژیم صهیونیستی
israel_army,ارتش کودک‌کش (Israel),ارتش کودک‌کش
israel_army,ارتش کودک‌کش (Israel),ارتش کودک کش
countries_actors,هند,هند
countries_actors,هند,هندوستان
countries_actors,ژاپن,ژاپن
countries_actors,افغانستان,افغانستان
countries_actors,اوکراین,اوکراین
countries_actors,ونزوئلا,ونزوئلا
