term,action,note,into
وزیر,title,office word: only allowed as first word of a term,
وزرای,title,office word (plural of وزیر),
رئیس,title,office word,
سخنگوی,title,office word,
فرمانده,title,office word,
مدیرکل,title,office word,
دبیر,title,office word,
معاون,title,office word,
عضو,title,office word,
نماینده,title,office word,
مسئول,title,office word,
رهبر,title,office word,
روابط عمومی سپاه پاسداران انقلاب اسلامی,add,name with 6 words,
نیروی دریایی سپاه پاسداران انقلاب اسلامی,add,name with 6 words,
نیروهای مسلح جمهوری اسلامی ایران,add,name with 5 words,
نیروی دریایی ارتش جمهوری اسلامی,add,name with 5 words,
کنترل شبکه یکپارچه پدافند هوایی کشور,add,name with 6 words,
قرارگاه مشترک پدافند هوایی کشور,add,name with 5 words,
شورای امنیت سازمان ملل متحد,add,name with 5 words,
سازمان عملیات تجارت دریایی انگلیس,add,name with 5 words (UKMTO),
حرم مطهر حضرت فاطمه معصومه,add,name of a place with 5 words,
امور خارجه جمهوری اسلامی,remove,two units joined: امور خارجه + جمهوری اسلامی,
شبکه اجتماعی ایکس نوشت,remove,ends with a verb (نوشت),
اجتماعی ایکس نوشت,remove,ends with a verb (نوشت),
شبکه ایکس نوشت,remove,ends with a verb (نوشت),
جماران,ignore,,
ایرنا,ignore,,
مهر,ignore,,
درحال,ignore,,
ببینید,ignore,,
به‌دلیل,ignore,,
دربارۀ,ignore,,
سایت ایرنا بخوانید,ignore,,
همت,ignore,,
ارسالی مخاطبان,ignore,,
ایسنا,ignore,,
بخوانید,ignore,,
درپی,ignore,,
گزارش تصویری,ignore,,
به‌دنبال,ignore,,
افق تهران,ignore,,
امیر,ignore,,
اوقات شرعی,ignore,,
به‌سمت,ignore,,
تفسیر جنگ خبرگزاری تسنیم,ignore,,
تیتر,ignore,,
درحالی‌که,ignore,,
شرح,ignore,,
مشروح,ignore,,
می‌خواهد,ignore,,
همۀ,ignore,,
پرسش,ignore,,
پس‌از,ignore,,
آورده,ignore,,
اتوبوس,ignore,,
احساس,ignore,,
اختصاص,ignore,,
ارتقای,ignore,,
ارزی,ignore,,
استانداری,ignore,,
اطمینان,ignore,,
افتتاح,ignore,,
اقامه نماز,ignore,,
امتحانات,ignore,,
ان,ignore,,
اندازه,ignore,,
انواع,ignore,,
ایمنی,ignore,,
بازیکن,ignore,,
بامداد امروز,ignore,,
بخش‌های,ignore,,
بله,ignore,,
بند,ignore,,
بهره‌برداری,ignore,,
به‌خاطر,ignore,,
بگیرند,ignore,,
بیست,ignore,,
تدوین,ignore,,
تشریح,ignore,,
تقریبا,ignore,,
توانایی,ignore,,
توضیح,ignore,,
تکمیل,ignore,,
جامع,ignore,,
جایگزین,ignore,,
جهش,ignore,,
حاکی,ignore,,
حرف,ignore,,
خودشان,ignore,,
دادیم,ignore,,
دارم,ignore,,
دبی,ignore,,
درحالی,ignore,,
درک,ignore,,
درگیر,ignore,,
دست‌کم,ignore,,
دیروز,ignore,,
رضا,ignore,,
رعایت,ignore,,
رفته,ignore,,
رقابت‌های,ignore,,
روایتی,ignore,,
روبه‌رو,ignore,,
روز جمعه,ignore,,
رونمایی,ignore,,
رویداد,ignore,,
زنده آپارات,ignore,,
زنده تلگرام,ignore,,
زنده روبیکا,ignore,,
ساختار,ignore,,
ساعاتی,ignore,,
سایه,ignore,,
سخنان,ignore,,
سرمربی,ignore,,
سرپرست,ignore,,
سند,ignore,,
سیما,ignore,,
طولانی,ignore,,
علم,ignore,,
علیرضا,ignore,,
علیه‌السلام,ignore,,
غدیر,ignore,,
فعالیت‌های,ignore,,
فهرست,ignore,,
قدر,ignore,,
لزوم,ignore,,
ماجرای,ignore,,
مبتنی,ignore,,
متقاضیان,ignore,,
محقق,ignore,,
مصاحبه,ignore,,
معتقد,ignore,,
منتظر,ignore,,
مهمی,ignore,,
موسوی,ignore,,
موضوعات,ignore,,
می‌داند,ignore,,
می‌دانند,ignore,,
نمی‌توان,ignore,,
نکته,ignore,,
هزار واحد,ignore,,
هست,ignore,,
هستید,ignore,,
هفت,ignore,,
هیچ‌گونه,ignore,,
واحدهای,ignore,,
واقعا,ignore,,
پوشش زنده ایرنا,ignore,,
پیش‌تر,ignore,,
پیوند,ignore,,
کرده‌ایم,ignore,,
کیفیت,ignore,,
گاهی,ignore,,
گزارش تصویری تسنیم,ignore,,
گزارش خبرنگار مهر,ignore,,
گفتگوی تلفنی,ignore,,
گوش,ignore,,
خواهد,ignore,,
اعلام,ignore,,
قرار,ignore,,
حضور,ignore,,
روز,ignore,,
انجام,ignore,,
ادامه,ignore,,
گزارش,ignore,,
خبر,ignore,,
نفر,ignore,,
آغاز,ignore,,
دست,ignore,,
گذشته,ignore,,
توسط,ignore,,
پایان,ignore,,
صورت,ignore,,
نشان,ignore,,
استفاده,ignore,,
اقدام,ignore,,
شرایط,ignore,,
عنوان,ignore,,
پاسخ,ignore,,
ایجاد,ignore,,
اساس,ignore,,
جمله,ignore,,
توجه,ignore,,
دلیل,ignore,,
حفظ,ignore,,
شده‌اند,ignore,,
مقابل,ignore,,
نخواهد,ignore,,
دنبال,ignore,,
سر,ignore,,
هرگونه,ignore,,
محل,ignore,,
واکنش,ignore,,
کرده‌اند,ignore,,
منتشر,ignore,,
طریق,ignore,,
مختلف,ignore,,
ارائه,ignore,,
حاضر,ignore,,
علی,ignore,,
روزهای,ignore,,
فعالیت,ignore,,
سید عباس عراقچی,merge,name variant,عراقچی
سیدعباس عراقچی,merge,name variant,عراقچی
عباس عراقچی,merge,name variant,عراقچی
دونالد ترامپ,merge,name variant,ترامپ
مسعود پزشکیان,merge,name variant,پزشکیان
بنیامین نتانیاهو,merge,name variant,نتانیاهو
محمدباقر قالیباف,merge,name variant,قالیباف
اسماعیل بقائی,merge,name variant,بقائی
علی لاریجانی,merge,name variant,لاریجانی
دکتر علی لاریجانی,merge,name variant,لاریجانی
جی دی ونس,merge,name variant,ونس
مارکو روبیو,merge,name variant,روبیو
ولادیمیر پوتین,merge,name variant,پوتین
رجب طیب اردوغان,merge,name variant,اردوغان
طیب اردوغان,merge,name variant,اردوغان
فیلد مارشال عاصم منیر,merge,name variant,عاصم منیر
شیخ نعیم قاسم,merge,name variant,نعیم قاسم
سید کمال خرازی,merge,name variant,خرازی
سید محمد خاتمی,merge,name variant,خاتمی
آیت‌الله سید حسن خمینی,merge,name variant,سید حسن خمینی
سیدحسن خمینی,merge,name variant,سید حسن خمینی
سید عبدالرحیم موسوی,merge,name variant,عبدالرحیم موسوی
رئیس جمهور,merge,spelling variant,رئیس‌جمهور
تسنیم,ignore,channel name,
فارس,ignore,channel name (خلیج فارس is a separate term),
خبرگزاری صداوسیما,ignore,channel name,
بقایی,merge,spelling variant,بقائی
رییس,merge,spelling variant,رئیس
حزب الله,merge,spelling variant,حزب‌الله
واشینگتن,merge,spelling variant,واشنگتن
به‌نقل,ignore,part of به نقل از (according to),
عکس,ignore,format label (photo),
آیت‌الله العظمی,ignore,title without a name,
مقام,ignore,without context (مقام آمریکایی ...),
گفتگو,merge,spelling variant,گفت‌وگو
رئیس,ignore,office word without a name,
محمد خاتمی,merge,name variant,خاتمی
کمال خرازی,merge,name variant,خرازی
جی‌دی ونس,merge,name variant,ونس
قاسم سلیمانی,merge,name variant,سلیمانی
حاج قاسم سلیمانی,merge,name variant,سلیمانی
حاج قاسم,merge,name variant (Qasem Soleimani),سلیمانی
فوری,ignore,format (breaking news label),
زنده,ignore,format (live),
پوشش زنده ویژه‌نامه,ignore,format,
عکاس,ignore,format (photographer credit),
تاکید,ignore,reporting verb (emphasised),
اشاره,ignore,reporting verb (pointed out),
شماست,ignore,part of a slogan,
خلیج‌فارس,merge,spelling variant,خلیج فارس
تل آویو,merge,spelling variant,تل‌آویو
صنعاء,merge,spelling variant,صنعا
اکسیوس,merge,spelling variant,آکسیوس
الله‌اکبر,merge,spelling variant,الله اکبر
جام‌جهانی,merge,spelling variant,جام جهانی
رییس جمهور,merge,spelling variant,رئیس‌جمهور
رئیس‌جمهوری,merge,spelling variant,رئیس‌جمهور
رئیس‌جمهوری آمریکا,merge,spelling variant,رئیس جمهوری آمریکا
جان‌فدا,merge,spelling variant,جانفدا
خون‌خواهی,merge,spelling variant,خونخواهی
موشک‌باران,merge,spelling variant,موشکباران
اغتشاش‌گران,merge,spelling variant,اغتشاشگران
استانهای,merge,spelling variant,استان‌های
دیماه,merge,spelling variant,دی‌ماه
رژیم صهیونسیتی,merge,spelling variant,رژیم صهیونیستی
سخنگوی وزارت خارجه,merge,spelling variant,سخنگوی وزارت امور خارجه
وزیر خارجه,merge,spelling variant,وزیر امور خارجه
روابط‌عمومی,merge,spelling variant,روابط عمومی
روابط‌عمومی سپاه,merge,spelling variant,روابط عمومی سپاه
گفتگوی,merge,spelling variant,گفت‌وگو
حجت الاسلام,merge,spelling variant,حجت‌الاسلام
آیت‌الله,ignore,title without a name,
آیت الله سید,ignore,title without a name,
حجت‌الاسلام,ignore,title without a name,
المسلمین,ignore,part of حجت‌الاسلام والمسلمین,
حضرت,ignore,title without a name,
سردار,ignore,rank without a name,
سید,ignore,title without a name,
حاج,ignore,title without a name,
جنابعالی,ignore,form of address,
عج,ignore,abbreviation after the name of the Mahdi,
اختصاصی,ignore,format (exclusive),
تارنمای,ignore,format (website),
فایل,ignore,format,
دانلود,ignore,format,
کلیپ,ignore,format,
فیلم,ignore,format,
تصویری,ignore,format,
تصاویری,ignore,format,
عکس‌های,ignore,format,
نماهنگ,ignore,format,
پادکست,ignore,format,
ویترین,ignore,Tasnim section name,
ویژه‌نامه,ignore,format,
پوشش زنده,ignore,format,
شماره,ignore,format (issue number),
بپیوندید,ignore,channel advertising (join us),
آدرس,ignore,channel advertising,
نشانی,ignore,channel advertising,
کانال,ignore,channel advertising,
صفحه,ignore,format,
گپ,ignore,format,
جمارانی,ignore,channel name (adjective),
اذان مغرب,ignore,prayer times service,
اذان صبح,ignore,prayer times service,
تصریح,ignore,reporting verb,
اظهار,ignore,reporting verb,
اظهاراتی,ignore,reporting verb,
نقل,ignore,part of به نقل از,
نوشت,ignore,reporting verb (wrote),
خواستار,ignore,reporting verb,
صحبت,ignore,reporting verb,
به‌همراه,ignore,function word,
پیش‌از,ignore,function word,
مبنی‌بر,ignore,function word,
به‌صورت,ignore,function word,
به‌عنوان,ignore,function word,
این‌بار,ignore,function word,
علیرغم,ignore,function word,
همزمان,ignore,function word,
چندین,ignore,function word,
الآن,ignore,function word,
اصلا,ignore,function word,
معمولا,ignore,function word,
زمانی,ignore,function word,
عده‌ای,ignore,function word,
نشده,ignore,verb fragment,
باشیم,ignore,verb fragment,
بتوانیم,ignore,verb fragment,
گفتم,ignore,verb fragment,
معتقدم,ignore,verb fragment,
آمدند,ignore,verb fragment,
زدند,ignore,verb fragment,
بروید,ignore,verb fragment,
صدا درآمدند,ignore,verb fragment,
پاسخگوی,ignore,verb fragment,
آن‌ها,ignore,pronoun,
امسال,ignore,time word,
امشب,ignore,time word,
فردا,ignore,time word,
آی,ignore,fragment,
عظم,ignore,fragment,
ایکس نوشت,remove,ends with a verb (نوشت),
وزارت کشور,add,Ministry of the Interior – otherwise counted as کشور (country),
وزیر کشور,add,Minister of the Interior – otherwise counted as کشور (country),
