term,n_words,count,share_pct,source,count_used
رژیم صهیونیستی,2,23408,76.0,auto,22125
تنگه هرمز,2,21292,95.0,auto,21292
جمهوری اسلامی ایران,3,14619,79.0,auto,13323
هدف قرار,2,9074,40.0,auto,9074
وزیر امور خارجه,3,8588,55.0,auto,8588
نیروهای مسلح,2,8942,82.0,auto,7738
رهبر شهید,2,15376,49.0,auto,7726
رئیس جمهور,2,7844,87.0,auto,7713
رهبر شهید انقلاب,3,7666,50.0,auto,7651
ایالات متحده,2,7867,100.0,auto,7598
ملت ایران,2,6438,38.0,auto,6438
جنوب لبنان,2,5736,44.0,auto,5736
خلیج فارس,2,6497,92.0,auto,5577
دونالد ترامپ,2,5488,99.0,auto,5357
انقلاب اسلامی,2,11187,37.0,auto,4995
امنیت ملی,2,5245,26.0,auto,4463
جام جهانی,2,4302,81.0,auto,4302
تیم ملی,2,6302,50.0,auto,4292
جنگ تحمیلی,2,4110,89.0,auto,4068
جمهوری اسلامی,2,18467,82.0,auto,3652
امام خمینی,2,3820,75.0,auto,3552
سرزمین‌های اشغالی,2,3505,94.0,auto,3505
سازمان ملل,2,5364,90.0,auto,3069
سخنگوی وزارت امور خارجه,4,2935,55.0,auto,2937
مراسم تشییع,2,3807,36.0,auto,2618
کاخ سفید,2,2529,83.0,auto,2529
رهبر معظم انقلاب,3,3697,95.0,auto,2506
جنگ رمضان,2,2489,58.0,auto,2489
میلیارد دلار,2,2485,32.0,auto,2485
فضای مجازی,2,2437,60.0,auto,2437
وزارت امور خارجه,3,5340,34.0,auto,2403
بانک مرکزی,2,2383,39.0,auto,2383
حمله موشکی,2,2341,27.0,auto,2353
صدای انفجار,2,2687,32.0,auto,2339
صبح امروز,2,2316,40.0,auto,2316
سید عباس عراقچی,3,2191,91.0,auto,2196
نیروی دریایی,2,4604,45.0,auto,2185
منابع خبری,2,2127,29.0,auto,2131
حقوق بین‌الملل,2,2100,43.0,auto,2100
سخنگوی وزارت خارجه,3,2060,36.0,auto,2060
نیروی دریایی سپاه,3,2289,50.0,auto,1992
یادداشت تفاهم,2,2047,70.0,auto,1928
حزب الله,2,2774,60.0,auto,1907
سپاه پاسداران,2,4993,94.0,auto,1904
اتحادیه اروپا,2,2161,63.0,auto,1899
عربستان سعودی,2,1898,57.0,auto,1898
حمله پهپادی,2,2092,38.0,auto,1859
تماس تلفنی,2,1835,49.0,auto,1835
محاصره دریایی,2,1811,37.0,auto,1831
هوش مصنوعی,2,1784,95.0,auto,1784
مراسم وداع,2,1774,41.0,auto,1778
سپاه پاسداران انقلاب اسلامی,4,2703,99.0,auto,1731
میلیون تومان,2,1701,28.0,auto,1701
کالاهای اساسی,2,1694,68.0,auto,1694
روابط عمومی,2,3395,40.0,auto,1667
پیکر مطهر,2,2961,48.0,auto,1655
میلیارد تومان,2,2393,39.0,auto,1646
آتش بس,2,1798,90.0,auto,1627
افکار عمومی,2,1567,95.0,auto,1567
پدافند هوایی,2,2296,55.0,auto,1550
روز جمعه,2,1542,31.0,auto,1542
کرانه باختری,2,1507,100.0,auto,1507
منافع ملی,2,1483,28.0,auto,1483
سیاست خارجی,2,1878,39.0,auto,1481
نوار غزه,2,1436,76.0,auto,1436
سایت ایرنا بخوانید,3,1431,98.0,auto,1431
بامداد امروز,2,1417,44.0,auto,1417
امام حسین,2,1393,29.0,auto,1393
امام رضا,2,1674,47.0,auto,1382
اراضی اشغالی,2,1372,68.0,auto,1380
سلاح هسته‌ای,2,1335,25.0,auto,1338
مقام معظم رهبری,3,1310,99.0,auto,1310
فلسطین اشغالی,2,2351,39.0,auto,1306
مجلس شورای اسلامی,3,2287,93.0,auto,1304
وزارت بهداشت,2,1277,47.0,auto,1254
شهادت رسیدند,2,1262,71.0,auto,1250
سازمان ملل متحد,3,1650,31.0,auto,1249
هزار واحد,2,1233,27.0,auto,1233
قرار گرفتند,2,1564,64.0,auto,1230
آیت الله,2,2592,99.0,auto,1210
آسیب دیده,2,1199,37.0,auto,1203
امت اسلامی,2,1241,29.0,auto,1201
فروند پهپاد,2,1183,29.0,auto,1196
رهبر معظم انقلاب اسلامی,4,1189,32.0,auto,1191
پایگاه‌های آمریکا,2,1187,28.0,auto,1191
ادای احترام,2,1184,89.0,auto,1185
دبیر شورای,2,1204,43.0,auto,1184
دفاع مقدس,2,1181,27.0,auto,1181
حقوق بشر,2,1340,85.0,auto,1167
قوه قضاییه,2,1731,99.0,auto,1156
روز شنبه,2,1154,25.0,auto,1154
بنیامین نتانیاهو,2,1133,96.0,auto,1138
روز چهارشنبه,2,1136,29.0,auto,1136
شبکه‌های اجتماعی,2,1136,46.0,auto,1136
فدراسیون فوتبال,2,1117,45.0,auto,1117
دستور کار,2,1814,35.0,auto,1109
تشییع پیکر,2,2827,34.0,auto,1109
تمامیت ارضی,2,1103,94.0,auto,1103
مدرسه میناب,2,1094,25.0,auto,1094
قیمت بنزین,2,1091,33.0,auto,1092
گزارش تصویری,2,1454,39.0,auto,1083
ارتش تروریستی آمریکا,3,1072,56.0,auto,1072
اقامه نماز,2,1100,75.0,auto,1070
تل آویو,2,1059,99.0,auto,1062
شمال فلسطین اشغالی,3,1029,44.0,auto,1049
عملیات وعده صادق,3,1024,81.0,auto,1043
مسعود پزشکیان,2,1027,70.0,auto,1030
نفت خام,2,1142,83.0,auto,1026
دی ماه,2,1025,38.0,auto,1025
روز دوشنبه,2,1015,29.0,auto,1015
نیویورک تایمز,2,992,51.0,auto,992
تیم ملی فوتبال,3,1867,30.0,auto,988
جبهه مقاومت,2,980,27.0,auto,983
ریاست جمهوری,2,984,43.0,auto,979
امور خارجه,2,15507,77.0,auto,978
روابط عمومی سپاه,3,1719,51.0,auto,970
وزش باد شدید,3,950,55.0,auto,957
حضرت آیت‌الله,2,2777,39.0,auto,944
انسجام ملی,2,941,32.0,auto,941
آژانس بین‌المللی انرژی اتمی,4,933,82.0,auto,939
گفتگوی تلفنی,2,933,52.0,auto,936
شهرداری تهران,2,936,53.0,auto,936
حرم مطهر,2,2352,45.0,auto,933
قوانین بین‌المللی,2,928,41.0,auto,928
روز یکشنبه,2,925,30.0,auto,928
اسلام آباد,2,920,57.0,auto,926
گفت‌وگوی تلفنی,2,914,41.0,auto,914
شبکه ایکس,2,897,34.0,auto,904
کشورهای عربی,2,898,27.0,auto,902
آزادراه تهران,2,899,58.0,auto,899
وزرای خارجه,2,896,33.0,auto,896
عصر امروز,2,895,30.0,auto,895
تیم ملی فوتبال ایران,4,871,47.0,auto,882
رژیم اشغالگر,2,900,45.0,auto,880
اطلاعیه شماره,2,874,40.0,auto,878
غرب آسیا,2,1339,31.0,auto,875
حزب الله لبنان,3,868,31.0,auto,868
مراسم بزرگداشت,2,856,47.0,auto,864
تجاوز نظامی آمریکا,3,859,30.0,auto,863
شبکه اجتماعی ایکس,3,857,63.0,auto,860
بسم الله الرحمن الرحیم,4,846,99.0,auto,855
لیگ برتر,2,840,49.0,auto,845
روز پنجشنبه,2,840,28.0,auto,844
آژیرهای هشدار,2,841,53.0,auto,841
خراسان رضوی,2,839,41.0,auto,839
رئیس مجلس شورای اسلامی,4,837,37.0,auto,839
سفیر ایران,2,835,25.0,auto,838
آذربایجان شرقی,2,837,40.0,auto,837
علی لاریجانی,2,1155,38.0,auto,832
روز سه‌شنبه,2,824,33.0,auto,827
سربازان گمنام امام زمان,4,822,94.0,auto,822
حرم مطهر رضوی,3,808,34.0,auto,820
اطلاع رسانی,2,812,60.0,auto,812
حجت الاسلام,2,796,94.0,auto,805
دولت چهاردهم,2,782,69.0,auto,797
مدیرعامل شرکت,2,792,31.0,auto,792
حریم هوایی,2,789,57.0,auto,792
محل استقرار,2,785,34.0,auto,791
وزش باد,2,1740,94.0,auto,789
دستگاه‌های اجرایی,2,767,34.0,auto,779
محیط زیست,2,1244,78.0,auto,772
کره جنوبی,2,770,45.0,auto,771
کشورهای همسایه,2,768,62.0,auto,768
نیروهای مسلح جمهوری اسلامی ایران,5,765,,added,768
اسلامی ایران,2,15596,36.0,auto,767
هلال احمر,2,1174,99.0,auto,763
مراسم تشییع پیکر,3,1184,31.0,auto,758
باقی مانده,2,750,39.0,auto,750
دریای خزر,2,745,61.0,auto,749
وزارت کشور,2,951,,added,747
هزار میلیارد تومان,3,738,31.0,auto,747
منبع آگاه,2,743,30.0,auto,745
موشک‌های بالستیک,2,735,50.0,auto,740
وزیر کشور,2,1233,,added,740
آتش سوزی,2,738,95.0,auto,739
رئیس جمهوری آمریکا,3,713,52.0,auto,736
ماه مبارک رمضان,3,719,96.0,auto,735
سازمان هواشناسی,2,725,34.0,auto,731
بیانیه‌ای اعلام,2,719,27.0,auto,725
سخنگوی وزارت,2,5713,43.0,auto,709
محسن رضایی,2,696,50.0,auto,706
دستور کار قرار,3,705,39.0,auto,705
معیشت مردم,2,705,51.0,auto,705
تشدید تنش,2,701,26.0,auto,701
منابع محلی,2,697,25.0,auto,700
سازمان اطلاعات سپاه,3,783,69.0,auto,699
میز مذاکره,2,694,45.0,auto,698
وقت محلی,2,689,25.0,auto,697
آذربایجان غربی,2,687,27.0,auto,687
مواد مخدر,2,682,93.0,auto,685
خداوند متعال,2,932,72.0,auto,684
کره شمالی,2,678,39.0,auto,683
اسماعیل بقائی,2,671,48.0,auto,681
مراکز درمانی,2,681,30.0,auto,681
امارات متحده عربی,3,677,98.0,auto,680
روابط عمومی سپاه پاسداران انقلاب اسلامی,6,670,,added,676
قرار گرفته‌اند,2,824,63.0,auto,669
تصاویر ماهواره‌ای,2,656,46.0,auto,664
صدای انفجارهای,2,689,38.0,auto,655
بازه زمانی,2,653,73.0,auto,653
اوقات شرعی,2,649,84.0,auto,651
قوه قضائیه,2,956,93.0,auto,651
افق تهران,2,648,60.0,auto,649
وال استریت ژورنال,3,647,95.0,auto,649
خراسان شمالی,2,648,31.0,auto,648
کشورهای اروپایی,2,647,33.0,auto,647
دریای سرخ,2,644,44.0,auto,645
محمدباقر قالیباف,2,631,77.0,auto,643
وزیر آموزش‌وپرورش,2,639,27.0,auto,642
میلیارد دلاری,2,638,40.0,auto,638
روابط دوجانبه,2,635,38.0,auto,638
مجلس خبرگان رهبری,3,621,57.0,auto,633
خبرگزاری صداوسیما,2,625,28.0,auto,631
رییس جمهور,2,618,28.0,auto,629
پهپادهای انهدامی,2,616,90.0,auto,628
زنده تلگرام,2,626,60.0,auto,627
سفارت آمریکا,2,618,26.0,auto,623
آیت‌الله سید مجتبی خامنه‌ای,4,618,49.0,auto,618
اطلاع ثانوی,2,609,100.0,auto,617
بارش برف,2,605,48.0,auto,617
سناتور آمریکایی,2,608,38.0,auto,615
میلیارد ریال,2,613,56.0,auto,615
تفسیر جنگ,2,1212,81.0,auto,611
جشنواره فیلم فجر,3,601,86.0,auto,611
فایننشال تایمز,2,597,99.0,auto,610
آیت الله سید مجتبی,4,608,67.0,auto,609
ناو هواپیمابر,2,608,84.0,auto,608
خبرگزاری رویترز,2,597,26.0,auto,603
ارشاد اسلامی,2,593,72.0,auto,603
پوشش زنده ایرنا,3,602,59.0,auto,602
زنده آپارات,2,602,78.0,auto,602
زنده روبیکا,2,601,70.0,auto,601
وزرای امور خارجه ایران,4,599,50.0,auto,601
میراث فرهنگی,2,576,35.0,auto,596
بارش باران,2,582,26.0,auto,594
موشک بالستیک,2,574,39.0,auto,586
انصارالله یمن,2,582,51.0,auto,585
دانش آموزان,2,576,99.0,auto,581
رئیس قوه قضاییه,3,569,33.0,auto,579
خلع سلاح,2,657,95.0,auto,579
نجف اشرف,2,563,91.0,auto,578
شهباز شریف,2,561,98.0,auto,577
ملت شریف ایران,3,567,68.0,auto,576
مواد غذایی,2,572,36.0,auto,575
حساب کاربری,2,562,70.0,auto,572
دانش آموز,2,559,91.0,auto,572
حسینی خامنه‌ای,2,1537,35.0,auto,570
حجت‌الاسلام والمسلمین,2,563,74.0,auto,569
فرمانده ارتش پاکستان,3,563,75.0,auto,568
وزیر جنگ آمریکا,3,558,31.0,auto,568
برنامه هسته‌ای ایران,3,555,33.0,auto,563
رضا پهلوی,2,554,37.0,auto,563
خواهد ماند,2,859,36.0,auto,562
ظهر امروز,2,561,35.0,auto,561
تیم مذاکره‌کننده,2,545,48.0,auto,560
آمریکای جنایتکار,2,548,41.0,auto,559
خاتمه جنگ,2,795,62.0,auto,558
استاد دانشگاه,2,563,31.0,auto,555
شهید رئیسی,2,535,60.0,auto,552
کاهش تنش‌ها,2,546,30.0,auto,547
قائد شهید,2,1252,66.0,auto,546
ملل متحد,2,2196,70.0,auto,538
امنیت غذایی,2,534,33.0,auto,536
رفاه اجتماعی,2,522,29.0,auto,534
نیروهای امدادی,2,527,34.0,auto,533
هوافضای سپاه,2,1308,94.0,auto,532
قائد شهید امت,3,601,48.0,auto,531
مصلی تهران,2,504,31.0,auto,529
بازارهای جهانی,2,511,33.0,auto,529
شکست خورده,2,524,41.0,auto,524
خط مقدم,2,516,52.0,auto,516
شکست خورد,2,508,35.0,auto,512
سیدعلی خامنه‌ای,2,628,59.0,auto,510
وزارت آموزش‌وپرورش,2,627,26.0,auto,509
گروهک تروریستی,2,508,53.0,auto,508
ارسالی مخاطبان,2,497,69.0,auto,503
مرز مهران,2,488,43.0,auto,500
وزیر کشور پاکستان,3,500,41.0,auto,500
مدرسه شجره طیبه میناب,4,498,73.0,auto,498
رهبر شهیدمان,2,497,39.0,auto,497
کشتی‌های تجاری,2,475,25.0,auto,495
حملات موشکی ایران,3,482,27.0,auto,489
نفت برنت,2,525,63.0,auto,487
حضرت آیت الله,3,828,32.0,auto,486
حضور پرشور مردم,3,477,52.0,auto,486
کنگره آمریکا,2,739,29.0,auto,483
تجمعات شبانه,2,476,26.0,auto,477
تفسیر جنگ خبرگزاری تسنیم,4,474,100.0,auto,474
محسنی اژه‌ای,2,474,95.0,auto,474
زنجیره تامین,2,466,38.0,auto,473
مارکو روبیو,2,461,94.0,auto,473
رسانه‌های عبری,2,467,29.0,auto,472
میلیون بشکه نفت,3,456,49.0,auto,471
اقشار مختلف مردم,3,463,78.0,auto,470
شیخ نعیم قاسم,3,464,85.0,auto,470
تشییع پیکر مطهر,3,952,32.0,auto,469
میلیون بشکه,2,940,44.0,auto,469
هدف حمله قرار,3,454,31.0,auto,465
منطقه غرب آسیا,3,451,34.0,auto,464
امتحانات نهایی,2,441,30.0,auto,463
وزیر نیرو,2,457,30.0,auto,463
کمیسیون امنیت ملی مجلس,4,452,45.0,auto,463
جاده چالوس,2,453,37.0,auto,457
گروهک‌های تروریستی,2,450,54.0,auto,453
مصلای تهران,2,427,47.0,auto,453
وزیر جهاد کشاورزی,3,450,50.0,auto,453
الله اکبر,2,440,33.0,auto,452
جمعیت هلال‌احمر,2,437,41.0,auto,450
عاصم منیر,2,592,97.0,auto,449
مجلس خبرگان,2,1092,71.0,auto,448
اینفو ایرنا,2,447,91.0,auto,447
شورای شهر تهران,3,447,32.0,auto,447
سامانه‌های پدافندی,2,438,30.0,auto,445
بالاترین سطح,2,434,44.0,auto,442
شهید سلیمانی,2,438,27.0,auto,441
حضور پرشور,2,926,57.0,auto,440
تلفات جانی,2,439,50.0,auto,439
نقش مهمی,2,437,25.0,auto,437
قبضه سلاح,2,432,56.0,auto,436
ابراز امیدواری,2,417,77.0,auto,436
شورای امنیت سازمان ملل,4,693,100.0,auto,433
هزاران نفر,2,426,26.0,auto,433
مراسم تشییع پیکر مطهر,4,418,35.0,auto,431
قرآن کریم,2,425,65.0,auto,431
جزیره قشم,2,429,28.0,auto,430
فاکس نیوز,2,410,91.0,auto,428
پوشش زنده,2,1019,35.0,auto,425
سازمان همکاری شانگهای,3,407,68.0,auto,424
راهور فراجا,2,640,58.0,auto,424
بانک صادرات ایران,3,412,90.0,auto,421
خط قرمز,2,420,32.0,auto,420
عقب نشینی,2,412,96.0,auto,420
تروریست‌های آمریکایی,2,399,29.0,auto,419
اکبر عبدی,2,416,60.0,auto,419
میلیون تومانی,2,412,41.0,auto,419
هزار واحدی,2,594,72.0,auto,418
جمعیت هلال احمر,3,398,34.0,auto,417
نیروی زمینی سپاه,3,435,44.0,auto,417
سامانه بارشی,2,584,64.0,auto,409
مجمع تشخیص مصلحت نظام,4,405,96.0,auto,407
تسلیت عرض,2,391,26.0,auto,406
امام راحل,2,400,97.0,auto,406
آبراهام لینکلن,2,389,93.0,auto,405
حمله هوایی رژیم صهیونیستی,4,387,51.0,auto,404
سال تحصیلی,2,393,37.0,auto,404
حضور گسترده مردم,3,392,47.0,auto,402
اهل سنت,2,385,41.0,auto,401
هزار زائر,2,390,41.0,auto,400
حضرت آیت‌الله العظمی,3,866,31.0,auto,395
تلفن همراه,2,388,62.0,auto,392
شهردار تهران,2,390,40.0,auto,392
شهید امت,2,1194,28.0,auto,391
مردم عزادار,2,419,57.0,auto,389
گزارش تصویری تسنیم,3,385,26.0,auto,385
رمز مبارک,2,384,31.0,auto,385
استکبار جهانی,2,380,37.0,auto,383
سیدعباس عراقچی,2,367,67.0,auto,380
سید حسن خمینی,3,590,69.0,auto,380
امام شهیدمان,2,379,30.0,auto,379
شهید والامقام,2,371,58.0,auto,379
نیروی هوافضای سپاه,3,579,44.0,auto,378
آیت‌الله سیدمجتبی حسینی خامنه‌ای,4,378,68.0,auto,378
رژیم صهیونسیتی,2,368,94.0,auto,377
حاج قاسم,2,827,44.0,auto,375
دانشگاه علوم پزشکی,3,360,61.0,auto,373
تجدید میثاق,2,361,65.0,auto,372
کارشناس مسائل,2,572,29.0,auto,367
رسانه‌های معاند,2,367,37.0,auto,367
نقض فاحش,2,356,69.0,auto,366
تمامیت سرزمینی,2,356,38.0,auto,366
رگبار باران,2,349,33.0,auto,364
کریات شمونه,2,356,100.0,auto,362
گزارش خبرنگار مهر,3,360,41.0,auto,361
نظام مقدس جمهوری اسلامی,4,345,79.0,auto,356
حرم حضرت معصومه,3,342,44.0,auto,355
غیرقابل قبول,2,338,28.0,auto,351
فرآورده‌های نفتی,2,341,67.0,auto,350
سپهبد شهید,2,361,47.0,auto,349
ایفای نقش,2,331,56.0,auto,348
قرار گرفتن,2,1086,38.0,auto,348
میدان ولیعصر,2,333,48.0,auto,347
وال‌استریت ژورنال,2,335,88.0,auto,346
دفاع مشروع,2,451,31.0,auto,346
اقلیم کردستان عراق,3,471,66.0,auto,346
حسن نیت,2,335,49.0,auto,345
مخازن سوخت,2,335,44.0,auto,345
راهپیمایی روز قدس,3,344,54.0,auto,344
آفریقای جنوبی,2,324,89.0,auto,344
شهید انقلاب,2,8185,27.0,auto,344
فولاد مبارکه,2,339,73.0,auto,343
اقیانوس هند,2,343,46.0,auto,343
انتخابات میان‌دوره‌ای,2,330,90.0,auto,343
گلزار شهدای,2,331,73.0,auto,342
ناوگان پنجم,2,498,31.0,auto,342
کشورهای حاشیه خلیج فارس,4,333,66.0,auto,341
ماه محرم,2,332,29.0,auto,341
دریاچه ارومیه,2,319,44.0,auto,339
عموم مردم,2,337,43.0,auto,339
ولادیمیر پوتین,2,333,78.0,auto,338
تصاویر حماسه مردم,3,335,83.0,auto,336
سنای آمریکا,2,331,75.0,auto,335
شبکه المیادین,2,327,26.0,auto,334
پیت هگست,2,326,74.0,auto,334
پیکرهای مطهر,2,326,61.0,auto,331
منزل مسکونی,2,322,27.0,auto,329
آزادگان جهان,2,326,44.0,auto,329
اورانیوم غنی‌شده,2,315,73.0,auto,329
ناو دنا,2,312,37.0,auto,327
کربلای معلی,2,313,85.0,auto,325
کادر درمان,2,317,33.0,auto,325
آستان مقدس,2,314,38.0,auto,324
سازمان تامین اجتماعی,3,303,41.0,auto,323
مسجد مقدس جمکران,3,306,98.0,auto,322
ولایت فقیه,2,308,35.0,auto,320
میلیاردها دلار,2,308,80.0,auto,320
پهپاد انتحاری,2,336,37.0,auto,319
مجتبی خامنه‌ای,2,1578,58.0,auto,319
مجلس نمایندگان آمریکا,3,301,53.0,auto,318
اهل بیت,2,309,25.0,auto,318
پهپادهای انتحاری,2,304,33.0,auto,318
اطلاعیه‌ای اعلام,2,307,38.0,auto,317
هرچه سریع‌تر,2,306,49.0,auto,317
چهلمین روز شهادت,3,289,50.0,auto,316
اتفاق افتاد,2,306,26.0,auto,315
نیروی زمینی ارتش,3,313,32.0,auto,313
آستان قدس رضوی,3,295,87.0,auto,313
نماینده دائم,2,453,58.0,auto,311
جاماندگان اربعین,2,309,71.0,auto,310
امیر سرتیپ,2,286,43.0,auto,310
مهمات عمل‌نکرده,2,443,70.0,auto,308
سید مجتبی حسینی خامنه‌ای,4,489,97.0,auto,307
وسایل نقلیه,2,294,62.0,auto,306
رئیس‌جمهوری آمریکا,2,289,25.0,auto,306
رئیس قوه قضائیه,3,302,32.0,auto,306
صدای چندین انفجار,3,301,70.0,auto,305
سازمان‌های بین‌المللی,2,295,39.0,auto,305
پارس جنوبی,2,291,61.0,auto,304
سازمان هواپیمایی کشوری,3,291,70.0,auto,304
قرارگاه مرکزی خاتم الانبیا,4,288,85.0,auto,303
باقی خواهد ماند,3,297,35.0,auto,303
حضرت آیت‌الله سیدمجتبی خامنه‌ای,4,300,48.0,auto,302
شورای حکام,2,283,72.0,auto,302
سردار رادان,2,290,74.0,auto,300
خسارات وارده,2,292,44.0,auto,298
آسیب دیده‌اند,2,283,60.0,auto,298
سید علی خامنه‌ای,3,692,62.0,auto,297
فضل الهی,2,285,69.0,auto,297
نیروی دریایی سپاه پاسداران انقلاب اسلامی,6,281,,added,296
بهشت زهرا,2,280,47.0,auto,296
صدراعظم آلمان,2,289,88.0,auto,296
باقی بماند,2,273,25.0,auto,295
وزارت تعاون,2,275,37.0,auto,295
مدال طلا,2,274,25.0,auto,294
منازل مسکونی,2,276,29.0,auto,294
صدا درآمدند,2,270,68.0,auto,293
کادر فنی,2,271,28.0,auto,293
حرم مطهر امام رضا,4,285,50.0,auto,292
اذان مغرب,2,262,39.0,auto,292
مجازات آویخته,2,275,98.0,auto,290
بازی‌های آسیایی,2,274,27.0,auto,289
دانشگاه آزاد اسلامی,3,270,45.0,auto,287
جبهه داخلی اسرائیل,3,285,54.0,auto,286
کد ملی,2,273,45.0,auto,284
آتش نشانی,2,267,31.0,auto,284
خط لوله,2,266,58.0,auto,284
واحدهای تولیدی,2,265,31.0,auto,283
وزیر تعاون,2,260,35.0,auto,283
آلودگی هوا,2,267,32.0,auto,282
ابراز همدردی,2,266,44.0,auto,281
خارجه کشورمان,2,1589,30.0,auto,281
مراسم گرامیداشت,2,268,25.0,auto,280
هشدار نارنجی,2,256,59.0,auto,280
سحرگاه امروز,2,265,66.0,auto,279
هزار مگاوات,2,261,42.0,auto,279
جان باختند,2,270,92.0,auto,279
خطای محاسباتی,2,268,43.0,auto,278
شهید تنگسیری,2,262,33.0,auto,278
سردار قاآنی,2,259,77.0,auto,278
قرار می‌گیرند,2,311,35.0,auto,277
پیامبر اکرم,2,258,61.0,auto,277
وزارت جهاد کشاورزی,3,262,29.0,auto,277
سلاح‌های هسته‌ای,2,262,29.0,auto,277
پایین‌ترین سطح,2,263,61.0,auto,276
شهادت نائل,2,494,86.0,auto,276
رئیس دولت تروریستی آمریکا,4,264,64.0,auto,276
پلیس راهور,2,647,58.0,auto,276
ارز ترجیحی,2,462,91.0,auto,276
استیو ویتکاف,2,255,70.0,auto,275
عصر حجر,2,258,96.0,auto,274
سازمان سنجش,2,540,62.0,auto,274
آیت‌الله سیدمجتبی خامنه‌ای,3,576,60.0,auto,274
چهلمین روز,2,573,81.0,auto,273
قدس سره,2,262,96.0,auto,273
تریلیون دلار,2,264,63.0,auto,272
کالای اساسی,2,264,47.0,auto,272
سازمان سنجش آموزش کشور,4,263,98.0,auto,272
حقوق بشری,2,260,44.0,auto,272
زنده تلویزیون ایرنا,3,272,39.0,auto,272
علو درجات,2,258,93.0,auto,271
غریب آبادی,2,249,68.0,auto,271
شورای نگهبان,2,261,63.0,auto,271
گره خورده,2,252,32.0,auto,271
اختیارات جنگی,2,249,31.0,auto,270
میلیون مترمکعب,2,259,62.0,auto,270
انرژی اتمی,2,1372,66.0,auto,270
جی‌دی ونس,2,248,99.0,auto,270
تلویزیون ایرنا ببینید,3,268,39.0,auto,270
امام مجاهد شهید,3,450,85.0,auto,269
حسن همجواری,2,244,87.0,auto,269
پایان معاملات امروز,3,260,53.0,auto,269
مهدی رسولی,2,259,66.0,auto,268
نبیه بری,2,242,100.0,auto,268
علی السالم,2,407,98.0,auto,268
میدان تجریش,2,257,75.0,auto,268
نشان دهنده,2,260,61.0,auto,267
سلطنت عمان,2,254,58.0,auto,266
اذان صبح,2,248,30.0,auto,264
روسای جمهور,2,248,41.0,auto,263
مسجد جمکران,2,246,36.0,auto,262
جانشین پلیس,2,264,26.0,auto,262
سیاست خارجی اتحادیه اروپا,4,249,94.0,auto,262
تجزیه طلب,2,247,31.0,auto,262
نیروی زمینی,2,991,36.0,auto,261
نماینده کنگره آمریکا,3,245,33.0,auto,260
تامین نیازهای,2,245,27.0,auto,260
تاریخ معاصر,2,237,42.0,auto,260
شورای امنیت سازمان ملل متحد,5,226,,added,260
اقدامات خصمانه,2,249,27.0,auto,260
زبان فارسی,2,232,27.0,auto,259
بسته خبری ایرنا,3,259,46.0,auto,259
موشک کروز,2,445,50.0,auto,259
شورای همکاری خلیج فارس,4,243,100.0,auto,259
سوخت جت,2,256,76.0,auto,258
امامین انقلاب,2,295,88.0,auto,258
مراسم یادبود,2,257,39.0,auto,258
گنبد آهنین,2,247,66.0,auto,258
تروث سوشال,2,239,97.0,auto,257
رئیس پلیس راهور,3,241,26.0,auto,255
برنامه‌های تلویزیون اینترنتی ایرنا,4,255,97.0,auto,255
پلیس آگاهی,2,240,27.0,auto,254
هاکان فیدان,2,245,100.0,auto,254
وزیر خزانه‌داری آمریکا,3,229,39.0,auto,253
رخ نداده,2,238,32.0,auto,252
سازمان بهزیستی,2,233,51.0,auto,252
باقی می‌ماند,2,243,38.0,auto,252
صلیب سرخ,2,235,96.0,auto,251
سینمای ایران,2,230,54.0,auto,251
حضرت اباعبدالله الحسین,3,234,59.0,auto,250
پیامبر اعظم,2,229,36.0,auto,250
آیت‌الله العظمی,2,1172,74.0,auto,249
ارتش متجاوز آمریکا,3,250,59.0,auto,249
اسرائیل هیوم,2,233,89.0,auto,249
شهید حاج قاسم سلیمانی,4,225,51.0,auto,249
درگاه خداوند متعال,3,234,25.0,auto,248
نیروگاه اتمی بوشهر,3,223,88.0,auto,247
لینک قسمت,2,247,33.0,auto,247
لایحه بودجه,2,217,31.0,auto,247
گفت‌وگوهای سیاسی,2,246,26.0,auto,247
میلیون لیتر,2,216,28.0,auto,246
شجره طیبه,2,1052,94.0,auto,246
حوزه‌های علمیه,2,237,39.0,auto,246
لیندسی گراهام,2,229,82.0,auto,245
جی دی ونس,3,223,93.0,auto,245
حفاظت محیط زیست,3,468,38.0,auto,244
کمیسیون تلفیق,2,241,73.0,auto,244
جزیره خارک,2,233,59.0,auto,244
فاطمه مهاجرانی,2,230,28.0,auto,244
کردستان عراق,2,715,39.0,auto,244
خاک سپرده,2,235,44.0,auto,243
ابتکار عمل,2,221,31.0,auto,243
کوتاه‌ترین زمان,2,237,96.0,auto,243
موشک‌های کروز,2,233,26.0,auto,243
صنایع دستی,2,220,45.0,auto,243
وعده صادق,2,1263,50.0,auto,243
حملات توپخانه‌ای,2,230,33.0,auto,242
گزارش‌های روز همراه,3,242,98.0,auto,242
سالگرد پیروزی انقلاب اسلامی,4,241,45.0,auto,241
وزارت خزانه‌داری آمریکا,3,220,38.0,auto,241
مرکز مبادله,2,224,64.0,auto,241
افزایش ابر,2,219,53.0,auto,240
شیخ عیسی,2,225,45.0,auto,240
نگران نباشند,2,226,40.0,auto,240
انفجار مهیب,2,296,35.0,auto,239
عاشورای حسینی,2,237,83.0,auto,239
جفری اپستین,2,218,69.0,auto,239
نشر آثار,2,216,40.0,auto,239
اقیانوس آرام,2,220,29.0,auto,238
ارتش کودک‌کش آمریکا,3,218,77.0,auto,238
سید محمد خاتمی,3,227,49.0,auto,237
عظیم الشان,2,226,96.0,auto,237
برجای گذاشت,2,224,57.0,auto,236
مهمونی کیلومتری غدیر,3,231,61.0,auto,236
آیت الله سید,3,901,35.0,auto,236
سالار شهیدان,2,229,78.0,auto,236
سید حسن,2,854,26.0,auto,235
سازمان حفاظت محیط زیست,4,218,47.0,auto,235
نادیده گرفتن,2,223,25.0,auto,235
عملیات وعده,2,1264,49.0,auto,234
حضرت آیت‌الله العظمی شهید,4,219,25.0,auto,234
محمود کریمی,2,217,42.0,auto,234
صورت نگرفته,2,222,35.0,auto,233
جنگنده اف,2,214,26.0,auto,233
حمله پهپادی رژیم صهیونیستی,4,218,84.0,auto,233
اذان ظهر,2,217,27.0,auto,233
کشتی باری,2,218,37.0,auto,233
الله تعالی فرجه الشریف,4,218,86.0,auto,232
سلاح سرد,2,244,34.0,auto,232
محل اقامت,2,213,44.0,auto,231
خروش مردم,2,217,39.0,auto,231
آتش کشیدند,2,222,52.0,auto,231
شورای هماهنگی تبلیغات اسلامی,4,220,95.0,auto,230
رافائل گروسی,2,214,61.0,auto,230
معاملات امروز,2,486,28.0,auto,230
ناوشکن دنا,2,216,39.0,auto,229
قرارگاه مرکزی خاتم‌الانبیا,3,449,36.0,auto,229
خبرنگار اعزامی,2,213,52.0,auto,229
رفع موانع,2,199,29.0,auto,228
شهادت رساندن,2,214,42.0,auto,228
دمای هوا,2,215,26.0,auto,227
عملیات صاعقه,2,226,79.0,auto,227
تاکر کارلسون,2,214,97.0,auto,227
حملات هوایی رژیم صهیونیستی,4,201,26.0,auto,227
اینترنت پرو,2,223,75.0,auto,227
اصابت پرتابه,2,217,27.0,auto,226
وزیر امور,2,8814,44.0,auto,226
آماج حملات,2,213,68.0,auto,226
آنتونیو گوترش,2,207,64.0,auto,226
وزیر صمت,2,210,38.0,auto,226
فشار حداکثری,2,205,30.0,auto,226
سوء استفاده,2,210,49.0,auto,226
پرشور مردم,2,706,44.0,auto,226
اتاق بازرگانی,2,207,36.0,auto,225
نیروی پدافند هوایی ارتش,4,203,59.0,auto,225
رواق دارالذکر,2,256,81.0,auto,224
دانشگاه صنعتی شریف,3,210,63.0,auto,224
حافظان امنیت,2,211,81.0,auto,224
فیلم سینمایی,2,213,29.0,auto,224
امیر قلعه‌نویی,2,200,37.0,auto,222
سخنگوی قرارگاه مرکزی خاتم‌الانبیا,4,199,32.0,auto,222
حیدر حیدر,2,206,28.0,auto,221
میلیارد یورو,2,208,29.0,auto,221
نوری همدانی,2,202,80.0,auto,221
پارلمان لبنان,2,350,26.0,auto,221
شهادت رسیده‌اند,2,205,39.0,auto,221
کنترل شبکه یکپارچه پدافند هوایی کشور,6,205,,added,220
عباس عراقچی,2,2407,69.0,auto,220
شهرک‌نشینان صهیونیست,2,211,39.0,auto,220
مذاکرات غیرمستقیم,2,210,31.0,auto,220
مواد منفجره,2,206,92.0,auto,219
النصر الا,2,217,76.0,auto,219
مهدی طارمی,2,191,46.0,auto,219
اصحاب رسانه,2,210,58.0,auto,218
علی الطاهر,2,218,98.0,auto,218
بدر البوسعیدی,2,206,64.0,auto,218
کمال شرف,2,209,49.0,auto,217
قرارگاه مرکزی حضرت خاتم‌الانبیا,4,213,57.0,auto,217
کشتی فرنگی,2,198,80.0,auto,217
استان سمنان,2,194,26.0,auto,217
عتبات عالیات,2,197,100.0,auto,216
مرکز مطالعات,2,196,29.0,auto,216
مدرسه دخترانه,2,191,51.0,auto,216
خدای متعال,2,199,34.0,auto,215
آیت‌الله سید علی خامنه‌ای,4,203,29.0,auto,215
مرز خسروی,2,209,49.0,auto,215
کارشناس مسائل بین‌الملل,3,198,35.0,auto,215
حافظه تاریخی,2,193,31.0,auto,214
محور هراز,2,188,31.0,auto,213
نیروهای حافظ امنیت,3,199,57.0,auto,213
ضاحیه جنوبی بیروت,3,194,73.0,auto,213
آمریکای لاتین,2,186,89.0,auto,213
هزار نفری,2,202,52.0,auto,212
احتمال شنیدن صدای انفجار,4,199,72.0,auto,212
سرگئی لاوروف,2,207,72.0,auto,212
شهادت مظلومانه,2,204,56.0,auto,210
موشک‌های رهگیر,2,195,60.0,auto,210
ستون دود,2,197,33.0,auto,210
حمله توپخانه‌ای,2,196,28.0,auto,210
کمیته امداد,2,189,25.0,auto,210
مسئلت دارم,2,204,42.0,auto,210
انفجار کنترل‌شده,2,290,38.0,auto,209
شورای اطلاع‌رسانی دولت,3,188,71.0,auto,208
دبیرخانه شورای,2,204,39.0,auto,208
سید مجتبی خامنه‌ای,3,1259,67.0,auto,208
مجامع بین‌المللی,2,189,59.0,auto,208
صدا درآمدن,2,194,80.0,auto,208
هواپیمای سوخت‌رسان,2,191,37.0,auto,207
تانک مرکاوا,2,204,71.0,auto,207
زندگی روزمره,2,178,39.0,auto,206
قائم مقام,2,170,40.0,auto,206
سرلشکر حاتمی,2,180,46.0,auto,205
آسیب دیدند,2,187,34.0,auto,205
دزدی دریایی,2,179,64.0,auto,204
بررسی‌ها نشان,2,188,46.0,auto,204
هیات رئیسه,2,275,45.0,auto,203
برهم زدن,2,190,50.0,auto,203
فرمانده مرزبانی,2,178,41.0,auto,203
بنت جبیل,2,186,90.0,auto,203
میدان نبوت,2,188,96.0,auto,203
جزیره خارگ,2,197,68.0,auto,203
هیئت رئیسه,2,302,50.0,auto,202
تنگه باب‌المندب,2,220,41.0,auto,202
کیان ایران,2,180,33.0,auto,202
سرزمین فرشته‌ها,2,198,88.0,auto,202
کلت کمری,2,189,73.0,auto,202
بن سلمان,2,181,41.0,auto,202
الحشد الشعبی,2,179,94.0,auto,201
کیفیت هوای تهران,3,178,53.0,auto,201
سازمان غذا,2,186,25.0,auto,201
سوخت جامد,2,182,76.0,auto,201
درجه رفیع شهادت نائل,4,177,79.0,auto,201
شهید بهشتی,2,371,58.0,auto,200
عید قربان,2,198,49.0,auto,200
حاج قاسم سلیمانی,3,439,53.0,auto,200
رهبر عظیم‌الشان,2,195,43.0,auto,199
باب المندب,2,181,99.0,auto,199
بانک رفاه کارگران,3,183,88.0,auto,199
مرز شلمچه,2,185,41.0,auto,199
متعاقبا اعلام خواهد,3,309,43.0,auto,199
اطفای حریق,2,188,82.0,auto,198
سال نو,2,183,26.0,auto,198
صدای انفجارهایی,2,209,47.0,auto,198
بشکه نفت,2,722,33.0,auto,198
آژانس بین‌المللی انرژی,3,1139,99.0,auto,197
جنایات ارتکابی,2,181,71.0,auto,197
شهید سلامی,2,190,42.0,auto,197
مدظله العالی,2,179,86.0,auto,196
پایانه مرزی,2,180,33.0,auto,196
اشراف اطلاعاتی,2,178,38.0,auto,196
مراسم چهلم,2,181,31.0,auto,196
حضرت معصومه,2,544,59.0,auto,196
صدا درآمده,2,187,47.0,auto,195
حضرت آیت‌الله‌العظمی,2,262,77.0,auto,195
هسته‌ای صلح‌آمیز,2,180,28.0,auto,195
پهپاد هرمس,2,305,55.0,auto,195
پاپ لئو,2,182,84.0,auto,195
حوزه علمیه,2,329,53.0,auto,195
پلیس فتا,2,179,98.0,auto,194
روز جهانی قدس,3,369,65.0,auto,193
آحاد ملت,2,253,32.0,auto,193
ودیعه مسکن,2,179,61.0,auto,193
دستگاه قضا,2,175,78.0,auto,193
رجب طیب اردوغان,3,174,99.0,auto,192
شهادت رساندند,2,172,39.0,auto,192
صورت تلفنی گفتگو,3,172,65.0,auto,192
انستیتو پاستور,2,185,86.0,auto,192
سلیمانیه عراق,2,185,47.0,auto,192
اسرع وقت,2,170,99.0,auto,192
محورهای مواصلاتی,2,180,69.0,auto,192
رامین رضاییان,2,181,78.0,auto,191
عید سعید فطر,3,184,43.0,auto,191
نیکلاس مادورو,2,174,92.0,auto,191
اهرم فشار,2,170,37.0,auto,191
حذف ارز ترجیحی,3,171,37.0,auto,190
پرچم دروغین,2,173,34.0,auto,190
دادستانی تهران,2,185,35.0,auto,190
سازمان جهانی بهداشت,3,165,73.0,auto,190
مایل دریایی,2,177,37.0,auto,189
قرار گیرند,2,209,74.0,auto,188
موازنه قدرت,2,169,46.0,auto,188
وزیر امورخارجه,2,158,48.0,auto,188
آسیای مرکزی,2,171,55.0,auto,187
الرحمن الرحیم,2,1040,100.0,auto,187
پیشخوان مهر,2,186,90.0,auto,187
وزارت صمت,2,222,40.0,auto,187
نماز مغرب,2,235,35.0,auto,187
فروند موشک کروز,3,173,36.0,auto,186
ماکان نصیری,2,167,65.0,auto,186
رژیم غاصب,2,176,74.0,auto,185
متروی تهران,2,155,46.0,auto,185
اتاق خبر ایرنا,3,347,82.0,auto,185
نقص فنی,2,170,46.0,auto,185
ورود سامانه بارشی,3,163,28.0,auto,184
سخنگوی نیروهای مسلح یمن,4,173,30.0,auto,184
انتخاب رشته,2,165,27.0,auto,184
تماس‌های تلفنی,2,152,32.0,auto,184
جرد کوشنر,2,163,92.0,auto,184
علی عبداللهی,2,163,32.0,auto,184
محمد اسحاق,2,161,42.0,auto,184
مهمات عمل نکرده,3,162,57.0,auto,184
مدرسه شجره طیبه,3,681,65.0,auto,183
فرودگاه مهرآباد,2,164,58.0,auto,183
مقام شامخ,2,154,96.0,auto,183
میدل ایست,2,163,96.0,auto,182
پیکر مطهر امام شهید,4,191,52.0,auto,182
اجازه نمی‌دهیم,2,159,32.0,auto,182
سامانه نوین پدافند پیشرفته,4,182,77.0,auto,182
حداد عادل,2,169,80.0,auto,182
احقاق حقوق,2,166,67.0,auto,181
سیدمجتبی حسینی خامنه‌ای,3,559,36.0,auto,181
دفتر سیاسی جنبش,3,174,54.0,auto,180
تداوم نقض آتش بس,4,165,40.0,auto,180
دکتر علی لاریجانی,3,314,27.0,auto,180
سرلشکر عبداللهی,2,173,34.0,auto,180
ایران نزد سازمان ملل,4,162,96.0,auto,180
عندالله العزیز الحکیم,3,166,53.0,auto,179
محمد باقر,2,156,64.0,auto,179
راهپیمایی روز جهانی قدس,4,178,48.0,auto,179
فرماندهی مرکزی آمریکا,3,165,34.0,auto,179
حرم مطهر امام خمینی,4,161,28.0,auto,179
ثبت سفارش,2,154,44.0,auto,179
دانشگاه شهید بهشتی,3,148,40.0,auto,179
کشورهای حوزه خلیج فارس,4,161,56.0,auto,178
تالار وحدت,2,163,35.0,auto,178
شرکت‌های دانش‌بنیان,2,162,31.0,auto,178
سرود ملی,2,165,30.0,auto,178
اقلیم کردستان,2,648,78.0,auto,177
آزمون کارشناسی ارشد,3,172,55.0,auto,176
سردار سرلشکر پاسدار,3,157,52.0,auto,176
آل ثانی,2,319,91.0,auto,176
عملیات نصر,2,175,44.0,auto,176
بدین شرح,2,164,44.0,auto,175
کلاس درس,2,150,28.0,auto,175
سر خم,2,153,43.0,auto,175
فرودگاه بن‌گوریون,2,160,70.0,auto,175
روال عادی,2,149,26.0,auto,175
نقاط مختلف کشور,3,150,27.0,auto,174
رهبر معظم,2,3871,59.0,auto,174
جام ملت‌های آسیا,3,146,59.0,auto,174
اقتصاد مقاومتی,2,155,67.0,auto,174
حقوق بشر سازمان ملل,4,157,99.0,auto,173
حشد شعبی,2,159,99.0,auto,173
شبکه تروریستی اینترنشنال,3,150,68.0,auto,172
جنگ شناختی,2,152,35.0,auto,172
حج تمتع,2,153,99.0,auto,171
حفاظت محیط‌زیست,2,153,32.0,auto,171
جهاد کشاورزی,2,894,39.0,auto,171
وفاق ملی,2,143,34.0,auto,171
مدیرکل مدیریت بحران استانداری,4,155,65.0,auto,170
فیصل بن فرحان,3,154,90.0,auto,170
مصداق بارز,2,148,44.0,auto,170
ملت عزیز ایران,3,152,34.0,auto,170
مرور اخبار روز,3,169,86.0,auto,169
حضور حماسی مردم,3,146,48.0,auto,169
حضور یافتند,2,151,33.0,auto,169
گروه هکری حنظله,3,160,61.0,auto,169
بسم الله قاصم الجبارین,4,147,100.0,auto,169
آیت‌الله سید حسن خمینی,4,161,27.0,auto,169
کنفدراسیون فوتبال آسیا,3,143,82.0,auto,169
انرژی‌های تجدیدپذیر,2,136,63.0,auto,169
هتک حرمت,2,151,79.0,auto,169
پیاده‌روی اربعین,2,161,39.0,auto,168
دبیر شورای‌عالی امنیت ملی,4,139,39.0,auto,167
جزیره لارک,2,149,62.0,auto,167
دیوان کیفری بین‌المللی,3,137,76.0,auto,167
شهید رجایی,2,150,63.0,auto,166
واجد شرایط,2,139,48.0,auto,166
حضرت عبدالعظیم حسنی,3,145,64.0,auto,165
آب شرب,2,128,96.0,auto,165
دامنه‌های جنوبی البرز,3,138,91.0,auto,165
وزیر انرژی آمریکا,3,143,37.0,auto,165
اوراق بهادار,2,136,100.0,auto,165
مهم‌ترین خبرهای,2,164,29.0,auto,164
نسل‌های آینده,2,141,43.0,auto,164
سرپرستان خانوار,2,139,57.0,auto,164
معاون اجرایی رئیس‌جمهور,3,137,40.0,auto,164
برجا گذاشت,2,148,75.0,auto,164
سخنگوی ارشد نیروهای مسلح,4,156,81.0,auto,164
قطره خون,2,140,43.0,auto,163
سردار شکارچی,2,145,65.0,auto,163
کمال خرازی,2,290,34.0,auto,163
سلطان عمان,2,143,25.0,auto,163
سید عبدالرحیم موسوی,3,150,89.0,auto,162
زنده اتاق خبر ایرنا,4,162,47.0,auto,162
آزمون دکتری,2,142,30.0,auto,162
تعزیرات حکومتی,2,146,50.0,auto,162
انفجارهای مهیب,2,270,32.0,auto,162
سیمرغ بلورین,2,154,99.0,auto,161
خانواده‌های معظم شهدا,3,136,74.0,auto,161
کیم جونگ اون,3,147,99.0,auto,161
جوزف عون,2,128,77.0,auto,161
پناهگاه بروند,2,149,27.0,auto,161
سیدعباس صالحی,2,140,26.0,auto,160
زمین لرزه,2,142,37.0,auto,160
کی‌یر استارمر,2,140,100.0,auto,160
خلیل الحیه,2,149,76.0,auto,160
خیل عظیم,2,148,43.0,auto,160
پول حقیقی‌ها,2,153,82.0,auto,160
رئیس سازمان انرژی اتمی,4,130,39.0,auto,159
امانوئل مکرون,2,136,58.0,auto,159
صندوق‌های درآمد ثابت,3,142,71.0,auto,159
ارتش تروریست آمریکا,3,141,37.0,auto,159
کارشناسی ارشد,2,314,25.0,auto,159
سازمان بسیج مستضعفین,3,138,45.0,auto,158
نیروگاه هسته‌ای بوشهر,3,132,40.0,auto,158
اهدای خون,2,150,28.0,auto,158
حضرت ولی‌عصر,2,133,69.0,auto,157
ناوگان پنجم دریایی,3,152,31.0,auto,157
خمینی کبیر,2,181,39.0,auto,157
سازمان امور مالیاتی,3,143,53.0,auto,157
شی جین‌پینگ,2,137,100.0,auto,157
هفتمین سالگرد,2,266,31.0,auto,157
اخبار تکمیلی متعاقبا اعلام,4,138,50.0,auto,156
فرودگاه بن گوریون,3,146,80.0,auto,156
اجتماعی اکس,2,153,62.0,auto,156
سید مجید,2,300,26.0,auto,156
سید مجید موسوی,3,139,46.0,auto,155
اعلام می‌دارد,2,133,34.0,auto,155
کایا کالاس,2,133,99.0,auto,155
ولودیمیر زلنسکی,2,138,100.0,auto,155
ظله العالی,2,121,72.0,auto,155
تنبیه متجاوز,2,142,32.0,auto,154
رضوان الله تعالی,3,142,31.0,auto,154
السلام علیک,2,133,60.0,auto,154
یادداشت‌های تهران تایمز,3,154,35.0,auto,154
نهضت ملی مسکن,3,127,74.0,auto,154
جان باختن,2,128,79.0,auto,154
یادگار امام,2,146,38.0,auto,154
دستگاه آمبولانس,2,125,27.0,auto,153
محمدی گلپایگانی,2,143,72.0,auto,153
ایجاد رعب,2,134,64.0,auto,153
ملت مبعوث,2,146,31.0,auto,153
تحصیلات تکمیلی,2,121,68.0,auto,153
صندوق‌های سهامی,2,151,92.0,auto,153
تسنیم کست,2,153,93.0,auto,153
بدو ورود,2,132,66.0,auto,153
گاز طبیعی مایع,3,133,37.0,auto,153
امنیت داخلی رژیم صهیونیستی,4,119,42.0,auto,152
فرزانه صادق,2,123,26.0,auto,152
الازرق اردن,2,127,42.0,auto,152
عضو کمیسیون امنیت ملی,4,290,29.0,auto,152
ستاد مرکزی اربعین,3,135,46.0,auto,152
آب آشامیدنی,2,132,95.0,auto,152
صفحات تهران تایمز,3,152,34.0,auto,152
هوای تهران,2,336,30.0,auto,152
بن عبدالرحمن آل ثانی,4,131,98.0,auto,151
تخریب اموال عمومی,3,120,35.0,auto,151
فیبر نوری,2,128,85.0,auto,150
حول محور,2,123,28.0,auto,150
اباعبدالله الحسین,2,396,79.0,auto,150
تلویزیون ایرنا,2,689,27.0,auto,150
محسن نقوی,2,143,65.0,auto,150
فیلد مارشال عاصم منیر,4,140,99.0,auto,150
سرمربی تیم,2,643,45.0,auto,150
فی سبیل الله,3,128,95.0,auto,149
شهید دکتر علی لاریجانی,4,139,44.0,auto,149
قیمت جهانی نفت,3,128,29.0,auto,149
حسن روحانی,2,139,36.0,auto,149
علیرضا بیرانوند,2,129,36.0,auto,149
نماینده دائم جمهوری اسلامی,4,120,82.0,auto,149
اعلام می‌داریم,2,119,35.0,auto,149
اسکات بسنت,2,128,72.0,auto,148
بدر عبدالعاطی,2,124,73.0,auto,148
رئیس پارلمان لبنان,3,132,38.0,auto,148
اجازه ندهند,2,124,42.0,auto,148
الجلیل غربی,2,146,27.0,auto,148
اوراق قرضه,2,128,100.0,auto,148
لیگ قهرمانان آسیا,3,115,44.0,auto,147
مرجع تقلید,2,119,26.0,auto,147
افزایش شدید قیمت,3,133,58.0,auto,147
قرارگاه مرکزی حضرت خاتم,4,132,35.0,auto,147
انتشار ویدئویی,2,126,28.0,auto,146
ماه مه,2,125,30.0,auto,146
ایلان ماسک,2,119,89.0,auto,146
وانگ یی,2,125,91.0,auto,146
امام سجاد,2,128,38.0,auto,145
اداره‌کل اطلاعات,2,110,30.0,auto,145
بن گویر,2,119,100.0,auto,145
رهبر فرزانه,2,122,26.0,auto,145
حوزه علمیه قم,3,125,38.0,auto,145
امام حسن مجتبی,3,119,42.0,auto,145
مدال برنز,2,126,40.0,auto,145
اتفاق می‌افتد,2,113,29.0,auto,144
وسیله نقلیه,2,118,33.0,auto,144
درجه سانتی‌گراد,2,119,100.0,auto,144
سید کمال خرازی,3,136,47.0,auto,144
نصرت الهی,2,133,52.0,auto,144
بسته خبری مهر,3,142,25.0,auto,143
سامانه سماح,2,140,89.0,auto,143
مراجع عظام,2,126,91.0,auto,143
آرمان‌های انقلاب,2,438,32.0,auto,143
مهمترین خبرهای,2,139,25.0,auto,143
حق ذاتی دفاع,3,128,56.0,auto,142
انتخابات شوراها,2,115,52.0,auto,142
شکستن محاصره,2,153,27.0,auto,142
صندوق بین‌المللی پول,3,119,98.0,auto,142
آیت‌الله العظمی سید علی,4,122,65.0,auto,142
سخت‌ترین شرایط,2,114,32.0,auto,142
کنسولگری آمریکا,2,113,37.0,auto,142
دهلی نو,2,114,79.0,auto,142
صرفه جویی,2,114,80.0,auto,142
جنگ فرسایشی,2,120,32.0,auto,142
انهدام مهمات عمل‌نکرده,3,139,31.0,auto,142
شوراهای اسلامی,2,133,41.0,auto,142
روز ملی خلیج فارس,4,138,95.0,auto,142
تانک مرکاوای,2,141,89.0,auto,141
هدف قراردادن,2,124,71.0,auto,141
فرمانده نیروی هوافضای سپاه,4,149,26.0,auto,141
موفق السلطی,2,127,98.0,auto,141
بعدازظهر امروز,2,118,25.0,auto,141
اتفاق بیفتد,2,120,30.0,auto,140
روزنامه نگار,2,105,70.0,auto,140
سازمان بین‌المللی دریانوردی,3,123,72.0,auto,140
کیلومتری غدیر,2,376,35.0,auto,140
تیم ملی والیبال ایران,4,128,34.0,auto,140
سرلشکر پاسدار,2,303,27.0,auto,140
برنی سندرز,2,124,93.0,auto,140
پایگاه علی السالم,3,122,30.0,auto,139
ازدحام جمعیت,2,122,37.0,auto,139
یدیعوت آحارونوت,2,116,99.0,auto,139
عروج ملکوتی,2,129,48.0,auto,139
احتمال شنیده‌شدن صدای انفجار,4,138,41.0,auto,139
محمد پاکپور,2,122,34.0,auto,139
نماینده ولی‌فقیه,2,122,54.0,auto,139
نسبتا شدید,2,114,33.0,auto,139
صهیونیست نشین,2,127,50.0,auto,138
اهتزاز پرچم,2,111,36.0,auto,138
علی رغم,2,111,29.0,auto,138
فرماندهی مرکزی ایالات متحده,4,115,95.0,auto,138
تک تک,2,120,26.0,auto,138
بن حمد,2,124,45.0,auto,138
نقطه عطفی,2,108,97.0,auto,138
گرمای شدید,2,136,26.0,auto,138
خیابان کشوردوست,2,129,39.0,auto,138
شنیده‌شدن صدای,2,612,88.0,auto,137
مراجع ذی‌صلاح,2,104,69.0,auto,137
نماز عید فطر,3,132,45.0,auto,137
امام مجاهد شهید حضرت,4,135,30.0,auto,137
علیرضا تنگسیری,2,245,31.0,auto,137
حافظ امنیت,2,350,44.0,auto,137
جبهه داخلی رژیم صهیونیستی,4,125,44.0,auto,137
دکه روزنامه,2,136,100.0,auto,136
علی الزیدی,2,126,30.0,auto,136
استخدامی کشور,2,106,28.0,auto,136
لیگ قهرمانان,2,262,40.0,auto,135
معظم له,2,113,43.0,auto,135
سعید جلیلی,2,114,49.0,auto,135
سازمان تبلیغات اسلامی,3,114,28.0,auto,135
شمش طلا,2,126,40.0,auto,135
قضی نحبه,2,117,100.0,auto,134
بن زاید,2,113,84.0,auto,134
ستون‌های دود,2,118,42.0,auto,134
مردم مبعوث,2,127,27.0,auto,134
نقش مؤثری,2,108,36.0,auto,134
نقطه عطف,2,111,76.0,auto,134
جنگ افروزی,2,111,86.0,auto,134
خبرگان رهبری,2,763,50.0,auto,134
کود شیمیایی,2,118,33.0,auto,134
زنجیره‌های تامین,2,116,76.0,auto,134
سخنگوی کرملین,2,110,28.0,auto,133
سازمان تروریستی سنتکام,3,130,61.0,auto,133
خزانه داری آمریکا,3,112,78.0,auto,133
روز پنج‌شنبه,2,115,28.0,auto,133
ستاد انتخابات کشور,3,101,63.0,auto,133
جان فدا,2,123,39.0,auto,133
فارین پالیسی,2,117,71.0,auto,132
نسبی دما,2,115,26.0,auto,132
سیاست خارجی مجلس شورای,4,120,40.0,auto,132
مرکز مدیریت راه‌های,3,106,50.0,auto,132
عاهدوا الله,2,111,100.0,auto,132
آیت‌الله جوادی آملی,3,109,47.0,auto,132
کاهش کیفیت هوا,3,110,45.0,auto,132
استعدادهای درخشان,2,108,65.0,auto,132
عادی‌سازی روابط,2,113,28.0,auto,132
عید سعید,2,426,25.0,auto,132
امور ایثارگران,2,101,35.0,auto,131
میدان ونک,2,114,77.0,auto,131
رئیس جمهور ایالات متحده,4,113,96.0,auto,131
سلام الله علیها,3,112,73.0,auto,131
شهر صور,2,118,31.0,auto,131
کشتی‌های عبوری,2,118,35.0,auto,131
دونالد ترامپ رئیس‌جمهور آمریکا,4,107,86.0,auto,131
سازمان عملیات تجارت دریایی انگلیس,5,111,,added,131
نیروی دریایی ارتش جمهوری اسلامی,5,108,,added,131
لوازم خانگی,2,106,34.0,auto,130
فارن افرز,2,113,72.0,auto,130
صندوق بازنشستگی,2,114,33.0,auto,130
رئیس اقلیم کردستان عراق,4,121,26.0,auto,130
وزیر جنگ رژیم صهیونیستی,4,111,62.0,auto,130
حسین طاهری,2,103,27.0,auto,130
غلامرضا سلیمانی,2,104,27.0,auto,129
نماز جمعه تهران,3,103,26.0,auto,129
پدافند غیرعامل,2,103,95.0,auto,129
ناوگان صمود,2,123,36.0,auto,129
شهید پاکپور,2,129,36.0,auto,129
شهرک نشینان,2,111,78.0,auto,129
شام غریبان,2,122,97.0,auto,129
مالیات‌دهندگان آمریکایی,2,101,64.0,auto,129
هزار واحدی شاخص بورس,4,113,65.0,auto,129
پلیس امنیت اقتصادی,3,106,60.0,auto,129
امام رضایی‌ها,2,125,100.0,auto,128
انتظامی استانداری خوزستان,3,110,49.0,auto,128
آماده باش,2,102,34.0,auto,128
سوخت رسان,2,112,53.0,auto,128
مرحله حذفی,2,111,41.0,auto,128
عهد می‌بندیم,2,113,53.0,auto,128
جوار محل شهادت,3,122,58.0,auto,128
مدیرکل هواشناسی استان,3,100,32.0,auto,127
زخم جنگ,2,121,28.0,auto,127
گروه تفسیر جنگ,3,585,48.0,auto,127
جشنواره تئاتر فجر,3,116,66.0,auto,127
آیت‌الله العظمی سیدعلی خامنه‌ای,4,115,71.0,auto,127
جولان اشغالی,2,112,39.0,auto,127
اقشار مختلف,2,593,53.0,auto,127
محور قدیم,2,103,29.0,auto,127
کریس مورفی,2,111,65.0,auto,126
شجره طیبه میناب,3,624,59.0,auto,126
رهبر فقید,2,112,29.0,auto,126
رسمیت شناختن,2,100,75.0,auto,126
مساعی جمیله,2,100,86.0,auto,126
حرم مطهر حضرت فاطمه معصومه,5,105,,added,126
شبکه یکپارچه,2,471,36.0,auto,125
شنیدن صدای,2,482,54.0,auto,125
حقوق عامه,2,110,88.0,auto,125
خرده‌روایت‌های مهر,2,123,100.0,auto,125
پرچم‌های سرخ,2,117,26.0,auto,125
رژیم کودک کش,3,119,33.0,auto,125
کودک کش,2,366,82.0,auto,125
مسجد الاقصی,2,103,44.0,auto,125
روابط‌عمومی سپاه,2,140,42.0,auto,124
خودروی حامل پیکر,3,132,55.0,auto,124
ارتش کودک کش,3,100,27.0,auto,124
جرالد فورد,2,105,66.0,auto,124
میثم مطیعی,2,102,92.0,auto,124
علی اکبری,2,101,44.0,auto,124
لس آنجلس,2,109,100.0,auto,124
خلف صالح,2,108,61.0,auto,123
جو بایدن,2,108,38.0,auto,123
شورای موقت رهبری,3,121,80.0,auto,123
عید فطر,2,244,52.0,auto,123
مکارم شیرازی,2,107,95.0,auto,123
شهید علیرضا تنگسیری,3,111,45.0,auto,123
وزارت امور,2,5469,27.0,auto,122
خرم آباد,2,104,80.0,auto,122
تونل توحید,2,101,40.0,auto,122
اسرای فلسطینی,2,101,50.0,auto,122
قرارگاه مشترک پدافند هوایی کشور,5,102,,added,122
بدلوا تبدیلا,2,102,97.0,auto,122
یادداشت تفاهم خاتمه جنگ,4,113,60.0,auto,122
سازمان هواپیمایی,2,417,34.0,auto,122
الله العزیز الحکیم,3,108,35.0,auto,121
شاهزاده سلطان,2,102,56.0,auto,121
لیگ ملت‌های والیبال,3,117,71.0,auto,121
سیدمجتبی خامنه‌ای,2,697,53.0,auto,121
هیئت‌رئیسه مجلس,2,103,48.0,auto,120
قدس الله نفسه الزکیه,4,102,93.0,auto,120
بندر فجیره,2,102,33.0,auto,120
سیدحسن خمینی,2,100,41.0,auto,120
المؤمنین رجال صدقوا,3,105,86.0,auto,120
جایگاه‌های سوخت,2,111,54.0,auto,119
محمد قمی,2,103,33.0,auto,119
فواد حسین,2,101,60.0,auto,119
جنبش مقاومت اسلامی فلسطین,4,100,50.0,auto,119
شهر فرودگاهی امام,3,102,75.0,auto,119
هیئت رئیسه مجلس,3,141,46.0,auto,118
حسن یزدانی,2,100,42.0,auto,118
مجید خادمی,2,146,40.0,auto,118
وزیر میراث‌فرهنگی,2,102,29.0,auto,116
دعای فرج,2,103,64.0,auto,116
نمایشگاه مجازی کتاب تهران,4,111,63.0,auto,116
پلیس راهور فراجا,3,206,32.0,auto,116
قرار دادیم,2,539,34.0,auto,115
دسته‌های عزاداری,2,101,69.0,auto,115
گروه هکری,2,263,85.0,auto,115
عید سعید قربان,3,112,26.0,auto,115
پیام نوروزی,2,108,26.0,auto,115
جان‌فدای ایران,2,102,74.0,auto,115
فمن اعتدی علیکم,3,104,54.0,auto,114
اصابت دقیق قرار,3,111,47.0,auto,114
معظم انقلاب,2,3882,59.0,auto,114
جوادی آملی,2,232,77.0,auto,113
علی فالح الزیدی,3,109,96.0,auto,113
ارتفاعات البرز مرکزی,3,104,42.0,auto,113
نیروهای شرکتی,2,104,49.0,auto,113
دولت سیزدهم,2,101,39.0,auto,113
سید عباس,2,2301,66.0,auto,113
اصابت پرتابه‌های دشمن آمریکایی,4,109,53.0,auto,113
بازتاب روزانه جنگ,3,112,90.0,auto,112
علی ابن موسی الرضآ,4,109,96.0,auto,112
گزارش سرویس بین‌الملل,3,112,67.0,auto,112
حسینیه اعظم زنجان,3,106,77.0,auto,112
بیمارستان گاندی,2,104,87.0,auto,111
کیفیت هوای,2,307,27.0,auto,111
برآوردهای جمعیتی,2,107,28.0,auto,111
قرارگاه حمزه سیدالشهدا,3,108,73.0,auto,111
بیمه بیکاری,2,100,31.0,auto,110
سالگرد ارتحال,2,178,59.0,auto,109
تاسوعای حسینی,2,109,93.0,auto,109
وزیر امنیت داخلی,3,217,39.0,auto,108
اصابت پرتابه‌های دشمن,3,205,71.0,auto,108
خیبر شکن,2,102,44.0,auto,106
علیرضا رمضانی,2,104,69.0,auto,105
شهدای خانواده امام شهید,4,103,92.0,auto,105
رواق کشوردوست,2,103,31.0,auto,104
حق ذاتی,2,229,60.0,auto,103
خدابخش مالمیر,2,100,100.0,auto,103
سید مجتبی,2,1872,68.0,auto,103
تکمیلی متعاقبا اعلام خواهد,4,106,34.0,auto,102
حضرت فاطمه معصومه,3,218,80.0,auto,101
فیلم فجر,2,700,40.0,auto,101
پیکر مطهر قائد شهید,4,102,92.0,auto,100
شبکه یکپارچه پدافند هوایی,4,303,95.0,auto,100
اعتدی علیکم,2,194,100.0,auto,100
امحای مهمات,2,107,63.0,auto,98
خاتم الانبیا,2,499,100.0,auto,96
فرمانده نیروی قدس سپاه,4,120,80.0,auto,96
دبیرکل سازمان,2,896,32.0,auto,96
ولیعهد عربستان,2,117,56.0,auto,95
خزانه‌داری آمریکا,2,586,76.0,auto,93
قاسم سلیمانی,2,536,33.0,auto,91
سید علی حسینی خامنه‌ای,4,114,97.0,auto,89
نیروهای مسلح جمهوری اسلامی,4,852,98.0,auto,88
عرض می‌نمایم,2,144,46.0,auto,88
تجارت دریایی انگلیس,3,265,54.0,auto,87
هیات رئیسه مجلس,3,143,47.0,auto,85
نماز جماعت,2,122,38.0,auto,84
حضرت عبدالعظیم,2,226,82.0,auto,83
سخنگوی قرارگاه,2,699,29.0,auto,82
روابط عمومی سپاه پاسداران,4,756,44.0,auto,82
دانشگاه شیکاگو,2,116,57.0,auto,81
المسلمین سید,2,156,31.0,auto,80
خامنه‌ای رضوان‌الله‌علیه,2,171,55.0,auto,80
نیروی هوافضای,2,591,42.0,auto,78
عضو سازمان همکاری,3,154,26.0,auto,77
احتمال شنیدن صدای,3,276,57.0,auto,76
پرتابه‌های دشمن,2,287,60.0,auto,76
نعیم قاسم,2,543,89.0,auto,75
فیلد مارشال,2,213,87.0,auto,74
وزارت خزانه‌داری,2,292,38.0,auto,74
دیوارنگاره میدان,2,111,50.0,auto,73
اتاق خبر,2,425,28.0,auto,72
اخبار تکمیلی متعاقبا,3,221,61.0,auto,72
اجتماعی ایکس,2,927,35.0,auto,68
پیکر مطهر امام مجاهد,4,116,32.0,auto,67
ارتش کودک‌کش,2,282,40.0,auto,67
حمله هوایی رژیم,3,463,25.0,auto,66
وزیر خزانه‌داری,2,289,37.0,auto,65
سربازان گمنام,2,889,80.0,auto,65
مجاهد شهید,2,529,39.0,auto,65
بستن تنگه,2,337,47.0,auto,64
جشنواره فیلم,2,646,28.0,auto,63
الله تعالی,2,456,45.0,auto,63
بازگشایی تنگه,2,927,34.0,auto,63
نمایشگاه مجازی کتاب,3,175,83.0,auto,63
سازمان عملیات تجارت دریایی,4,179,64.0,auto,60
اکس نوشت,2,149,60.0,auto,59
نیروهای حافظ,2,268,34.0,auto,59
متعاقبا اعلام,2,533,62.0,auto,59
انتخابات شوراهای,2,121,37.0,auto,58
حضرت آیت الله سید,4,343,38.0,auto,56
سازمان تعزیرات,2,126,43.0,auto,56
عملیات تجارت دریایی انگلیس,4,177,63.0,auto,55
گمنام امام زمان,3,877,67.0,auto,55
مجلس سنای,2,128,29.0,auto,54
رضوان الله,2,196,57.0,auto,54
بسم الله,2,1081,97.0,auto,53
احتمال شنیده‌شدن صدای,3,184,30.0,auto,53
ملی فوتبال,2,1943,27.0,auto,53
اصابت پرتابه‌های,2,258,54.0,auto,52
جوار محل,2,176,28.0,auto,51
کودک‌کش آمریکا,2,276,39.0,auto,51
محمد بن عبدالرحمن,3,182,43.0,auto,51
قرارگاه مرکزی,2,1250,52.0,auto,50
حضرت فاطمه,2,273,27.0,auto,49
هزار واحدی شاخص,3,173,29.0,auto,48
نوین پدافند پیشرفته سپاه,4,167,71.0,auto,45
باد شدید,2,995,39.0,auto,45
علی ابن,2,159,49.0,auto,45
انقلاب اسلامی حضرت آیت‌الله,4,113,45.0,auto,44
آستان قدس,2,341,41.0,auto,44
عملیات تجارت دریایی,3,281,58.0,auto,43
درگاه خداوند,2,276,42.0,auto,43
تعالی فرجه الشریف,3,254,92.0,auto,43
تبلیغات اسلامی,2,404,36.0,auto,43
دخترانه میناب,2,102,27.0,auto,41
قرارگاه مشترک پدافند هوایی,4,132,99.0,auto,41
مجمع تشخیص,2,470,38.0,auto,41
قرارگاه حمزه,2,148,62.0,auto,40
کیفری بین‌المللی,2,181,31.0,auto,40
امام مجاهد,2,501,37.0,auto,40
نهضت ملی,2,172,28.0,auto,39
بسیج مستضعفین,2,178,75.0,auto,38
بزرگداشت چهلم,2,174,30.0,auto,38
ماه مبارک,2,750,42.0,auto,37
توسط سامانه نوین پدافند,4,174,75.0,auto,37
خاتم الانبیاء,2,104,92.0,auto,37
درجه رفیع شهادت,3,223,82.0,auto,36
بن گوریون,2,182,100.0,auto,36
قرارگاه مرکزی خاتم,3,338,27.0,auto,35
ضاحیه جنوبی,2,233,31.0,auto,35
وال استریت,2,682,99.0,auto,35
عبدالعظیم حسنی,2,183,74.0,auto,34
عضو دفتر سیاسی,3,108,34.0,auto,34
رواق دارالذکر حرم,3,100,39.0,auto,32
پاسداران انقلاب,2,2782,52.0,auto,32
ایران نزد,2,214,33.0,auto,31
جبهه داخلی رژیم,3,156,30.0,auto,31
چهل‌وچهارمین جشنواره,2,148,97.0,auto,31
خزانه داری,2,143,63.0,auto,30
سایت ایرنا,2,1459,49.0,auto,30
عظیم‌الشان انقلاب,2,145,32.0,auto,29
دبیر شورای‌عالی,2,170,32.0,auto,28
شهر فرودگاهی,2,136,53.0,auto,28
سخنگوی قرارگاه مرکزی,3,617,49.0,auto,24
رفیع شهادت نائل,3,210,43.0,auto,24
وزیر امنیت داخلی رژیم,4,114,53.0,auto,24
علی ابن موسی,3,113,71.0,auto,23
نفسه الزکیه,2,130,96.0,auto,23
ملی فوتبال ایران,3,893,46.0,auto,23
تکمیلی متعاقبا,2,364,42.0,auto,23
نیروی قدس سپاه,3,150,82.0,auto,23
رئیس قوه,2,904,29.0,auto,22
سخنگوی قرارگاه مرکزی خاتم,4,219,35.0,auto,22
عبدالرحیم موسوی,2,168,97.0,auto,22
سامانه نوین پدافند,3,232,74.0,auto,22
مدرسه شجره,2,702,62.0,auto,21
تکمیلی متعاقبا اعلام,3,275,52.0,auto,21
رجال صدقوا,2,122,100.0,auto,20
عجل الله,2,233,95.0,auto,20
اردوی تیم,2,138,32.0,auto,20
کشورهای حاشیه خلیج,3,353,67.0,auto,20
توپخانه‌ای رژیم,2,202,29.0,auto,19
مطهر رضوی,2,827,29.0,auto,19
مراسم یادبود شهدای خانواده,4,102,79.0,auto,19
تولیت آستان,2,157,66.0,auto,19
کنترل شبکه یکپارچه,3,249,53.0,auto,15
یکپارچه پدافند,2,339,26.0,auto,15
وزرای امور,2,1213,44.0,auto,14
مجتبی حسینی خامنه‌ای,3,503,33.0,auto,14
رفیع شهادت,2,272,65.0,auto,14
بن فرحان,2,171,81.0,auto,14
الله سید مجتبی خامنه‌ای,4,428,34.0,auto,13
شیخ نعیم,2,477,78.0,auto,13
کمیسیون امنیت,2,1013,31.0,auto,13
العزیز الحکیم,2,312,98.0,auto,13
هماهنگی تبلیغات اسلامی,3,232,57.0,auto,12
حضرت اباعبدالله,2,245,49.0,auto,12
سالگرد پیروزی انقلاب,3,262,37.0,auto,12
عجل الله تعالی فرجه,4,212,91.0,auto,12
سنجش آموزش,2,284,32.0,auto,12
کشورهای حوزه خلیج,3,172,56.0,auto,12
مجمع تشخیص مصلحت,3,422,90.0,auto,12
حضرت آیت,2,839,32.0,auto,11
قرارگاه مرکزی حضرت,3,372,30.0,auto,11
ایرنا بخوانید,2,1442,50.0,auto,11
توسط سامانه نوین,3,181,72.0,auto,11
هفتمین سالگرد پیروزی,3,112,40.0,auto,11
زنده اتاق خبر,3,173,41.0,auto,11
مصلحت نظام,2,416,57.0,auto,10
بن عبدالرحمن,2,194,82.0,auto,10
مهمونی کیلومتری,2,240,77.0,auto,10
آیت‌الله سیدمجتبی,2,965,73.0,auto,9
نوین پدافند پیشرفته,3,236,75.0,auto,9
هفتمین سالگرد پیروزی انقلاب,4,101,39.0,auto,9
مراسم یادبود شهدای,3,108,42.0,auto,9
تلویزیون اینترنتی ایرنا,3,264,99.0,auto,9
رئیس دولت تروریستی,3,272,60.0,auto,9
شبکه یکپارچه پدافند,3,320,68.0,auto,9
یادبود شهدای خانواده,3,129,27.0,auto,9
مصلای امام,2,338,37.0,auto,9
دامنه‌های جنوبی,2,151,46.0,auto,9
فیض شهادت,2,154,42.0,auto,9
مبارک رمضان,2,728,41.0,auto,9
دارالذکر حرم,2,110,35.0,auto,8
امنیت داخلی رژیم,3,159,28.0,auto,8
شهید دکتر علی,3,144,41.0,auto,8
عضو مجمع تشخیص,3,150,32.0,auto,8
بسم الله الرحمن,3,854,79.0,auto,8
شورای هماهنگی تبلیغات,3,228,55.0,auto,8
سخنگوی وزارت امور,3,2942,51.0,auto,7
سازمان سنجش آموزش,3,269,50.0,auto,7
حسینیه امام,2,196,25.0,auto,7
حضرت خاتم‌الانبیا,2,220,27.0,auto,7
روز ملی خلیج,3,145,38.0,auto,7
سعید فطر,2,191,40.0,auto,7
سپاه پاسداران انقلاب,3,2719,54.0,auto,7
سبیل الله,2,135,96.0,auto,7
تلویزیون اینترنتی,2,264,28.0,auto,7
تعالی فرجه,2,276,95.0,auto,6
کنترل شبکه یکپارچه پدافند,4,236,74.0,auto,6
فرجه الشریف,2,259,89.0,auto,6
مدیرکل آژانس بین‌المللی انرژی,4,332,29.0,auto,6
احتمال شنیدن,2,282,32.0,auto,6
فاطمه معصومه,2,232,25.0,auto,6
عند الله,2,111,53.0,auto,6
ایران نزد سازمان,3,168,79.0,auto,6
فالح الزیدی,2,114,74.0,auto,6
آیت‌الله العظمی شهید سیدعلی,4,119,51.0,auto,6
منشور ملل,2,478,45.0,auto,5
سید مجتبی حسینی,3,499,27.0,auto,5
علی فالح,2,114,74.0,auto,5
الله تعالی فرجه,3,234,51.0,auto,5
عضو مجمع تشخیص مصلحت,4,140,33.0,auto,5
محمد خاتمی,2,227,37.0,auto,5
ارتحال امام,2,106,35.0,auto,5
قاصم الجبارین,2,151,100.0,auto,5
واحدی شاخص بورس,3,117,53.0,auto,4
طیبه میناب,2,628,53.0,auto,4
منشور سازمان,2,422,40.0,auto,4
قدس الله نفسه,3,110,85.0,auto,4
سعید قربان,2,115,28.0,auto,4
احتمال شنیده‌شدن,2,188,27.0,auto,4
حسن نصرالله,2,198,46.0,auto,4
آژانس بین‌المللی,2,1146,49.0,auto,4
فی سبیل,2,132,94.0,auto,4
مطهر حضرت فاطمه معصومه,4,108,50.0,auto,4
العظمی شهید سیدعلی,3,123,45.0,auto,4
پدافند پیشرفته سپاه,3,171,66.0,auto,4
رئیس مجلس شورای,3,841,33.0,auto,4
بین‌المللی انرژی اتمی,3,937,68.0,auto,4
آیت‌الله سید مجتبی,3,852,46.0,auto,4
کنفدراسیون فوتبال,2,146,82.0,auto,3
نزد سازمان,2,180,27.0,auto,3
هکری حنظله,2,163,52.0,auto,3
حمزه سیدالشهدا,2,111,47.0,auto,3
آیت‌الله جوادی,2,111,37.0,auto,3
عضو کمیسیون امنیت,3,293,29.0,auto,3
مسئول سیاست خارجی اتحادیه,4,209,83.0,auto,3
همکاری شانگهای,2,410,55.0,auto,3
نظام مقدس جمهوری,3,348,79.0,auto,3
حضرت آیت‌الله سید مجتبی,4,382,45.0,auto,3
آیت‌الله سید مجتبی حسینی,4,216,25.0,auto,3
مدیرکل آژانس بین‌المللی,3,335,29.0,auto,3
سنجش آموزش کشور,3,266,92.0,auto,3
شهید حاج قاسم,3,228,28.0,auto,3
عند الله العزیز,3,106,95.0,auto,3
عبدالرحمن آل ثانی,3,133,42.0,auto,2
مجاهد شهید حضرت,3,138,26.0,auto,2
اینترنتی ایرنا,2,266,28.0,auto,2
درجه رفیع,2,225,54.0,auto,2
یکپارچه پدافند هوایی کشور,4,269,62.0,auto,2
امدادگران هلال,2,128,30.0,auto,2
تشخیص مصلحت,2,426,59.0,auto,2
داری آمریکا,2,113,26.0,auto,2
ابن موسی,2,114,35.0,auto,2
راهپیمایی روز جهانی,3,180,32.0,auto,2
سربازان گمنام امام,3,824,93.0,auto,2
گمنام امام,2,882,79.0,auto,2
کیم جونگ,2,149,91.0,auto,2
طیب اردوغان,2,175,88.0,auto,2
ملی والیبال,2,384,42.0,auto,2
تشخیص مصلحت نظام,3,407,96.0,auto,2
آیت‌الله سیدمجتبی حسینی,3,380,39.0,auto,2
عجل الله تعالی,3,213,47.0,auto,1
شورای همکاری خلیج,3,244,82.0,auto,1
جی دی,2,224,45.0,auto,1
قرارگاه مشترک پدافند,3,133,92.0,auto,1
مقدس جمکران,2,308,46.0,auto,1
عندالله العزیز,2,167,98.0,auto,1
شورای‌عالی امنیت,2,353,66.0,auto,1
شورای امنیت سازمان,3,694,28.0,auto,1
الله علیها,2,114,80.0,auto,1
سیدمجتبی حسینی,2,561,42.0,auto,1
مرکزی خاتم الانبیا,3,289,58.0,auto,1
فیلد مارشال عاصم,3,140,66.0,auto,0
مرکزی حضرت خاتم‌الانبیا,3,213,57.0,auto,0
الله سید مجتبی حسینی,4,182,29.0,auto,0
بن عبدالرحمن آل,3,131,68.0,auto,0
ملی والیبال ایران,3,128,33.0,auto,0
سازمان حفاظت محیط,3,218,47.0,auto,0
مارشال عاصم,2,141,58.0,auto,0
دبیر شورای‌عالی امنیت,3,139,39.0,auto,0
برنامه‌های تلویزیون اینترنتی,3,255,97.0,auto,0
محمد بن عبدالرحمن آل,4,129,71.0,auto,0
ستادکل نیروهای,2,220,92.0,auto,0
ابن موسی الرضآ,3,109,96.0,auto,0
گروه تفسیر جنگ خبرگزاری,4,458,78.0,auto,0
موسی الرضآ,2,109,100.0,auto,0
الرضآ المرتضی,2,108,99.0,auto,0
ابن موسی الرضآ المرتضی,4,108,99.0,auto,0
موسی الرضآ المرتضی,3,108,99.0,auto,0
حفاظت محیط,2,468,25.0,auto,0
فرودگاهی امام,2,102,39.0,auto,0
المؤمنین رجال,2,105,64.0,auto,0
اسلامی به‌مناسبت,2,138,27.0,auto,0
طبیعی مایع,2,133,26.0,auto,0
عبدالرحمن آل,2,133,56.0,auto,0
زنده رویدادهای,2,242,39.0,auto,0
مرکزی حضرت خاتم,3,132,35.0,auto,0
یادبود شهدای خانواده امام,4,101,78.0,auto,0
نماینده دائم جمهوری,3,120,26.0,auto,0
مرکزی خاتم,2,339,46.0,auto,0
رئیسه مجلس,2,307,51.0,auto,0
ذاتی دفاع,2,128,34.0,auto,0
حضرت آیت‌الله سیدمجتبی حسینی,4,319,51.0,auto,0
جمعیت هلال,2,398,32.0,auto,0
جونگ اون,2,147,90.0,auto,0
الله قاصم,2,147,97.0,auto,0
رجب طیب,2,174,88.0,auto,0
اسلامی ایران نزد سازمان,4,116,69.0,auto,0
الله الرحمن,2,854,80.0,auto,0
الله الرحمن الرحیم,3,846,81.0,auto,0
سازمان عملیات تجارت,3,179,64.0,auto,0
الله قاصم الجبارین,3,147,97.0,auto,0
گروه تفسیر,2,585,39.0,auto,0
استریت ژورنال,2,647,93.0,auto,0
تداوم نقض آتش,3,165,39.0,auto,0
بسم‌الله الرحمن,2,169,83.0,auto,0
سخنگوی ارشد نیروهای,3,156,80.0,auto,0
یادداشت‌های تهران,2,154,62.0,auto,0
مرکزی خاتم‌الانبیا,2,449,55.0,auto,0
الله سید مجتبی,3,624,33.0,auto,0
صفحات تهران,2,152,33.0,auto,0
سید عبدالرحیم,2,150,86.0,auto,0
مجازی کتاب تهران,3,111,52.0,auto,0
الله العزیز,2,111,35.0,auto,0
فیصل بن,2,154,72.0,auto,0
الله نفسه,2,110,72.0,auto,0
الله نفسه الزکیه,3,102,78.0,auto,0
تفسیر جنگ خبرگزاری,3,474,39.0,auto,0
جنگ خبرگزاری تسنیم,3,474,47.0,auto,0
فمن اعتدی,2,104,92.0,auto,0
